system_size_kw,tilt,azimuth,losses,tilt_deviation,azimuth_deviation,latitude,solrad_annual,ac_annual,city,region,effective_irradiance,azimuth_cos_factor,combined_orientation_factor,loss_adjusted_capacity,theoretical_max_kwh,capacity_factor,latitude_tilt_ratio,north_distance,solrad_per_lat_degree,size_x_solrad,size_x_orientation
12.06,35.1,321.7,15.3,11.450000000000005,-38.30000000000001,-23.65,6.260674307900832,19818.9,Antofagasta,Antofagasta,6.136076326257986,0.7847763705330828,0.7691579966965741,10.21482,23342.356313848522,0.1875979690588155,1.4841437632135308,38.30000000000001,0.26472195805077514,75.50373215328403,9.276045440160685
7.71,24.4,5.7,18.8,0.75,5.699999999999989,-23.65,6.260674307900832,13086.5,Antofagasta,Antofagasta,6.260137940744522,0.9950555699612263,0.9949703211365499,6.2605200000000005,14306.203002106251,0.19376040130530828,1.0317124735729386,5.7,0.26472195805077514,48.269798913915416,7.6712211759628
13.16,28.3,18.4,17.6,4.650000000000002,18.40000000000001,-23.65,6.260674307900832,22354.7,Antofagasta,Antofagasta,6.240067374518547,0.9488760116444965,0.9457527977863135,10.84384,24779.758927750383,0.1939138596272085,1.1966173361522199,18.4,0.26472195805077514,82.39047389197495,12.446106818867886
11.07,23.2,9.4,17.1,-0.4499999999999993,9.400000000000006,-23.65,6.260674307900832,19158.9,Antofagasta,Antofagasta,6.260481213959971,0.9865721616069694,0.9865417333979205,9.17703,20970.854519499837,0.19756901906918614,0.9809725158562368,9.4,0.26472195805077514,69.30566458846221,10.92101698871498
3.22,22.3,15.8,11.8,-1.349999999999998,15.800000000000011,-23.65,6.260674307900832,5903.1,Antofagasta,Antofagasta,6.2589365338980185,0.9622179935292853,0.9619509108905854,2.84004,6489.906393414897,0.20927635497319835,0.9429175475687105,15.8,0.26472195805077514,20.15937127144068,3.097481933067685
14.68,17.4,324.9,13.6,-6.25,-35.10000000000002,-23.65,6.260674307900832,25197.9,Antofagasta,Antofagasta,6.2234629773144565,0.8181497174250232,0.8132869122211441,12.68352,28983.69654617742,0.19594500018662986,0.7357293868921776,35.10000000000002,0.26472195805077514,91.90669883998422,11.939051871406395
11.89,27.1,8.3,14.8,3.450000000000003,8.300000000000011,-23.65,6.260674307900832,21142.8,Antofagasta,Antofagasta,6.2493280456211915,0.9895257890689694,0.987732464806585,10.13028,23149.1700606622,0.2029908867818012,1.145877378435518,8.3,0.26472195805077514,74.43941752094089,11.744139006550297
12.22,16.8,352.4,11.5,-6.849999999999998,-7.600000000000023,-23.65,6.260674307900832,22453.1,Antofagasta,Antofagasta,6.215984381787201,0.9912155402515417,0.9841400485268529,10.8147,24713.169769744123,0.20974953104798627,0.7103594080338267,7.600000000000023,0.26472195805077514,76.50544004254817,12.026191392998143
3.67,29.0,347.9,12.7,5.350000000000001,-12.100000000000025,-23.65,6.260674307900832,6635.7,Antofagasta,Antofagasta,6.2334009981931615,0.9777832367586061,0.9735237299177165,3.20391,7321.4025129666925,0.2064032697547684,1.226215644820296,12.100000000000023,0.26472195805077514,22.976674709996054,3.5728320887980196
7.86,32.3,21.8,13.1,8.649999999999999,21.80000000000001,-23.65,6.260674307900832,13885.7,Antofagasta,Antofagasta,6.189462332899484,0.9284858268809135,0.917924774470072,6.8303400000000005,15608.32496556299,0.20166991994608852,1.3657505285412261,21.8,0.26472195805077514,49.20890006010054,7.214888727334767
6.82,26.6,37.0,11.3,2.950000000000003,37.0,-23.65,6.260674307900832,12008.2,Antofagasta,Antofagasta,6.252377826566446,0.7986355100472928,0.7975771792228122,6.04934,13823.625843981239,0.2009969335422274,1.1247357293868923,37.0,0.26472195805077514,42.697798779883676,5.43947636229958
14.05,21.4,44.9,15.5,-2.25,44.900000000000006,-23.65,6.260674307900832,22969.3,Antofagasta,Antofagasta,6.255847554900803,0.7083398377245288,0.707793733380391,11.872250000000001,27129.826051471115,0.18662392954061652,0.904862579281184,44.9,0.26472195805077514,87.96247402600669,9.944501953994493
10.37,27.3,32.9,17.1,3.650000000000002,32.900000000000006,-23.65,6.260674307900832,17251.0,Antofagasta,Antofagasta,6.247974864071729,0.8396198645344132,0.8379167404325896,8.596729999999999,19644.784224680516,0.18990281942554701,1.1543340380549685,32.9,0.26472195805077514,64.92319257293163,8.689196598285953
12.7,21.2,357.3,10.7,-2.4499999999999993,-2.7000000000000455,-23.65,6.260674307900832,23724.2,Antofagasta,Antofagasta,6.254951464733141,0.9988898749619699,0.9979767959843608,11.341099999999999,25916.070688566953,0.21324740229389136,0.8964059196617337,2.6999999999999886,0.26472195805077514,79.51056371034056,12.674305309001381
7.76,31.1,8.8,14.8,7.450000000000003,8.800000000000011,-23.65,6.260674307900832,13699.0,Antofagasta,Antofagasta,6.207824133524705,0.9882283814465528,0.9798861423019646,6.61152,15108.289291062963,0.20152226615826394,1.3150105708245245,8.8,0.26472195805077514,48.58283262931045,7.603916464263245
4.95,9.0,19.2,17.8,-14.65,19.19999999999999,-23.65,6.260674307900832,8136.9,Antofagasta,Antofagasta,6.057132461295635,0.9443763702374811,0.9136735895408599,4.0689,9298.031057367458,0.18765047737650475,0.3805496828752643,19.2,0.26472195805077514,30.99033782410912,4.522684268227256
9.21,21.0,3.0,17.5,-2.6499999999999986,3.0,-23.65,6.260674307900832,15899.1,Antofagasta,Antofagasta,6.253979159955824,0.9986295347545738,0.9975616030672476,7.59825,17363.111524402735,0.19706468549670547,0.8879492600422834,3.0,0.26472195805077514,57.660810375766665,9.187542364249351
2.83,7.7,3.3,18.2,-15.95,3.3000000000000114,-23.65,6.260674307900832,4664.1,Antofagasta,Antofagasta,6.019650047348618,0.9983418166140283,0.9599075224319963,2.3149400000000004,5289.9761645511635,0.18813834164286752,0.32558139534883723,3.3,0.26472195805077514,17.717708291359354,2.7165382884825497
12.76,11.7,20.6,14.5,-11.95,20.59999999999999,-23.65,6.260674307900832,22003.8,Antofagasta,Antofagasta,6.124997140388783,0.9360595357389734,0.9157738763697528,10.909799999999999,24930.48716598282,0.1968533945978443,0.49471458773784355,20.6,0.26472195805077514,79.88620416881461,11.685274662478045
10.21,34.6,358.5,18.2,10.950000000000005,-1.5,-23.65,6.260674307900832,17181.5,Antofagasta,Antofagasta,6.146688226158159,0.9996573249755573,0.9814568858606321,8.351780000000002,19085.037682002607,0.1921017088627409,1.463002114164905,1.5,0.26472195805077514,63.9214846836675,10.020674804637054
11.86,30.8,341.8,12.4,7.150000000000002,-18.200000000000045,-23.65,6.260674307900832,21313.5,Antofagasta,Antofagasta,6.211989410069773,0.9499720515246523,0.942584781400654,10.38936,23741.20571804939,0.2051473815518954,1.302325581395349,18.19999999999999,0.26472195805077514,74.25159729170386,11.179055507411757
6.61,17.9,349.6,13.6,-5.75,-10.399999999999975,-23.65,6.260674307900832,11853.0,Antofagasta,Antofagasta,6.229173839383643,0.983571470813386,0.9786226489090646,5.711040000000001,13050.560910778799,0.20470229830269618,0.7568710359408034,10.399999999999977,0.26472195805077514,41.3830571752245,6.468695709288917
14.62,11.6,15.8,11.8,-12.05,15.800000000000011,-23.65,6.260674307900832,26180.3,Antofagasta,Antofagasta,6.122725302520681,0.9622179935292853,0.9410162812794183,12.894839999999999,29466.593624759564,0.2044198851888637,0.4904862579281184,15.8,0.26472195805077514,91.53105838151015,13.757658032305095
13.61,0.0,0.1,14.7,-23.65,0.0999999999999943,-23.65,6.260674307900832,22287.3,Antofagasta,Antofagasta,5.734859118929861,0.9999984769132877,0.9160116150755336,11.60933,26529.01543297396,0.18693698227532132,0.0,0.1,0.26472195805077514,85.20777733053032,12.466918081178012
12.12,19.3,8.5,13.9,-4.349999999999998,8.5,-23.65,6.260674307900832,21732.9,Antofagasta,Antofagasta,6.242639324605827,0.9890158633619168,0.9861668276675161,10.435319999999999,23846.231033834152,0.20469675392196757,0.8160676532769556,8.5,0.26472195805077514,75.87937261175807,11.952341951330293
4.53,43.0,16.8,12.4,19.35,16.80000000000001,-23.65,6.260674307900832,7759.6,Antofagasta,Antofagasta,5.907022364523227,0.9573194975320672,0.9032425907828637,3.96828,9068.0996545332,0.1955406372534196,1.8181818181818183,16.8,0.26472195805077514,28.36085461479077,4.091688936246373
8.07,27.1,350.6,17.5,3.450000000000003,-9.399999999999975,-23.65,6.260674307900832,13868.8,Antofagasta,Antofagasta,6.2493280456211915,0.9865721616069695,0.9847841902235583,6.65775,15213.931596300768,0.1961829426309744,1.145877378435518,9.399999999999977,0.26472195805077514,50.523641664759715,7.947208415104116
2.57,19.2,18.9,13.1,-4.449999999999999,18.90000000000001,-23.65,6.260674307900832,4598.4,Antofagasta,Antofagasta,6.241801020647944,0.9460853588275453,0.943233311290051,2.23333,5103.48538950342,0.20425350461062844,0.8118393234672304,18.9,0.26472195805077514,16.089932971305135,2.4241096100154307
4.01,27.4,9.5,12.7,3.75,9.5,-23.65,6.260674307900832,7283.8,Antofagasta,Antofagasta,6.247269723629513,0.9862856015372314,0.9841738883556801,3.50073,7999.679585012653,0.20735262300868834,1.1585623678646935,9.5,0.26472195805077514,25.105303974682336,3.946537292306277
10.88,11.2,329.1,11.3,-12.45,-30.899999999999977,-23.65,6.260674307900832,19025.9,Antofagasta,Antofagasta,6.113451512273449,0.8580649057236448,0.8378870929134559,9.65056,22052.93976283224,0.19962374932849852,0.47357293868921774,30.899999999999977,0.26472195805077514,68.11613646996105,9.1162115708984
11.68,21.3,36.1,14.4,-2.349999999999998,36.099999999999994,-23.65,6.260674307900832,19907.2,Antofagasta,Antofagasta,6.2554090373473565,0.8079898838980306,0.8073103587967447,9.99808,22847.073743283057,0.19456433352098582,0.9006342494714589,36.1,0.26472195805077514,73.12467591628172,9.429384990745978
14.58,24.4,347.5,13.0,0.75,-12.5,-23.65,6.260674307900832,26401.1,Antofagasta,Antofagasta,6.260137940744522,0.9762960071199334,0.9762123654725161,12.6846,28986.164503989596,0.20670947880063387,1.0317124735729386,12.5,0.26472195805077514,91.28063140919413,14.233176288589284
6.24,23.0,318.6,13.7,-0.6499999999999986,-41.39999999999998,-23.65,6.260674307900832,10547.6,Antofagasta,Antofagasta,6.260271435138335,0.7501110696304598,0.7500628001783306,5.38512,12305.786086571467,0.19295896265074347,0.9725158562367865,41.39999999999998,0.26472195805077514,39.06660768130119,4.680391873112783
6.82,30.0,333.9,12.4,6.350000000000001,-26.100000000000023,-23.65,6.260674307900832,12116.9,Antofagasta,Antofagasta,6.222263917452136,0.8980275757606154,0.8925180111159364,5.9743200000000005,13652.194181880008,0.20281638747171224,1.2684989429175477,26.100000000000023,0.26472195805077514,42.697798779883676,6.086972835810687
8.1,26.4,334.5,17.6,2.75,-25.5,-23.65,6.260674307900832,13624.0,Antofagasta,Antofagasta,6.253464430754531,0.9025852843498606,0.9015458549379187,6.6743999999999994,15251.979279238456,0.192006313771915,1.1162790697674418,25.5,0.26472195805077514,50.711461893996734,7.302521424997141
4.46,29.0,1.3,19.3,5.350000000000001,1.3000000000000114,-23.65,6.260674307900832,7512.6,Antofagasta,Antofagasta,6.2334009981931615,0.9997426093226983,0.9953874410978312,3.59922,8224.743626606234,0.19228760980404203,1.226215644820296,1.3,0.26472195805077514,27.92260741323771,4.439427987296327
3.69,18.1,353.2,15.0,-5.549999999999997,-6.7999999999999545,-23.65,6.260674307900832,6529.0,Antofagasta,Antofagasta,6.23132538215505,0.992965508106537,0.9883106627125251,3.1365,7167.360812856799,0.20198364084097464,0.7653276955602538,6.800000000000011,0.26472195805077514,23.101888196154068,3.6468663454092174
8.18,30.8,351.6,16.4,7.150000000000002,-8.399999999999977,-23.65,6.260674307900832,14178.5,Antofagasta,Antofagasta,6.211989410069773,0.9892723329629883,0.9815794519586825,6.838480000000001,15626.926054999196,0.1978667760770785,1.302325581395349,8.399999999999977,0.26472195805077514,51.212315838628804,8.029319917022022
4.95,36.7,15.5,18.7,13.050000000000004,15.5,-23.65,6.260674307900832,8141.8,Antofagasta,Antofagasta,6.0989822952428705,0.963630453208623,0.9387431423895352,4.02435,9196.22779761526,0.18776347954430148,1.5517970401691334,15.5,0.26472195805077514,30.99033782410912,4.646778554828199
10.71,15.9,8.5,20.0,-7.749999999999998,8.5,-23.65,6.260674307900832,17736.0,Antofagasta,Antofagasta,6.203488666345155,0.9890158633619168,0.9799820909799678,8.568000000000001,19579.131976584435,0.18904365399127687,0.6723044397463003,8.5,0.26472195805077514,67.05182183761791,10.495608194395455
7.68,16.5,7.9,16.1,-7.149999999999999,7.900000000000006,-23.65,6.260674307900832,13363.9,Antofagasta,Antofagasta,6.211989410069773,0.9905094632383088,0.9828069619346397,6.4435199999999995,14724.384742502485,0.19864054176179602,0.6976744186046512,7.9,0.26472195805077514,48.08197868467839,7.5479574676580325
12.82,34.3,10.2,18.9,10.65,10.199999999999989,-23.65,6.260674307900832,21328.0,Antofagasta,Antofagasta,6.152830731165802,0.984195607969242,0.9672422944201943,10.397020000000001,23758.709937346855,0.1899144458929042,1.4503171247357294,10.2,0.26472195805077514,80.26184462728867,12.40004621446689
11.1,22.1,15.4,19.1,-1.5499999999999972,15.400000000000006,-23.65,6.260674307900832,18646.3,Antofagasta,Antofagasta,6.258383531180796,0.9640954042341101,0.9637426423430905,8.979899999999999,20520.383664394314,0.1917633386811469,0.9344608879492602,15.4,0.26472195805077514,69.49348481769923,10.697543330008305
6.06,34.9,307.3,17.9,11.25,-52.69999999999999,-23.65,6.260674307900832,9161.3,Antofagasta,Antofagasta,6.140377206587818,0.6059884002657112,0.5943445030757106,4.97526,11369.196096851241,0.1725759904757599,1.4756871035940804,52.69999999999999,0.26472195805077514,37.939686305879036,3.6017276886388063
12.82,20.1,350.9,14.6,-3.549999999999997,-9.100000000000025,-23.65,6.260674307900832,22817.9,Antofagasta,Antofagasta,6.248660972098956,0.9874138067509114,0.9855191013162369,10.94828,25018.419588772154,0.20318120944015844,0.849894291754757,9.100000000000023,0.26472195805077514,80.26184462728867,12.634354878874158
12.46,35.3,305.5,10.8,11.65,-54.5,-23.65,6.260674307900832,20275.5,Antofagasta,Antofagasta,6.1317006797745455,0.5807029557109398,0.5687401281658011,11.114320000000001,25397.84525093276,0.1857588117592735,1.492600422832981,54.5,0.26472195805077514,78.00800187644437,7.0865019969458825
7.04,24.7,0.9,10.2,1.0500000000000007,0.9000000000000057,-23.65,6.260674307900832,13243.3,Antofagasta,Antofagasta,6.259623042685141,0.9998766324816606,0.9997087375438288,6.32192,14446.510974020617,0.21474321554586964,1.0443974630021142,0.9,0.26472195805077514,44.075147127621854,7.037949512308555
5.75,25.7,359.9,14.8,2.0500000000000007,-0.1000000000000227,-23.65,6.260674307900832,10257.4,Antofagasta,Antofagasta,6.256667419540234,0.9999984769132877,0.9993584688150062,4.899,11194.930853558255,0.20364105618423664,1.0866807610993658,0.10000000000002274,0.26472195805077514,35.99887727042978,5.746311195686286
10.87,36.2,26.1,14.9,12.550000000000004,26.09999999999999,-23.65,6.260674307900832,18424.4,Antofagasta,Antofagasta,6.111086490329912,0.8980275757606156,0.8765707839567347,9.250369999999998,21138.44713611546,0.1934905252191739,1.5306553911205076,26.1,0.26472195805077514,68.05352972688203,9.528324421609705
3.82,20.8,29.7,14.1,-2.849999999999998,29.69999999999999,-23.65,6.260674307900832,6633.3,Antofagasta,Antofagasta,6.252930652416078,0.8686315144381913,0.8675571280605897,3.28138,7498.432783067766,0.19822670874273832,0.8794926004228331,29.7,0.26472195805077514,23.915775856181178,3.3140682291914527
4.6,16.1,5.1,15.7,-7.549999999999997,5.099999999999994,-23.65,6.260674307900832,8046.1,Antofagasta,Antofagasta,6.20639788209508,0.9960410654107696,0.9874059653676281,3.8777999999999997,8861.339633379912,0.19967490569783602,0.6807610993657506,5.1,0.26472195805077514,28.799101816343825,4.542067440691089
2.1,20.1,347.5,15.5,-3.549999999999997,-12.5,-23.65,6.260674307900832,3679.9,Antofagasta,Antofagasta,6.248660972098956,0.9762960071199334,0.9744226351477225,1.7745,4054.991794170059,0.20003805175038053,0.849894291754757,12.5,0.26472195805077514,13.147416046591747,2.0462875338102173
12.23,27.3,12.1,18.4,3.650000000000002,12.099999999999994,-23.65,6.260674307900832,20758.5,Antofagasta,Antofagasta,6.247974864071729,0.9777832367586062,0.9757998556271866,9.979680000000002,22805.027054631202,0.1937605707949238,1.1543340380549685,12.1,0.26472195805077514,76.56804678562717,11.934032234320492
10.64,11.1,346.8,11.1,-12.55,-13.200000000000044,-23.65,6.260674307900832,19225.9,Antofagasta,Antofagasta,6.111086490329912,0.9735789028731601,0.9503169447914088,9.458960000000001,21615.105765783504,0.20627231606413293,0.4693446088794926,13.199999999999989,0.26472195805077514,66.61357463606485,10.11137229258059
11.17,28.7,360.0,12.3,5.050000000000001,0.0,-23.65,6.260674307900832,20448.4,Antofagasta,Antofagasta,6.236372004554982,1.0,0.9961182610449516,9.79609,22385.497078022752,0.20897871418468422,1.2135306553911205,0.0,0.26472195805077514,69.9317320192523,11.126640975872109
12.15,19.3,24.7,17.9,-4.349999999999998,24.69999999999999,-23.65,6.260674307900832,20350.9,Antofagasta,Antofagasta,6.242639324605827,0.9085081775267219,0.9058910585073867,9.97515,22794.6753426968,0.1912067572392281,0.8160676532769556,24.7,0.26472195805077514,76.0671928409951,11.006576360864749
7.97,32.8,346.1,18.5,9.15,-13.899999999999975,-23.65,6.260674307900832,13331.7,Antofagasta,Antofagasta,6.1810098057197385,0.9707164815781909,0.9583645141285636,6.49555,14843.280895250115,0.19095151338065694,1.386892177589852,13.899999999999977,0.26472195805077514,49.89757423396963,7.638165177604652
9.39,4.5,20.1,19.9,-19.15,20.09999999999999,-23.65,6.260674307900832,14653.1,Antofagasta,Antofagasta,5.91422737934968,0.9390942520947092,0.8871275943103116,7.521390000000001,17187.47519343632,0.17813933019193642,0.19027484143763215,20.1,0.26472195805077514,58.787731751188815,8.330128110573826
3.82,17.4,16.9,18.7,-6.25,16.900000000000006,-23.65,6.260674307900832,6390.2,Antofagasta,Antofagasta,6.2234629773144565,0.9568135840576074,0.9511266077296788,3.10566,7096.886906442483,0.19096201200124316,0.7357293868921776,16.9,0.26472195805077514,23.915775856181178,3.633303641527373
3.49,10.2,336.1,18.9,-13.45,-23.899999999999977,-23.65,6.260674307900832,5639.9,Antofagasta,Antofagasta,6.088964481735939,0.9142539552342639,0.8891789585161424,2.8303900000000004,6467.854733333895,0.18447684839920972,0.4312896405919662,23.899999999999977,0.26472195805077514,21.849753334573904,3.103234565221337
10.69,17.0,24.3,13.1,-6.649999999999999,24.30000000000001,-23.65,6.260674307900832,18887.6,Antofagasta,Antofagasta,6.218553028194111,0.9114032766354452,0.905271433569861,9.28961,21228.116269957805,0.2016949224940306,0.718816067653277,24.3,0.26472195805077514,66.92660835145989,9.677351624861814
8.12,25.6,17.5,14.0,1.9500000000000028,17.5,-23.65,6.260674307900832,14457.0,Antofagasta,Antofagasta,6.257048764128768,0.9537169507482269,0.9531646551996895,6.983199999999999,15957.632401830575,0.20324414602874688,1.0824524312896406,17.5,0.26472195805077514,50.83667538015475,7.739697000221478
9.35,22.2,2.5,12.7,-1.4499999999999993,2.5,-23.65,6.260674307900832,17091.9,Antofagasta,Antofagasta,6.258669565035858,0.9990482215818578,0.9987283143808949,8.16255,18652.619481263915,0.2086770199985349,0.9386892177589852,2.5,0.26472195805077514,58.53730477887277,9.338109739461368
11.94,21.6,340.9,16.1,-2.049999999999997,-19.100000000000023,-23.65,6.260674307900832,20703.1,Antofagasta,Antofagasta,6.256667419540234,0.9449489121575307,0.9443441362801616,10.01766,22891.816904359333,0.19793698324193265,0.9133192389006344,19.100000000000023,0.26472195805077514,74.75245123633593,11.275468987185128
10.25,22.4,338.5,19.4,-1.25,-21.5,-23.65,6.260674307900832,17005.9,Antofagasta,Antofagasta,6.259184436954043,0.9304175679820246,0.930196153796468,8.2615,18878.73469007379,0.18939636930615883,0.9471458773784355,21.5,0.26472195805077514,64.17191165598352,9.534510576413798
9.2,25.3,346.6,13.4,1.650000000000002,-13.399999999999975,-23.65,6.260674307900832,16555.5,Antofagasta,Antofagasta,6.2580784332041395,0.9727758782093967,0.9723725343899282,7.967199999999999,18206.21618625624,0.20542361524717093,1.0697674418604652,13.399999999999977,0.26472195805077514,57.59820363268765,8.945827316387339
9.27,15.6,13.6,15.6,-8.049999999999999,13.599999999999994,-23.65,6.260674307900832,16121.1,Antofagasta,Antofagasta,6.198983127390149,0.9719610005785463,0.962383530391291,7.823879999999999,17878.70904399619,0.19852300099008438,0.6596194503171248,13.6,0.26472195805077514,58.03645083424071,8.921295326727266
5.95,29.3,336.1,13.0,5.650000000000002,-23.899999999999977,-23.65,6.260674307900832,10565.6,Antofagasta,Antofagasta,6.230259099994195,0.9142539552342639,0.9098123850837735,5.1765,11829.058902519759,0.20270902881700625,1.2389006342494715,23.899999999999977,0.26472195805077514,37.25101213200995,5.413383691248453
2.4,29.0,10.9,11.7,5.350000000000001,10.900000000000006,-23.65,6.260674307900832,4402.1,Antofagasta,Antofagasta,6.2334009981931615,0.9819587126964436,0.977681016273597,2.1191999999999998,4842.681662555756,0.20938451293759514,1.226215644820296,10.9,0.26472195805077514,15.025618338961996,2.3464344390566327
7.68,26.7,329.0,12.0,3.0500000000000007,-31.0,-23.65,6.260674307900832,13626.0,Antofagasta,Antofagasta,6.251805954889637,0.8571673007021123,0.8559531084540527,6.7584,15443.931553518698,0.20253638698630136,1.1289640591966175,31.0,0.26472195805077514,48.08197868467839,6.573719872927125
4.79,28.1,354.9,10.6,4.450000000000003,-5.100000000000023,-23.65,6.260674307900832,8937.1,Antofagasta,Antofagasta,6.241801020647944,0.9960410654107695,0.9930384225294036,4.28226,9785.589834039267,0.21298891335640271,1.1881606765327697,5.100000000000023,0.26472195805077514,29.988629934844983,4.756654043915843
7.31,26.0,2.7,19.5,2.3500000000000014,2.6999999999999886,-23.65,6.260674307900832,12317.1,Antofagasta,Antofagasta,6.2554090373473565,0.99888987496197,0.9980498016430043,5.884549999999999,13447.05661447361,0.1923476940951596,1.0993657505285412,2.7,0.26472195805077514,45.765529190755075,7.295744050010361
13.09,39.9,61.1,14.0,16.25,61.099999999999994,-23.65,6.260674307900832,19493.7,Antofagasta,Antofagasta,6.010559457657918,0.48328238325500256,0.4639751816712498,11.2574,25724.80395812343,0.1700006278974853,1.6871035940803383,61.1,0.26472195805077514,81.95222669042188,6.073435128076659
5.04,23.0,325.6,18.3,-0.6499999999999986,-34.39999999999998,-23.65,6.260674307900832,8237.6,Antofagasta,Antofagasta,6.260271435138335,0.8251134982782954,0.8250604024394006,4.11768,9409.50048521734,0.18658041603247083,0.9725158562367865,34.39999999999998,0.26472195805077514,31.553798511820194,4.158304428294579
2.76,21.2,36.8,16.8,-2.4499999999999993,36.80000000000001,-23.65,6.260674307900832,4556.7,Antofagasta,Antofagasta,6.254951464733141,0.8007313709487334,0.7999994274183685,2.2963199999999997,5247.426743752375,0.1884678379988088,0.8964059196617337,36.8,0.26472195805077514,17.279461089806293,2.2079984196746967
5.66,17.6,3.7,11.9,-6.049999999999997,3.6999999999999886,-23.65,6.260674307900832,10377.8,Antofagasta,Antofagasta,6.2258042202017085,0.997915618272179,0.9923575260581244,4.98646,11394.789733421941,0.20930748503477095,0.744186046511628,3.7,0.26472195805077514,35.43541658271871,5.616743597488984
5.82,15.4,10.3,11.8,-8.249999999999998,10.300000000000011,-23.65,6.260674307900832,10599.8,Antofagasta,Antofagasta,6.195885011240337,0.9838850379335415,0.9737031922620533,5.133240000000001,11730.203481265438,0.20790770292959246,0.6511627906976745,10.3,0.26472195805077514,36.43712447198284,5.666952578965151
10.6,13.7,3.0,18.1,-9.95,3.0,-23.65,6.260674307900832,17912.4,Antofagasta,Antofagasta,6.16650697114954,0.9986295347545738,0.9836090626673507,8.6814,19838.267546862753,0.19290514344791937,0.5792811839323467,3.0,0.26472195805077514,66.36314766374882,10.426256064273916
9.24,16.5,11.1,12.6,-7.149999999999999,11.099999999999994,-23.65,6.260674307900832,16703.9,Antofagasta,Antofagasta,6.211989410069773,0.9812926639922452,0.973661835308418,8.07576,18454.291649302228,0.20636773804582023,0.6976744186046512,11.1,0.26472195805077514,57.848630605003684,8.996635358249783
12.19,23.1,356.2,19.1,-0.5499999999999972,-3.7999999999999545,-23.65,6.260674307900832,20641.3,Antofagasta,Antofagasta,6.260385859659669,0.9978014682920501,0.9977554965541184,9.861709999999999,22535.44836657358,0.19329883391206956,0.9767441860465117,3.8000000000000114,0.26472195805077514,76.31761981331114,12.162639502994704
10.64,26.3,36.4,11.4,2.650000000000002,36.400000000000006,-23.65,6.260674307900832,18737.5,Antofagasta,Antofagasta,6.253979159955824,0.804893797355914,0.8040330461351524,9.42704,21542.16390155701,0.20103233254368796,1.1120507399577169,36.4,0.26472195805077514,66.61357463606485,8.55491161087802
7.28,24.1,348.6,16.8,0.4500000000000028,-11.399999999999975,-23.65,6.260674307900832,12635.4,Antofagasta,Antofagasta,6.260481213959971,0.9802711746217219,0.9802409407499517,6.05696,13841.038657433804,0.19813149179587533,1.0190274841437634,11.399999999999977,0.26472195805077514,45.577708961518056,7.136154048659649
12.58,17.5,28.3,18.1,-6.149999999999999,28.30000000000001,-23.65,6.260674307900832,20803.4,Antofagasta,Antofagasta,6.224643079429246,0.8804773535091619,0.8754100589769563,10.30302,23543.906201842776,0.18877721395851937,0.7399577167019028,28.3,0.26472195805077514,78.75928279339246,11.012658541930112
4.17,30.9,343.9,12.4,7.25,-16.100000000000023,-23.65,6.260674307900832,7523.1,Antofagasta,Antofagasta,6.210619901770249,0.960779154157594,0.9530976764734231,3.65292,8347.455973378244,0.20594757071055486,1.306553911205074,16.100000000000023,0.26472195805077514,26.107011863946468,3.9744173108941743
2.3,29.6,358.5,12.8,5.950000000000003,-1.5,-23.65,6.260674307900832,4172.4,Antofagasta,Antofagasta,6.22694639609481,0.9996573249755573,0.9942719060198913,2.0056,4583.089063052957,0.20708755211435376,1.2515856236786471,1.5,0.26472195805077514,14.399550908171912,2.2868253838457497
3.17,22.4,333.2,19.6,-1.25,-26.799999999999955,-23.65,6.260674307900832,5191.2,Antofagasta,Antofagasta,6.259184436954043,0.8925858184521258,0.892373407198477,2.54868,5824.106219197152,0.18694092735836826,0.9471458773784355,26.80000000000001,0.26472195805077514,19.846337556045636,2.828823700819172
11.39,18.4,11.4,12.6,-5.25,11.400000000000006,-23.65,6.260674307900832,20657.8,Antofagasta,Antofagasta,6.234410325747733,0.9802711746217219,0.9761588660477124,9.95486,22748.30972787363,0.20704094354977728,0.7780126849894292,11.4,0.26472195805077514,71.30908036699047,11.118449484283445
8.0,28.0,36.1,14.3,4.350000000000001,36.099999999999994,-23.65,6.260674307900832,13623.5,Antofagasta,Antofagasta,6.242639324605827,0.8079898838980306,0.8056623256603749,6.856,15666.961815063356,0.19439925799086757,1.1839323467230445,36.1,0.26472195805077514,50.085394463206654,6.445298605282999
4.1,25.2,358.1,14.3,1.5500000000000007,-1.8999999999999773,-23.65,6.260674307900832,7349.5,Antofagasta,Antofagasta,6.258383531180796,0.9994502159417572,0.9990845177477743,3.5136999999999996,8029.31793021997,0.20463024835727808,1.06553911205074,1.8999999999999773,0.26472195805077514,25.668764662393407,4.096246522765874
8.51,12.1,355.1,12.5,-11.55,-4.899999999999977,-23.65,6.260674307900832,15269.8,Antofagasta,Antofagasta,6.13389784547457,0.9963452961909065,0.9761696528346109,7.44625,17015.769313800396,0.20483288529744756,0.5116279069767442,4.899999999999977,0.26472195805077514,53.27833836023608,8.30720374562254
3.98,23.1,332.1,17.8,-0.5499999999999972,-27.899999999999977,-23.65,6.260674307900832,6655.7,Antofagasta,Antofagasta,6.260385859659669,0.8837656300886936,0.883724912327465,3.2715599999999996,7475.992648145956,0.1909002776439274,0.9767441860465117,27.899999999999977,0.26472195805077514,24.91748374544531,3.5172251510633106
11.05,25.7,354.3,17.7,2.0500000000000007,-5.7000000000000455,-23.65,6.260674307900832,19015.9,Antofagasta,Antofagasta,6.256667419540234,0.9950555699612262,0.9944187253682414,9.09415,20781.46160887667,0.1964493068038596,1.0866807610993658,5.699999999999989,0.26472195805077514,69.18045110230419,10.988326915319067
7.8,16.5,320.2,13.8,-7.149999999999999,-39.80000000000001,-23.65,6.260674307900832,13142.8,Antofagasta,Antofagasta,6.211989410069773,0.7682835235935233,0.7623091184397152,6.723599999999999,15364.40846845974,0.1923486711157944,0.6976744186046512,39.80000000000001,0.26472195805077514,48.83325960162649,5.946011123829778
6.95,25.2,337.2,18.4,1.5500000000000007,-22.799999999999955,-23.65,6.260674307900832,11655.1,Antofagasta,Antofagasta,6.258383531180796,0.9218631515885009,0.9215258424516795,5.671200000000001,12959.520689263029,0.19143753490358398,1.06553911205074,22.80000000000001,0.26472195805077514,43.51168643991078,6.4046046050391725
5.92,12.0,5.7,12.1,-11.65,5.699999999999989,-23.65,6.260674307900832,10660.6,Antofagasta,Antofagasta,6.1317006797745455,0.9950555699612263,0.9745568312098412,5.20368,11891.169174126151,0.2055681537702086,0.5073995771670191,5.7,0.26472195805077514,37.06319190277292,5.76937644076226
10.19,34.3,33.0,10.0,10.65,33.0,-23.65,6.260674307900832,18102.1,Antofagasta,Antofagasta,6.152830731165802,0.838670567945424,0.8242240036774995,9.171,20957.075088381862,0.2027919304896465,1.4503171247357294,33.0,0.26472195805077514,63.796271197509476,8.398842597473719
6.7,33.6,70.2,15.7,9.950000000000005,70.19999999999999,-23.65,6.260674307900832,9536.8,Antofagasta,Antofagasta,6.16650697114954,0.3387379202452917,0.33364293426815567,5.6481,12906.733813835961,0.16248892523682953,1.4207188160676534,70.2,0.26472195805077514,41.94651786293557,2.235407659596643
3.14,21.6,345.3,19.9,-2.049999999999997,-14.700000000000044,-23.65,6.260674307900832,5219.5,Antofagasta,Antofagasta,6.256667419540234,0.9672677527758766,0.9666486926380112,2.51514,5747.4624182524,0.18975583864118895,0.9133192389006344,14.699999999999989,0.26472195805077514,19.658517326808614,3.0352768948833555
3.53,26.6,35.9,10.4,2.950000000000003,35.900000000000006,-23.65,6.260674307900832,6304.4,Antofagasta,Antofagasta,6.252377826566446,0.810041640445796,0.8089681945165687,3.16288,7227.642967565284,0.2038754575911625,1.1247357293868923,35.9,0.26472195805077514,22.100180306889936,2.855657726643487
14.5,4.4,6.1,12.1,-19.25,6.099999999999994,-23.65,6.260674307900832,25183.6,Antofagasta,Antofagasta,5.910633874344368,0.9943379441332046,0.9387435356160921,12.7455,29125.32990284277,0.1982648401826484,0.186046511627907,6.1,0.26472195805077514,90.77977746456206,13.611781266433336
13.81,14.4,356.2,15.2,-9.249999999999998,-3.7999999999999545,-23.65,6.260674307900832,24208.8,Antofagasta,Antofagasta,6.1792627941151155,0.9978014682920501,0.9848264237527179,11.71088,26761.072021702035,0.20011308065428068,0.6088794926004228,3.8000000000000114,0.26472195805077514,86.4599121921105,13.600452912025034
11.1,21.3,10.8,18.1,-2.349999999999998,10.800000000000011,-23.65,6.260674307900832,18939.2,Antofagasta,Antofagasta,6.2554090373473565,0.9822872507286886,0.9814611403319556,9.0909,20774.03488397892,0.19477559751532356,0.9006342494714589,10.8,0.26472195805077514,69.49348481769923,10.894218657684707
5.46,15.1,1.5,10.9,-8.549999999999999,1.5,-23.65,6.260674307900832,10071.7,Antofagasta,Antofagasta,6.191096296119729,0.9996573249755573,0.9885476320393762,4.86486,11116.91596494007,0.21057462324585616,0.638477801268499,1.5,0.26472195805077514,34.18328172113854,5.397470070934994
14.6,29.4,2.8,14.0,5.75,2.8000000000000114,-23.65,6.260674307900832,26180.8,Antofagasta,Antofagasta,6.229173839383643,0.998806137341434,0.9937806624905232,12.556,28692.294712651037,0.2047038218552574,1.2431289640591967,2.8,0.26472195805077514,91.40584489535215,14.509197672361639
12.12,39.6,349.8,17.5,15.950000000000005,-10.200000000000044,-23.65,6.260674307900832,20072.9,Antofagasta,Antofagasta,6.019650047348618,0.9841956079692418,0.9463059163827998,9.998999999999999,22849.17607771565,0.1890616287656163,1.6744186046511629,10.199999999999989,0.26472195805077514,75.87937261175807,11.469227706559533
11.32,14.2,325.0,13.7,-9.45,-35.0,-23.65,6.260674307900832,19255.5,Antofagasta,Antofagasta,6.175712306966587,0.8191520442889918,0.8080355425625979,9.76916,22323.95809294696,0.1941798973812866,0.6004228329809725,35.0,0.26472195805077514,70.87083316543742,9.146962341808608
7.84,17.0,321.4,11.9,-6.649999999999999,-38.60000000000002,-23.65,6.260674307900832,13569.5,Antofagasta,Antofagasta,6.218553028194111,0.7815204724188185,0.7762624697187357,6.90704,15783.595673149826,0.19758031637312462,0.718816067653277,38.60000000000002,0.26472195805077514,49.08368657394252,6.085897762594888
5.54,25.5,16.3,12.0,1.8500000000000016,16.30000000000001,-23.65,6.260674307900832,10108.6,Antofagasta,Antofagasta,6.257411048661641,0.9598052919751868,0.9593050114410423,4.8752,11140.54437584552,0.2082941826154328,1.0782241014799154,16.3,0.26472195805077514,34.68413566577061,5.314549763383375
3.25,36.5,353.1,14.1,12.85,-6.899999999999977,-23.65,6.260674307900832,5696.6,Antofagasta,Antofagasta,6.103879761024302,0.9927573419294455,0.9678943751097634,2.79175,6379.556687164984,0.20009132420091325,1.543340380549683,6.899999999999977,0.26472195805077514,20.347191500677702,3.145656719106731
13.73,13.9,345.1,14.8,-9.749999999999998,-14.899999999999975,-23.65,6.260674307900832,23956.5,Antofagasta,Antofagasta,6.170245497940902,0.9663760793213294,0.9524178003039258,11.69796,26731.547933800837,0.1991813746520468,0.5877378435517971,14.899999999999977,0.26472195805077514,85.95905824747842,13.076696398172901
7.93,25.6,0.2,18.6,1.9500000000000028,0.1999999999999886,-23.65,6.260674307900832,13504.3,Antofagasta,Antofagasta,6.257048764128768,0.9999939076577904,0.9994148132175262,6.455019999999999,14750.663922909896,0.19439933896480044,1.0824524312896406,0.2,0.26472195805077514,49.64714726165359,7.925359468814983
4.63,38.2,19.9,16.4,14.550000000000004,19.90000000000001,-23.65,6.260674307900832,7730.0,Antofagasta,Antofagasta,6.0598868071969765,0.9402881270104189,0.910131933974523,3.87068,8845.069392988542,0.1905874927266093,1.6152219873150109,19.9,0.26472195805077514,28.98692204558085,4.213910854302041
5.98,10.4,4.5,16.9,-13.249999999999998,4.5,-23.65,6.260674307900832,10122.9,Antofagasta,Antofagasta,6.094010515286893,0.996917333733128,0.9703786550555196,4.96938,11355.759437651626,0.19324116919411735,0.43974630021141653,4.5,0.26472195805077514,37.43883236124697,5.802864357232007
9.53,13.4,343.6,19.8,-10.249999999999998,-16.399999999999977,-23.65,6.260674307900832,15590.2,Antofagasta,Antofagasta,6.160758313682944,0.9593139745400576,0.9440039927682344,7.64306,17465.508922146757,0.18674744977408522,0.5665961945031713,16.399999999999977,0.26472195805077514,59.66422615429492,8.996358051081273
4.3,20.3,30.7,14.1,-3.349999999999998,30.69999999999999,-23.65,6.260674307900832,7445.3,Antofagasta,Antofagasta,6.249976082606412,0.8598522715968736,0.8583829580902033,3.6936999999999998,8440.644232249055,0.19765583519167462,0.8583509513742072,30.7,0.26472195805077514,26.920899523973574,3.691046719787874
13.14,19.5,39.5,14.0,-4.149999999999999,39.5,-23.65,6.260674307900832,22209.8,Antofagasta,Antofagasta,6.244258881539868,0.77162458338772,0.7696013913314066,11.3004,25823.065241385935,0.19295017479479853,0.8245243128964059,39.5,0.26472195805077514,82.26526040581693,10.112562282094682
11.86,30.2,12.4,19.2,6.550000000000001,12.400000000000006,-23.65,6.260674307900832,19824.9,Antofagasta,Antofagasta,6.219808939152819,0.9766722783341679,0.9702972345549827,9.58288,21898.281073269303,0.19081926124419601,1.276955602536998,12.4,0.26472195805077514,74.25159729170386,11.507725201822094
11.35,25.6,24.3,12.5,1.9500000000000028,24.30000000000001,-23.65,6.260674307900832,20342.6,Antofagasta,Antofagasta,6.257048764128768,0.9114032766354452,0.9108754848496189,9.93125,22694.35742792415,0.20460040633234766,1.0824524312896406,24.3,0.26472195805077514,71.05865339467444,10.338436753043174
7.62,9.5,31.0,17.3,-14.15,31.0,-23.65,6.260674307900832,12328.1,Antofagasta,Antofagasta,6.070719513082319,0.8571673007021123,0.831160032040248,6.30174,14400.39672527091,0.18468731648269995,0.40169133192389006,31.0,0.26472195805077514,47.70633822620434,6.33343944414669
10.16,27.8,28.3,17.5,4.150000000000002,28.30000000000001,-23.65,6.260674307900832,16968.2,Antofagasta,Antofagasta,6.244258881539868,0.8804773535091619,0.8781687505619066,8.382,19154.094797821042,0.1906505051594578,1.1754756871035943,28.3,0.26472195805077514,63.60845096827245,8.92219450570897
9.59,19.0,15.4,11.0,-4.649999999999999,15.400000000000006,-23.65,6.260674307900832,17674.4,Antofagasta,Antofagasta,6.240067374518547,0.9640954042341101,0.9609220959302189,8.5351,19503.950669158003,0.21038848496102774,0.8033826638477801,15.4,0.26472195805077514,60.039866612768975,9.2152428999708
10.45,33.8,15.0,14.7,10.15,15.0,-23.65,6.260674307900832,18224.3,Antofagasta,Antofagasta,6.162693307416767,0.9659258262890683,0.9508088637705481,8.91385,20369.449763010867,0.19908129601712873,1.4291754756871036,15.0,0.26472195805077514,65.42404651756368,9.935952626402226
3.1,18.6,13.0,12.0,-5.049999999999997,13.0,-23.65,6.260674307900832,5652.5,Antofagasta,Antofagasta,6.236372004554982,0.9743700647852352,0.9705878145481254,2.728,6233.8786218630175,0.20814921196052438,0.7864693446088796,13.0,0.26472195805077514,19.40809035449258,3.008822225099189
7.41,18.6,332.6,11.9,-5.049999999999997,-27.399999999999977,-23.65,6.260674307900832,13233.5,Antofagasta,Antofagasta,6.236372004554982,0.8878153851364016,0.8843691175710263,6.5282100000000005,14917.913767607171,0.2038695703079265,0.7864693446088796,27.399999999999977,0.26472195805077514,46.39159662154516,6.553175161201305
2.54,28.0,17.5,14.6,4.350000000000001,17.5,-23.65,6.260674307900832,4478.5,Antofagasta,Antofagasta,6.242639324605827,0.9537169507482269,0.9509695998353707,2.16916,4956.847562830052,0.2012772804084421,1.1839323467230445,17.5,0.26472195805077514,15.902112742068113,2.4154627835818414
8.42,29.8,326.1,12.9,6.150000000000002,-33.89999999999998,-23.65,6.260674307900832,14618.6,Antofagasta,Antofagasta,6.224643079429245,0.8300122850953676,0.8252354254780652,7.33382,16758.850335260788,0.198193581275285,1.2600422832980973,33.89999999999998,0.26472195805077514,52.714877672525006,6.948482282525308
6.29,27.2,340.1,18.0,3.5500000000000007,-19.899999999999977,-23.65,6.260674307900832,10625.3,Antofagasta,Antofagasta,6.248660972098956,0.9402881270104191,0.9384838489942257,5.157800000000001,11786.326670031183,0.19283526072406007,1.1501057082452433,19.899999999999977,0.26472195805077514,39.37964139669623,5.903063410173679
3.88,10.2,32.6,19.1,-13.45,32.599999999999994,-23.65,6.260674307900832,6138.1,Antofagasta,Antofagasta,6.088964481735939,0.8424523970071476,0.8193466822665261,3.1389199999999997,7172.890866472969,0.18059184201854733,0.4312896405919662,32.6,0.26472195805077514,24.291416314655226,3.179065127194121
3.34,28.0,21.0,18.0,4.350000000000001,21.0,-23.65,6.260674307900832,5631.2,Antofagasta,Antofagasta,6.242639324605827,0.9335804264972017,0.9308910824156589,2.7388,6258.558199984761,0.19246438629590135,1.1839323467230445,21.0,0.26472195805077514,20.910652188388777,3.1091762152683007
9.64,15.4,37.2,12.7,-8.249999999999998,37.19999999999999,-23.65,6.260674307900832,16544.0,Antofagasta,Antofagasta,6.195885011240337,0.7965299180241964,0.7882869380160042,8.41572,19231.149925067824,0.19591125258151915,0.6511627906976745,37.2,0.26472195805077514,60.35290032816402,7.599086082474281
4.22,25.5,353.2,12.7,1.8500000000000016,-6.7999999999999545,-23.65,6.260674307900832,7692.9,Antofagasta,Antofagasta,6.257411048661641,0.992965508106537,0.9924479434307262,3.6840599999999997,8418.615423629275,0.20810069466986952,1.0782241014799154,6.800000000000011,0.26472195805077514,26.420045579341508,4.188130321277664
14.03,12.3,331.2,12.5,-11.349999999999998,-28.80000000000001,-23.65,6.260674307900832,24401.6,Antofagasta,Antofagasta,6.138236115488767,0.8763066800438635,0.8591690043516802,12.27625,28053.02508491417,0.1985438899683327,0.5200845665961946,28.80000000000001,0.26472195805077514,87.83726053984867,12.054141131054072
9.55,27.2,354.0,11.4,3.5500000000000007,-6.0,-23.65,6.260674307900832,17685.3,Antofagasta,Antofagasta,6.248660972098956,0.9945218953682733,0.9926135505313124,8.461300000000001,19335.30688532608,0.21139998565588466,1.1501057082452433,6.0,0.26472195805077514,59.78943964045295,9.479459407574033
6.51,17.2,2.6,19.4,-6.449999999999999,2.5999999999999943,-23.65,6.260674307900832,10914.4,Antofagasta,Antofagasta,6.221045903494829,0.9989705697907147,0.9926473515904959,5.24706,11990.298812915162,0.19138802965581578,0.7272727272727273,2.6,0.26472195805077514,40.756989744434414,6.462134258854128
9.68,13.4,2.0,14.0,-10.249999999999998,2.0,-23.65,6.260674307900832,17159.0,Antofagasta,Antofagasta,6.160758313682944,0.9993908270190958,0.9834412466411746,8.3248,19023.384439620688,0.20235433412581605,0.5665961945031713,2.0,0.26472195805077514,60.60332730048005,9.51971126748657
2.3,29.4,28.3,12.2,5.75,28.30000000000001,-23.65,6.260674307900832,4073.2,Antofagasta,Antofagasta,6.229173839383643,0.8804773535091619,0.8760472477744949,2.0193999999999996,4614.624079541853,0.20216398649990072,1.2431289640591967,28.3,0.26472195805077514,14.399550908171912,2.014908669881338
14.46,25.6,351.0,18.5,1.9500000000000028,-9.0,-23.65,6.260674307900832,24611.9,Antofagasta,Antofagasta,6.257048764128768,0.9876883405951378,0.9871163722837587,11.7849,26930.218537680885,0.1942999741058628,1.0824524312896406,9.0,0.26472195805077514,90.52935049224604,14.273702743223152
8.27,18.7,8.8,14.0,-4.949999999999999,8.800000000000011,-23.65,6.260674307900832,14803.5,Antofagasta,Antofagasta,6.237324349832046,0.9882283814465528,0.9845426616447671,7.1122,16252.416251618088,0.20434066025078268,0.7906976744186047,8.8,0.26472195805077514,51.775776526339875,8.142167811802224
12.18,35.3,335.3,10.4,11.65,-24.700000000000045,-23.65,6.260674307900832,21881.5,Antofagasta,Antofagasta,6.1317006797745455,0.9085081775267215,0.889792366724976,10.91328,24938.439474488714,0.20508112708159945,1.492600422832981,24.69999999999999,0.26472195805077514,76.25501307023212,10.837671026710208
3.08,20.1,11.3,11.6,-3.549999999999997,11.300000000000011,-23.65,6.260674307900832,5656.5,Antofagasta,Antofagasta,6.248660972098956,0.980614658546613,0.9787329997018948,2.7227200000000003,6221.81305033683,0.2096490837929194,0.849894291754757,11.3,0.26472195805077514,19.28287686833456,3.014497639081836
8.33,23.9,0.1,16.4,0.25,0.0999999999999943,-23.65,6.260674307900832,14585.1,Antofagasta,Antofagasta,6.260614710793704,0.9999984769132877,0.9999889576485209,6.9638800000000005,15913.483378746123,0.1998758407472578,1.0105708245243128,0.1,0.26472195805077514,52.15141698481393,8.32990801721218
8.38,25.8,341.3,17.8,2.150000000000002,-18.700000000000045,-23.65,6.260674307900832,14222.6,Antofagasta,Antofagasta,6.25626701605768,0.9472102777460286,0.9465434754296085,6.8883600000000005,15740.909143583698,0.19374516406752323,1.090909090909091,18.69999999999999,0.26472195805077514,52.46445070020898,7.93203432410012
14.19,18.7,354.1,12.1,-4.949999999999999,-5.899999999999977,-23.65,6.260674307900832,26000.3,Antofagasta,Antofagasta,6.237324349832046,0.9947028171171742,0.9909929501079164,12.47301,28502.65043595441,0.20916636901026833,0.7906976744186047,5.899999999999977,0.26472195805077514,88.8389684291128,14.062189962031333
9.43,27.4,355.4,19.2,3.75,-4.600000000000023,-23.65,6.260674307900832,15925.3,Antofagasta,Antofagasta,6.247269723629513,0.9967788784562471,0.9946446983633336,7.61944,17411.53377073605,0.1927843712624142,1.1585623678646935,4.600000000000023,0.26472195805077514,59.03815872350484,9.379499505566235
8.16,19.4,353.2,18.5,-4.25,-6.7999999999999545,-23.65,6.260674307900832,13860.8,Antofagasta,Antofagasta,6.2434586124016995,0.992965508106537,0.9902350367566489,6.650399999999999,15197.135772301246,0.1939072432626018,0.8202959830866807,6.800000000000011,0.26472195805077514,51.08710235247079,8.080317899934256
5.47,20.4,44.3,18.5,-3.25,44.30000000000001,-23.65,6.260674307900832,8639.7,Antofagasta,Antofagasta,6.250605081080585,0.7156927337037358,0.7145416640082285,4.458049999999999,10187.295670893114,0.18030477573814832,0.8625792811839323,44.3,0.26472195805077514,34.24588846421755,3.9085429021250095
6.31,34.6,357.5,12.3,10.950000000000005,-2.5,-23.65,6.260674307900832,11385.8,Antofagasta,Antofagasta,6.146688226158159,0.9990482215818578,0.9808588722163445,5.533869999999999,12645.701572276057,0.2059823864417573,1.463002114164905,2.5,0.26472195805077514,39.50485488285425,6.189219483685133
8.77,15.3,353.9,10.5,-8.349999999999998,-6.100000000000023,-23.65,6.260674307900832,16245.0,Antofagasta,Antofagasta,6.19430764018131,0.9943379441332045,0.9837974028602107,7.84915,17936.454686508834,0.2114540541384858,0.6469344608879494,6.100000000000023,0.26472195805077514,54.90611368029029,8.627903223084047
7.71,4.3,307.6,18.7,-19.35,-52.39999999999998,-23.65,6.260674307900832,11116.7,Antofagasta,Antofagasta,5.907022364523227,0.6101451639012679,0.5756793839638222,6.26823,14323.82147870983,0.16459528928213965,0.18181818181818182,52.39999999999998,0.26472195805077514,48.269798913915416,4.4384880503610695
2.28,36.5,337.6,13.1,12.85,-22.399999999999977,-23.65,6.260674307900832,3973.3,Antofagasta,Antofagasta,6.103879761024302,0.9245460336123132,0.9013913749801282,1.9813199999999997,4527.605715201477,0.19893555235119764,1.543340380549683,22.399999999999977,0.26472195805077514,14.274337422013895,2.055172334954692
12.74,44.0,353.4,16.2,20.35,-6.600000000000023,-23.65,6.260674307900832,20936.4,Antofagasta,Antofagasta,5.8699194488291315,0.9933727656003963,0.9313722180654459,10.67612,24396.49422010417,0.18759811616954475,1.86046511627907,6.600000000000023,0.26472195805077514,79.7609906826566,11.865682058153782
13.65,20.4,342.9,17.6,-3.25,-17.100000000000023,-23.65,6.260674307900832,23264.3,Antofagasta,Antofagasta,6.250605081080585,0.95579301479833,0.9542557847515495,11.2476,25702.40952612407,0.19455985414889523,0.8625792811839323,17.100000000000023,0.26472195805077514,85.45820430284635,13.025591461858651
3.82,8.2,34.5,11.3,-15.45,34.5,-23.65,6.260674307900832,6539.2,Antofagasta,Antofagasta,6.034434171925974,0.8241261886220157,0.7943449842653236,3.38834,7742.852012317937,0.19541466446723565,0.346723044397463,34.5,0.26472195805077514,23.915775856181178,3.0343978398935363
9.2,21.2,355.9,17.8,-2.4499999999999993,-4.100000000000023,-23.65,6.260674307900832,15821.4,Antofagasta,Antofagasta,6.254951464733141,0.997440782930944,0.9965290285592833,7.562399999999999,17281.189035915275,0.19631477069684336,0.8964059196617337,4.100000000000023,0.26472195805077514,57.59820363268765,9.168067062745406
3.41,21.4,32.2,19.4,-2.25,32.19999999999999,-23.65,6.260674307900832,5531.3,Antofagasta,Antofagasta,6.255847554900803,0.8461931661275641,0.8455407818631319,2.74846,6280.63271152699,0.1851691908033048,0.904862579281184,32.2,0.26472195805077514,21.348899389941838,2.88329406615328
10.74,22.1,1.5,17.3,-1.5499999999999972,1.5,-23.65,6.260674307900832,18602.4,Antofagasta,Antofagasta,6.258383531180796,0.9996573249755573,0.9992915510005115,8.88198,20296.622156090496,0.19772454784316726,0.9344608879492602,1.5,0.26472195805077514,67.23964206685494,10.732391257745494
5.66,14.7,0.9,14.4,-8.95,0.9000000000000057,-23.65,6.260674307900832,10019.4,Antofagasta,Antofagasta,6.184447338381216,0.9998766324816606,0.9877026138633512,4.84496,11071.441557104634,0.20207899704729174,0.6215644820295984,0.9,0.26472195805077514,35.43541658271871,5.590396794466568
10.57,28.3,357.8,18.8,4.650000000000002,-2.2000000000000455,-23.65,6.260674307900832,17931.1,Antofagasta,Antofagasta,6.240067374518547,0.9992629164106211,0.9959738546678828,8.582840000000001,19613.043545040608,0.19365460962576084,1.1966173361522199,2.1999999999999886,0.26472195805077514,66.1753274345118,10.527443643839522
11.45,27.8,0.1,15.3,4.150000000000002,0.0999999999999943,-23.65,6.260674307900832,20271.7,Antofagasta,Antofagasta,6.244258881539868,0.9999984769132877,0.9973764907578779,9.698149999999998,22161.68986679648,0.2021066379533808,1.1754756871035943,0.1,0.26472195805077514,71.68472082546452,11.419960819177701
11.99,11.7,43.0,17.4,-11.95,43.0,-23.65,6.260674307900832,18881.5,Antofagasta,Antofagasta,6.124997140388783,0.7313537016191705,0.7155042908680126,9.90374,22631.493058097374,0.17976833815089438,0.49471458773784355,43.0,0.26472195805077514,75.06548495173098,8.578896447507471
3.4,29.2,302.0,18.2,5.550000000000001,-58.0,-23.65,6.260674307900832,5072.9,Antofagasta,Antofagasta,6.23132538215505,0.5299192642332049,0.5274350971335663,2.7812,6355.448395573835,0.17032299221058286,1.2346723044397463,58.0,0.26472195805077514,21.286292646862826,1.7932793302541252
13.91,40.1,310.0,17.5,16.450000000000003,-50.0,-23.65,6.260674307900832,20896.8,Antofagasta,Antofagasta,6.004407503114133,0.6427876096865394,0.6164765258016981,11.47575,26223.765613945936,0.1714938498961031,1.6955602536997887,50.0,0.26472195805077514,87.08597962290057,8.57518847390162
4.99,25.0,346.4,12.9,1.3500000000000014,-13.600000000000025,-23.65,6.260674307900832,9046.7,Antofagasta,Antofagasta,6.2589365338980185,0.9719610005785462,0.9716912135755036,4.34629,9931.907740255501,0.20695958126298258,1.0570824524312896,13.600000000000023,0.26472195805077514,31.24076479642515,4.848739155741763
2.49,21.0,0.4,11.2,-2.6499999999999986,0.4000000000000057,-23.65,6.260674307900832,4621.7,Antofagasta,Antofagasta,6.253979159955824,0.9999756307053947,0.9989062595067483,2.21112,5052.732294125276,0.21188406594414183,0.8879492600422834,0.4,0.26472195805077514,15.589079026673073,2.4872765861718036
9.21,22.5,17.3,12.4,-1.1499999999999986,17.30000000000001,-23.65,6.260674307900832,16717.3,Antofagasta,Antofagasta,6.259413273448775,0.9547607995027974,0.9545684901440232,8.067960000000001,18436.467509547634,0.20720603473492677,0.9513742071881607,17.3,0.26472195805077514,57.660810375766665,8.791575794226455
6.82,28.6,11.8,15.0,4.950000000000003,11.800000000000011,-23.65,6.260674307900832,12035.5,Antofagasta,Antofagasta,6.237324349832046,0.978867388761685,0.9752165819382662,5.797,13246.99207145891,0.201453889312926,1.2093023255813955,11.8,0.26472195805077514,42.697798779883676,6.650977088818975
12.79,9.8,350.4,15.1,-13.849999999999998,-9.600000000000025,-23.65,6.260674307900832,22018.9,Antofagasta,Antofagasta,6.078649900690415,0.9859960370705049,0.9573289422284869,10.858709999999999,24813.73905059023,0.19652643153719554,0.41437632135306557,9.600000000000023,0.26472195805077514,80.07402439805163,12.244237171102347
12.51,25.0,25.5,15.8,1.3500000000000014,25.5,-23.65,6.260674307900832,21508.2,Antofagasta,Antofagasta,6.2589365338980185,0.9025852843498606,0.9023347539492478,10.53342,24070.40386844,0.1962649058835124,1.0570824524312896,25.5,0.26472195805077514,78.3210355918394,11.288207771905089
6.12,20.5,25.8,14.0,-3.1499999999999986,25.80000000000001,-23.65,6.260674307900832,10744.6,Antofagasta,Antofagasta,6.251215039127673,0.9003187714021934,0.8989584774751532,5.2632,12027.181071330435,0.20041707702868056,0.8668076109936576,25.8,0.26472195805077514,38.31532676435309,5.501625882147938
14.39,38.4,4.6,17.9,14.75,4.599999999999994,-23.65,6.260674307900832,23918.4,Antofagasta,Antofagasta,6.054359664318361,0.9967788784562471,0.9639309664063087,11.81419,26997.15046760551,0.18974363856178664,1.6236786469344608,4.6,0.26472195805077514,90.09110329069297,13.870966606586784
5.78,22.3,24.1,19.1,-1.349999999999998,24.09999999999999,-23.65,6.260674307900832,9578.0,Antofagasta,Antofagasta,6.2589365338980185,0.9128341772330428,0.9125808020494666,4.67602,10685.388971189115,0.18916591616501555,0.9429175475687105,24.1,0.26472195805077514,36.186697499666806,5.274717035845917
8.7,37.0,6.8,12.5,13.35,6.800000000000011,-23.65,6.260674307900832,15489.1,Antofagasta,Antofagasta,6.0914967763892145,0.9929655081065369,0.966133341909096,7.612499999999999,17395.674856646703,0.20323702304099092,1.5644820295983088,6.8,0.26472195805077514,54.467866478737236,8.405360074609135
5.33,14.8,346.0,17.4,-8.849999999999998,-14.0,-23.65,6.260674307900832,9045.8,Antofagasta,Antofagasta,6.186137848966751,0.9702957262759965,0.9587438703578223,4.40258,10060.538615484485,0.19373838100867835,0.6257928118393236,14.0,0.26472195805077514,33.369394061111436,5.110104829007192
14.17,28.3,17.4,16.8,4.650000000000002,17.400000000000006,-23.65,6.260674307900832,24335.7,Antofagasta,Antofagasta,6.240067374518547,0.9542403285162768,0.9510994580743167,11.789439999999999,26940.593101076505,0.19605137227985037,1.1966173361522199,17.4,0.26472195805077514,88.7137549429548,13.477079320913068
4.14,26.2,2.8,15.2,2.5500000000000007,2.8000000000000114,-23.65,6.260674307900832,7343.0,Antofagasta,Antofagasta,6.254474838452001,0.998806137341434,0.9978170956137821,3.5107199999999996,8022.508194775265,0.20247391524937686,1.1078224101479917,2.8,0.26472195805077514,25.919191634709442,4.130962775841057
2.58,16.7,0.0,11.9,-6.949999999999999,0.0,-23.65,6.260674307900832,4734.9,Antofagasta,Antofagasta,6.214671654163539,1.0,0.992652124759271,2.27298,5194.091433255938,0.20950143357757248,0.7061310782241015,0.0,0.26472195805077514,16.152539714384147,2.5610424818789195
7.66,25.1,36.8,18.0,1.4500000000000028,36.80000000000001,-23.65,6.260674307900832,12483.4,Antofagasta,Antofagasta,6.258669565035858,0.8007313709487334,0.8004749671775543,6.281200000000001,14353.45982391715,0.18603729270240946,1.0613107822410148,36.8,0.26472195805077514,47.95676519852037,6.131638248580066
14.9,33.4,298.7,19.6,9.75,-61.30000000000001,-23.65,6.260674307900832,21286.0,Antofagasta,Antofagasta,6.170245497940902,0.4802234974431887,0.47328717760719596,11.979600000000001,27375.13648770902,0.16308111918114676,1.412262156448203,61.30000000000001,0.26472195805077514,93.2840471877224,7.05197894634722
13.59,21.1,324.6,17.2,-2.549999999999997,-35.39999999999998,-23.65,6.260674307900832,22431.4,Antofagasta,Antofagasta,6.254474838452001,0.8151277957285544,0.8143206366881721,11.25252,25713.652445046202,0.1884225239482429,0.8921775898520086,35.39999999999998,0.26472195805077514,85.0825638443723,11.06661745259226
11.73,10.1,330.3,19.2,-13.55,-29.69999999999999,-23.65,6.260674307900832,18669.5,Antofagasta,Antofagasta,6.0864136390408765,0.8686315144381913,0.8444538777724712,9.47784,21658.24932457411,0.18168980913786995,0.427061310782241,29.69999999999999,0.26472195805077514,73.43770963167675,9.905443986271088
13.58,23.5,350.9,19.8,-0.1499999999999985,-9.100000000000025,-23.65,6.260674307900832,22734.9,Antofagasta,Antofagasta,6.260652852920481,0.9874138067509114,0.9874104229390758,10.891160000000001,24887.892042261592,0.19111253454919605,0.9936575052854123,9.100000000000023,0.26472195805077514,85.0199571012933,13.409033543512649
13.61,16.4,353.6,13.5,-7.25,-6.399999999999977,-23.65,6.260674307900832,24434.3,Antofagasta,Antofagasta,6.210619901770249,0.9937679191605964,0.9858226946402224,11.772649999999999,26902.22549768168,0.20494516186392628,0.693446088794926,6.399999999999977,0.26472195805077514,85.20777733053032,13.417046874053426
8.75,20.9,322.3,16.4,-2.75,-37.69999999999999,-23.65,6.260674307900832,14482.8,Antofagasta,Antofagasta,6.253464430754531,0.7912235329674902,0.7903123492534997,7.315,16715.843885237526,0.18894716242661447,0.8837209302325582,37.69999999999999,0.26472195805077514,54.78090019413228,6.915233055968122
6.11,23.0,335.4,14.7,-0.6499999999999986,-24.600000000000023,-23.65,6.260674307900832,10657.3,Antofagasta,Antofagasta,6.260271435138335,0.9092361090470684,0.9091775999400619,5.21183,11909.79311502358,0.1991140356777197,0.9725158562367865,24.600000000000023,0.26472195805077514,38.25272002127409,5.555075135633778
12.04,10.0,338.5,19.9,-13.65,-21.5,-23.65,6.260674307900832,19291.5,Antofagasta,Antofagasta,6.083844256074335,0.9304175679820246,0.9041383241378085,9.64404,22038.040610114298,0.18290913848814455,0.42283298097251587,21.5,0.26472195805077514,75.37851866712602,10.885825422619213
10.6,10.7,61.4,10.9,-12.95,61.400000000000006,-23.65,6.260674307900832,16575.4,Antofagasta,Antofagasta,6.101440321156266,0.47869185794060665,0.4665168095011992,9.4446,21582.29106746607,0.1785065046954424,0.452431289640592,61.4,0.26472195805077514,66.36314766374882,4.945078180712712
6.86,27.5,45.0,14.1,3.8500000000000014,45.0,-23.65,6.260674307900832,11371.2,Antofagasta,Antofagasta,6.246545552920289,0.7071067811865476,0.705511020416201,5.89274,13465.771961215934,0.1892248092974959,1.1627906976744187,45.0,0.26472195805077514,42.94822575219971,4.839805600055139
3.23,19.5,349.7,18.8,-4.149999999999999,-10.299999999999956,-23.65,6.260674307900832,5457.9,Antofagasta,Antofagasta,6.244258881539868,0.9838850379335418,0.9813053010564022,2.62276,5993.389843943344,0.19289410068281096,0.8245243128964059,10.300000000000011,0.26472195805077514,20.221978014519685,3.169616122412179
11.71,3.1,350.9,12.8,-20.549999999999997,-9.100000000000025,-23.65,6.260674307900832,19960.8,Antofagasta,Antofagasta,5.862283930301734,0.9874138067509114,0.9245809328507908,10.211120000000001,23333.90127319571,0.19458839769310857,0.13107822410147993,9.100000000000023,0.26472195805077514,73.31249614551875,10.826842723682761
5.41,29.9,331.3,17.9,6.25,-28.69999999999999,-23.65,6.260674307900832,8966.2,Antofagasta,Antofagasta,6.2234629773144565,0.8771461637055888,0.8719327035789329,4.44161,10149.727868641126,0.1891938655795542,1.2642706131078225,28.69999999999999,0.26472195805077514,33.8702480057435,4.717155926362027
14.18,25.8,312.3,13.8,2.150000000000002,-47.69999999999999,-23.65,6.260674307900832,23394.6,Antofagasta,Antofagasta,6.25626701605768,0.6730125135097734,0.6725387366583906,12.22316,27931.706677276812,0.1883368433255405,1.090909090909091,47.69999999999999,0.26472195805077514,88.7763616860338,9.536599285815978
5.13,17.9,357.1,19.8,-5.75,-2.8999999999999773,-23.65,6.260674307900832,8578.6,Antofagasta,Antofagasta,6.229173839383643,0.9987193571841863,0.9936943189660529,4.11426,9401.685285478787,0.1908951729908231,0.7568710359408034,2.8999999999999773,0.26472195805077514,32.11725919953127,5.097651856295851
3.6,13.1,335.1,18.8,-10.55,-24.899999999999977,-23.65,6.260674307900832,5869.7,Antofagasta,Antofagasta,6.1548407559150915,0.9070440142914651,0.8917108911934107,2.9232000000000005,6679.939144952336,0.186126966007103,0.5539112050739958,24.899999999999977,0.26472195805077514,22.538427508442997,3.210159208296279
12.8,30.3,357.9,13.0,6.650000000000002,-2.1000000000000227,-23.65,6.260674307900832,23172.8,Antofagasta,Antofagasta,6.218553028194111,0.9993283937786562,0.9926049980670956,11.136000000000001,25447.387218866035,0.20666381278538812,1.2811839323467231,2.1000000000000227,0.26472195805077514,80.13663114113065,12.705343975258824
3.99,26.4,320.0,17.7,2.75,-40.0,-23.65,6.260674307900832,6461.3,Antofagasta,Antofagasta,6.253464430754531,0.766044443118978,0.7651622559851537,3.28377,7503.894282300263,0.18485998100273515,1.1162790697674418,40.0,0.26472195805077514,24.98009048852432,3.0529974013807637
4.33,42.7,341.0,13.4,19.050000000000004,-19.0,-23.65,6.260674307900832,7326.5,Antofagasta,Antofagasta,5.917802868592721,0.9455185755993168,0.8937364034299117,3.74978,8568.795226792337,0.1931543758634144,1.805496828752643,19.0,0.26472195805077514,27.1087197532106,3.8698786268515177
9.79,27.0,3.7,16.1,3.3500000000000014,3.6999999999999886,-23.65,6.260674307900832,17180.9,Antofagasta,Antofagasta,6.249976082606412,0.997915618272179,0.9962103824486793,8.213809999999999,18769.756071497308,0.20033605253706843,1.1416490486257929,3.7,0.26472195805077514,61.292001474349135,9.752899644172569
13.37,26.8,9.2,16.6,3.150000000000002,9.199999999999989,-23.65,6.260674307900832,23255.8,Antofagasta,Antofagasta,6.251215039127673,0.9871362650729879,0.9856447983734227,11.15058,25480.704649330393,0.1985618316752219,1.1331923890063427,9.2,0.26472195805077514,83.70521549663411,13.17807095425266
4.55,22.3,10.4,18.3,-1.349999999999998,10.400000000000006,-23.65,6.260674307900832,7760.4,Antofagasta,Antofagasta,6.2589365338980185,0.9835714708133859,0.9832984610946514,3.7173499999999997,8494.687938043433,0.19470118922173715,0.9429175475687105,10.4,0.26472195805077514,28.486068100948785,4.474007997980664
6.03,30.2,327.0,10.2,6.550000000000001,-33.0,-23.65,6.260674307900832,10808.8,Antofagasta,Antofagasta,6.219808939152819,0.838670567945424,0.8331963042588522,5.4149400000000005,12373.929143940955,0.20462376095171023,1.276955602536998,33.0,0.26472195805077514,37.75186607664202,5.024173714680879
12.11,28.7,21.4,12.2,5.050000000000001,21.40000000000001,-23.65,6.260674307900832,21799.6,Antofagasta,Antofagasta,6.236372004554982,0.9310558158625283,0.9274417002327703,10.632579999999999,24296.998957935582,0.2054945344992063,1.2135306553911205,21.4,0.26472195805077514,75.81676586867907,11.231318989818847
14.63,33.7,340.0,17.1,10.050000000000004,-20.0,-23.65,6.260674307900832,24642.9,Antofagasta,Antofagasta,6.164609528518013,0.9396926207859084,0.9252738281984166,12.12827,27714.869161723815,0.1922841037837433,1.4249471458773786,20.0,0.26472195805077514,91.59366512458918,13.536756106542835
8.51,19.5,15.8,15.6,-4.149999999999999,15.800000000000011,-23.65,6.260674307900832,14858.3,Antofagasta,Antofagasta,6.244258881539868,0.9622179935292853,0.95969506742913,7.18244,16412.924915254327,0.19931292221345825,0.8245243128964059,15.8,0.26472195805077514,53.27833836023608,8.167005023821897
3.87,20.2,359.7,15.0,-3.4499999999999993,-0.2999999999999545,-23.65,6.260674307900832,6883.8,Antofagasta,Antofagasta,6.2493280456211915,0.9999862922474267,0.9981740103445708,3.2895,7516.988169581522,0.20305475912357082,0.854122621564482,0.30000000000001137,0.26472195805077514,24.22880957157622,3.862933420033489
2.18,19.8,325.6,10.6,-3.849999999999998,-34.39999999999998,-23.65,6.260674307900832,3895.9,Antofagasta,Antofagasta,6.246545552920289,0.8251134982782954,0.8232514262593755,1.9489200000000002,4453.566980836244,0.2040080013405387,0.8372093023255814,34.39999999999998,0.26472195805077514,13.648269991223815,1.7946881092454388
4.99,30.0,352.1,13.5,6.350000000000001,-7.899999999999977,-23.65,6.260674307900832,8960.4,Antofagasta,Antofagasta,6.222263917452136,0.9905094632383089,0.9844325051735684,4.31635,9863.490465351331,0.2049853130919373,1.2684989429175477,7.899999999999977,0.26472195805077514,31.24076479642515,4.912318200816107
3.71,35.6,9.1,18.7,11.950000000000005,9.099999999999994,-23.65,6.260674307900832,6171.7,Antofagasta,Antofagasta,6.124997140388783,0.9874138067509114,0.9660152317933886,3.0162299999999997,6892.5262887177,0.1899007987790619,1.5052854122621566,9.1,0.26472195805077514,23.227101682312085,3.5839165099534713
10.81,20.0,15.3,10.3,-3.6499999999999986,15.300000000000011,-23.65,6.260674307900832,20089.7,Antofagasta,Antofagasta,6.247974864071729,0.9645574184577981,0.9626008651932095,9.696570000000001,22158.07933592312,0.21215030054194703,0.8456659619450317,15.3,0.26472195805077514,67.677889268408,10.405715352738596
3.58,20.3,356.5,14.0,-3.349999999999998,-3.5,-23.65,6.260674307900832,6445.5,Antofagasta,Antofagasta,6.249976082606412,0.9981347984218669,0.9964291880638513,3.0788,7035.507881595255,0.205527282467284,0.8583509513742072,3.5,0.26472195805077514,22.41321402228498,3.5672164932685875
8.58,26.2,38.3,19.5,2.5500000000000007,38.30000000000001,-23.65,6.260674307900832,13668.8,Antofagasta,Antofagasta,6.254474838452001,0.7847763705330828,0.7839992661999051,6.906899999999999,15783.275752692693,0.18186075720322295,1.1078224101479917,38.3,0.26472195805077514,53.71658556178914,6.726713703995186
11.03,21.7,25.2,10.5,-1.9499999999999993,25.19999999999999,-23.65,6.260674307900832,20162.5,Antofagasta,Antofagasta,6.257048764128768,0.9048270524660196,0.9043030689582491,9.87185,22558.619748254554,0.2086722802485542,0.9175475687103595,25.2,0.26472195805077514,69.05523761614617,9.974462850609486
9.55,31.3,353.6,17.5,7.650000000000002,-6.399999999999977,-23.65,6.260674307900832,16343.7,Antofagasta,Antofagasta,6.204952724901163,0.9937679191605964,0.9849231336204775,7.87875,18004.09501173139,0.19536326472064836,1.3234672304439747,6.399999999999977,0.26472195805077514,59.78943964045295,9.406015926075561
4.6,5.6,18.8,12.6,-18.049999999999997,18.80000000000001,-23.65,6.260674307900832,7900.3,Antofagasta,Antofagasta,5.952564525162597,0.9466492601156963,0.9000613234943208,4.0203999999999995,9187.201470431843,0.1960566805638277,0.23678646934460887,18.8,0.26472195805077514,28.799101816343825,4.140282088073875
12.45,17.0,48.3,18.7,-6.649999999999999,48.30000000000001,-23.65,6.260674307900832,19231.6,Antofagasta,Antofagasta,6.218553028194111,0.6652303546543608,0.6607547418913017,10.121849999999998,23129.9062788505,0.17633639581155672,0.718816067653277,48.3,0.26472195805077514,77.94539513336535,8.226396536546705
11.3,17.4,49.0,17.5,-6.25,49.0,-23.65,6.260674307900832,17674.9,Antofagasta,Antofagasta,6.2234629773144565,0.6560590289905073,0.6521596360159944,9.3225,21303.27472592301,0.17855598658423244,0.7357293868921776,49.0,0.26472195805077514,70.7456196792794,7.369403886980737
11.61,5.1,329.3,18.9,-18.549999999999997,-30.69999999999999,-23.65,6.260674307900832,18037.9,Antofagasta,Antofagasta,5.935409699091888,0.8598522715968736,0.8151798451137567,9.41571,21516.273195990405,0.1773575369996736,0.2156448202959831,30.69999999999999,0.26472195805077514,72.68642871472865,9.464238001770715
3.7,15.9,336.8,12.2,-7.749999999999998,-23.200000000000045,-23.65,6.260674307900832,6617.0,Antofagasta,Antofagasta,6.203488666345155,0.9191353392552342,0.910739862751134,3.2486,7423.525693176024,0.2041527829199062,0.6723044397463003,23.19999999999999,0.26472195805077514,23.16449493923308,3.3697374921791963
3.61,16.3,37.1,15.3,-7.349999999999998,37.099999999999994,-23.65,6.260674307900832,6020.4,Antofagasta,Antofagasta,6.20923147484543,0.7975839288252285,0.7910303253505279,3.05767,6987.2227440292845,0.1903768071946268,0.6892177589852009,37.1,0.26472195805077514,22.601034251522,2.8556194745154055
14.06,22.0,333.5,17.8,-1.6499999999999986,-26.5,-23.65,6.260674307900832,23561.1,Antofagasta,Antofagasta,6.2580784332041395,0.8949343616020251,0.8945632933511897,11.557319999999999,26410.164983148778,0.191296108653715,0.930232558139535,26.5,0.26472195805077514,88.0250807690857,12.577559904517727
7.17,32.6,326.9,12.5,8.950000000000003,-33.10000000000002,-23.65,6.260674307900832,12452.4,Antofagasta,Antofagasta,6.184447338381216,0.8377187166204386,0.8275190550604606,6.27375,14336.435485305388,0.19825758009973063,1.3784355179704018,33.10000000000002,0.26472195805077514,44.88903478764897,5.933311624783503
5.91,21.7,347.8,12.3,-1.9499999999999993,-12.200000000000044,-23.65,6.260674307900832,10795.0,Antofagasta,Antofagasta,6.257048764128768,0.9774158942860958,0.9768498747275041,5.18307,11844.072312543822,0.2085120027196378,0.9175475687103595,12.199999999999989,0.26472195805077514,37.00058515969392,5.773182759639549
8.35,15.4,10.5,10.3,-8.249999999999998,10.5,-23.65,6.260674307900832,15472.4,Antofagasta,Antofagasta,6.195885011240337,0.9832549075639546,0.9730795828679144,7.489949999999999,17115.63019934857,0.21152762967216251,0.6511627906976745,10.5,0.26472195805077514,52.276630470971945,8.125214516947086
10.62,23.2,357.4,19.6,-0.4499999999999993,-2.6000000000000227,-23.65,6.260674307900832,17882.5,Antofagasta,Antofagasta,6.260481213959971,0.9989705697907146,0.9989397591855564,8.53848,19511.67446305166,0.19222045937276958,0.9809725158562368,2.6000000000000227,0.26472195805077514,66.48836114990682,10.608740242550608
14.42,32.0,343.7,17.1,8.350000000000001,-16.299999999999955,-23.65,6.260674307900832,24532.9,Antofagasta,Antofagasta,6.19430764018131,0.9598052919751872,0.9496308162310059,11.95418,27317.048073278016,0.19421354790087336,1.3530655391120507,16.30000000000001,0.26472195805077514,90.27892351992999,13.693676370051104
5.72,15.8,343.1,16.4,-7.849999999999998,-16.899999999999977,-23.65,6.260674307900832,9830.2,Antofagasta,Antofagasta,6.202005710886833,0.9568135840576075,0.9478473117649002,4.78192,10927.385945549559,0.19618338282721848,0.6680761099365751,16.899999999999977,0.26472195805077514,35.811057041192754,5.421686623295229
14.02,16.4,342.2,17.4,-7.25,-17.799999999999955,-23.65,6.260674307900832,23769.1,Antofagasta,Antofagasta,6.210619901770249,0.9521293927421389,0.9445170703357431,11.58052,26463.180373188083,0.19353549072101825,0.693446088794926,17.80000000000001,0.26472195805077514,87.77465379676966,13.242129326107117
2.32,28.1,338.0,15.3,4.450000000000003,-22.0,-23.65,6.260674307900832,4033.8,Antofagasta,Antofagasta,6.241801020647944,0.9271838545667874,0.9243887870767896,1.96504,4490.4035363290695,0.19848252243741146,1.1881606765327697,22.0,0.26472195805077514,14.524764394329928,2.1445819860181516
9.22,21.9,57.0,14.8,-1.75,57.0,-23.65,6.260674307900832,14456.5,Antofagasta,Antofagasta,6.257754272035271,0.5446390350150271,0.5443850103784122,7.855440000000001,17950.828255618628,0.17898973840866092,0.9260042283298098,57.0,0.26472195805077514,57.723417118845674,5.019229795688961
10.24,28.8,7.4,14.5,5.150000000000002,7.400000000000006,-23.65,6.260674307900832,18233.5,Antofagasta,Antofagasta,6.235400662207252,0.9916711623830904,0.9876678962219707,8.7552,20006.91133069468,0.2032665792665525,1.2177589852008457,7.4,0.26472195805077514,64.10930491290452,10.11371925731298
3.38,23.5,22.2,16.4,-0.1499999999999985,22.19999999999999,-23.65,6.260674307900832,5803.6,Antofagasta,Antofagasta,6.260652852920481,0.9258705848099948,0.9258674119033353,2.82568,6457.091695097467,0.19600929453405747,0.9936575052854123,22.2,0.26472195805077514,21.161079160704812,3.129431852233273
3.82,29.3,347.8,12.0,5.650000000000002,-12.200000000000044,-23.65,6.260674307900832,6976.0,Antofagasta,Antofagasta,6.230259099994195,0.9774158942860958,0.9726674748389371,3.3615999999999997,7681.747205005394,0.20846780941452103,1.2389006342494715,12.199999999999989,0.26472195805077514,23.915775856181178,3.7155897538847396
7.45,15.4,355.4,18.9,-8.249999999999998,-4.600000000000023,-23.65,6.260674307900832,12516.6,Antofagasta,Antofagasta,6.195885011240337,0.9967788784562471,0.9864635994167805,6.041950000000001,13806.738614136824,0.19179001562930956,0.6511627906976745,4.600000000000023,0.26472195805077514,46.6420235938612,7.349153815655015
14.56,23.6,342.2,18.1,-0.0499999999999971,-17.799999999999955,-23.65,6.260674307900832,24677.4,Antofagasta,Antofagasta,6.260671924012915,0.9521293927421389,0.9521290301981633,11.92464,27249.5448568228,0.19347903808520248,0.9978858350951375,17.80000000000001,0.26472195805077514,91.15541792303611,13.862998679685258
9.75,22.0,293.7,13.5,-1.6499999999999986,-66.30000000000001,-23.65,6.260674307900832,14786.4,Antofagasta,Antofagasta,6.2580784332041395,0.40194777665596004,0.4017811163233029,8.43375,19272.351109654403,0.1731225851773797,0.930232558139535,66.30000000000001,0.26472195805077514,61.04157450203311,3.917365884152203
14.13,13.9,325.5,15.8,-9.749999999999998,-34.5,-23.65,6.260674307900832,23468.7,Antofagasta,Antofagasta,6.170245497940902,0.8241261886220157,0.8122225586248678,11.89746,27187.43458521641,0.18960193506480916,0.5877378435517971,34.5,0.26472195805077514,88.46332797063876,11.476704753369383
12.46,11.1,314.7,11.4,-12.55,-45.30000000000001,-23.65,6.260674307900832,20833.1,Antofagasta,Antofagasta,6.111086490329912,0.7033947028105038,0.6865883216908879,11.039560000000002,25227.007726823344,0.19086739667392275,0.4693446088794926,45.30000000000001,0.26472195805077514,78.00800187644437,8.554890488268464
8.08,29.1,303.8,19.7,5.450000000000003,-56.19999999999999,-23.65,6.260674307900832,11924.3,Antofagasta,Antofagasta,6.2323726826181245,0.5562956155003049,0.5537808592165554,6.48824,14826.57647709549,0.16846800262218,1.2304439746300213,56.19999999999999,0.26472195805077514,50.586248407838724,4.474549342469768
12.2,20.8,330.1,19.0,-2.849999999999998,-29.899999999999977,-23.65,6.260674307900832,19975.6,Antofagasta,Antofagasta,6.252930652416078,0.866896748935603,0.8658245082416351,9.882,22581.813981396746,0.1869114454674751,0.8794926004228331,29.899999999999977,0.26472195805077514,76.38022655639014,10.563059000547948
2.23,15.5,33.1,19.2,-8.149999999999999,33.099999999999994,-23.65,6.260674307900832,3583.8,Antofagasta,Antofagasta,6.197443508559101,0.8377187166204388,0.8292580266898681,1.80184,4117.467689156033,0.18345721481663493,0.6553911205073997,33.1,0.26472195805077514,13.961303706618855,1.849245399518406
3.42,22.9,358.9,13.3,-0.75,-1.1000000000000227,-23.65,6.260674307900832,6207.8,Antofagasta,Antofagasta,6.260137940744522,0.9998157121216442,0.9997300554840408,2.96514,6775.778173325112,0.2072084701861198,0.9682875264270613,1.1000000000000227,0.26472195805077514,21.411506133020843,3.4190767897554197
12.78,32.7,32.3,11.7,9.050000000000004,32.30000000000001,-23.65,6.260674307900832,22437.2,Antofagasta,Antofagasta,6.1827379888965535,0.845261833221856,0.8347395487783121,11.28474,25787.279853109405,0.2004166041403163,1.382663847780127,32.3,0.26472195805077514,80.01141765497263,10.667971433386828
12.36,5.4,10.3,12.1,-18.25,10.300000000000011,-23.65,6.260674307900832,21523.9,Antofagasta,Antofagasta,5.945756919647961,0.9838850379335415,0.9343947608085851,10.86444,24826.832937871495,0.19879176456680117,0.2283298097251586,10.3,0.26472195805077514,77.38193444565428,11.549119243594111
5.02,11.7,19.6,10.9,-11.95,19.59999999999999,-23.65,6.260674307900832,9041.6,Antofagasta,Antofagasta,6.124997140388783,0.9420574527872968,0.9216418105510451,4.47282,10221.047279120725,0.20560679655806002,0.49471458773784355,19.6,0.26472195805077514,31.428585025662173,4.626641888966246
8.9,16.3,337.5,11.2,-7.349999999999998,-22.5,-23.65,6.260674307900832,16104.3,Antofagasta,Antofagasta,6.20923147484543,0.9238795325112867,0.9162881808106715,7.9032,18059.966834423678,0.20656072033246112,0.6892177589852009,22.5,0.26472195805077514,55.7200013403174,8.154964809214977
9.88,35.3,13.1,10.7,11.65,13.099999999999994,-23.65,6.260674307900832,17977.2,Antofagasta,Antofagasta,6.1317006797745455,0.9739759672790517,0.9539114809266372,8.822840000000001,20161.47861441272,0.20771171870667185,1.492600422832981,13.1,0.26472195805077514,61.85546216206022,9.424645431555177
13.28,25.9,18.2,19.9,2.25,18.19999999999999,-23.65,6.260674307900832,21989.3,Antofagasta,Antofagasta,6.255847554900803,0.9499720515246526,0.9492396575006009,10.63728,24307.73914471079,0.18902063734389615,1.095137420718816,18.2,0.26472195805077514,83.14175480892304,12.605902651607979
9.84,29.8,345.6,10.7,6.150000000000002,-14.399999999999975,-23.65,6.260674307900832,18152.0,Antofagasta,Antofagasta,6.224643079429245,0.9685831611286312,0.9630088029275801,8.78712,20079.85319492117,0.21058395515462006,1.2600422832980973,14.399999999999977,0.26472195805077514,61.605035189744186,9.476006620807388
7.36,14.5,14.0,11.3,-9.15,14.0,-23.65,6.260674307900832,13406.4,Antofagasta,Antofagasta,6.1810098057197385,0.9702957262759965,0.9579491127643063,6.528320000000001,14918.165133680635,0.20793627159023226,0.613107822410148,14.0,0.26472195805077514,46.078562906150125,7.0505054699452945
6.86,14.7,14.2,18.3,-8.95,14.199999999999989,-23.65,6.260674307900832,11521.9,Antofagasta,Antofagasta,6.184447338381216,0.969445349895139,0.9576418479873441,5.60462,12807.375660434715,0.19173256386703408,0.6215644820295984,14.2,0.26472195805077514,42.94822575219971,6.56942307719318
7.54,27.2,346.3,15.8,3.5500000000000007,-13.700000000000044,-23.65,6.260674307900832,13173.2,Antofagasta,Antofagasta,6.248660972098956,0.971549119997646,0.9696848566208052,6.34868,14507.661484255606,0.19944163850635274,1.1501057082452433,13.699999999999989,0.26472195805077514,47.205484281572275,7.311423818920871
10.48,24.1,331.9,17.7,0.4500000000000028,-28.100000000000023,-23.65,6.260674307900832,17512.6,Antofagasta,Antofagasta,6.260481213959971,0.8821268660176675,0.8820996591475252,8.62504,19709.4767114052,0.19075908884938475,1.0190274841437634,28.100000000000023,0.26472195805077514,65.61186674680071,9.244404427866064
13.28,28.0,330.4,16.3,4.350000000000001,-29.600000000000023,-23.65,6.260674307900832,22441.9,Antofagasta,Antofagasta,6.242639324605827,0.8694949295052188,0.8669901950696759,11.115359999999999,25400.221802900032,0.19291119959289216,1.1839323467230445,29.600000000000023,0.26472195805077514,83.14175480892304,11.513629790525295
7.9,22.1,2.2,18.8,-1.5499999999999972,2.1999999999999886,-23.65,6.260674307900832,13430.1,Antofagasta,Antofagasta,6.258383531180796,0.9992629164106211,0.9988972867494168,6.4148000000000005,14658.755345867625,0.1940653719438183,0.9344608879492602,2.2,0.26472195805077514,49.459327032416574,7.8912885653203935
5.22,25.9,8.2,16.4,2.25,8.199999999999989,-23.65,6.260674307900832,9117.7,Antofagasta,Antofagasta,6.255847554900803,0.989776230907789,0.9890131493039652,4.36392,9972.194866393129,0.19939335887611753,1.095137420718816,8.2,0.26472195805077514,32.68071988724234,5.162648639366698
5.08,24.9,340.2,15.2,1.25,-19.799999999999955,-23.65,6.260674307900832,8880.4,Antofagasta,Antofagasta,6.259184436954043,0.9408807689542258,0.9406568648101804,4.30784,9844.043871849844,0.1995559630388667,1.0528541226215644,19.80000000000001,0.26472195805077514,31.804225484136225,4.7785368732357165
11.7,29.9,0.7,17.1,6.25,0.6999999999999886,-23.65,6.260674307900832,20191.0,Antofagasta,Antofagasta,6.2234629773144565,0.999925369660452,0.9939821514602682,9.6993,22164.317784837225,0.19700074152128946,1.2642706131078225,0.7,0.26472195805077514,73.24988940243973,11.629591172085139
12.62,30.1,14.3,14.5,6.450000000000003,14.300000000000011,-23.65,6.260674307900832,22287.7,Antofagasta,Antofagasta,6.221045903494829,0.9690157314068695,0.9628821193722187,10.790099999999999,24656.95517513348,0.20160522907033124,1.272727272727273,14.3,0.26472195805077514,79.0097097657085,12.1515723464774
3.37,10.7,15.5,13.5,-12.95,15.5,-23.65,6.260674307900832,5897.9,Antofagasta,Antofagasta,6.101440321156266,0.963630453208623,0.9391214768162173,2.91505,6661.315204054906,0.1997852390824221,0.452431289640592,15.5,0.26472195805077514,21.098472417625803,3.164839376870652
2.87,5.7,38.8,14.7,-17.95,38.80000000000001,-23.65,6.260674307900832,4595.3,Antofagasta,Antofagasta,5.955941134274603,0.779337964931474,0.7414043303577561,2.4481100000000002,5594.289073669013,0.1827796604776224,0.24101479915433405,38.8,0.26472195805077514,17.96813526367539,2.12783042812676
9.73,31.7,31.9,11.7,8.05,31.90000000000001,-23.65,6.260674307900832,17133.5,Antofagasta,Antofagasta,6.198983127390149,0.8489716876291414,0.8406061245836571,8.59159,19633.038573611462,0.201015312994223,1.3403805496828753,31.9,0.26472195805077514,60.9163610158751,8.179097592198984
3.9,33.2,335.0,18.0,9.550000000000004,-25.0,-23.65,6.260674307900832,6454.2,Antofagasta,Antofagasta,6.173908842238082,0.9063077870366499,0.8937474439635764,3.198,7307.897299383404,0.18891815946610466,1.4038054968287528,25.0,0.26472195805077514,24.416629800813244,3.485615031457948
12.72,15.5,42.1,12.6,-8.149999999999999,42.099999999999994,-23.65,6.260674307900832,21517.1,Antofagasta,Antofagasta,6.197443508559101,0.7419758409756164,0.7344821233327845,11.117280000000001,25404.60928345501,0.19310455615863986,0.6553911205073997,42.1,0.26472195805077514,79.63577719649858,9.342612608793019
6.03,8.8,346.7,11.5,-14.849999999999998,-13.299999999999956,-23.65,6.260674307900832,10736.7,Antofagasta,Antofagasta,6.051568424711574,0.9731788727770884,0.9406747977070324,5.33655,12194.796539407285,0.20325882005497625,0.372093023255814,13.300000000000011,0.26472195805077514,37.75186607664202,5.672269030173406
3.87,24.4,26.1,12.5,0.75,26.09999999999999,-23.65,6.260674307900832,6913.8,Antofagasta,Antofagasta,6.260137940744522,0.8980275757606156,0.8979506395595916,3.38625,7738.076056922155,0.2039396835510247,1.0317124735729386,26.1,0.26472195805077514,24.22880957157622,3.4750689750956196
13.97,31.1,1.7,18.4,7.450000000000003,1.6999999999999886,-23.65,6.260674307900832,23677.4,Antofagasta,Antofagasta,6.207824133524705,0.999559860119384,0.991121965044724,11.39952,26049.56892503662,0.1934788506355759,1.3150105708245245,1.7,0.26472195805077514,87.46162008137462,13.845973851674795
4.15,38.0,349.7,13.3,14.35,-10.299999999999956,-23.65,6.260674307900832,7275.7,Antofagasta,Antofagasta,6.065340112267229,0.9838850379335418,0.9531876428880671,3.59805,8222.070005643045,0.20013478571821533,1.6067653276955602,10.300000000000011,0.26472195805077514,25.981798377788454,3.9557287179854788
5.7,27.8,314.8,16.9,4.150000000000002,-45.19999999999999,-23.65,6.260674307900832,9144.7,Antofagasta,Antofagasta,6.244258881539868,0.7046342099635948,0.7027866660064725,4.7367,10824.051637895363,0.18314307458143075,1.1754756871035943,45.19999999999999,0.26472195805077514,35.685843555034744,4.005883996236894
4.0,20.7,355.7,18.6,-2.9499999999999993,-4.2999999999999545,-23.65,6.260674307900832,6805.5,Antofagasta,Antofagasta,6.252377826566446,0.9971851335251158,0.9958636899488579,3.256,7440.435774481663,0.1942208904109589,0.8752642706131079,4.300000000000011,0.26472195805077514,25.042697231603327,3.9834547597954315
3.5,16.5,321.0,10.8,-7.149999999999999,-39.0,-23.65,6.260674307900832,6122.0,Antofagasta,Antofagasta,6.211989410069773,0.7771459614569709,0.7711026393046582,3.122,7134.2261940822345,0.19967384213959558,0.6976744186046512,39.0,0.26472195805077514,21.912360077652913,2.6988592375663036
2.27,23.7,24.2,17.7,0.0500000000000007,24.19999999999999,-23.65,6.260674307900832,3837.8,Antofagasta,Antofagasta,6.260671924012915,0.9121201161722731,0.9121197688626997,1.86821,4269.132837298645,0.19299780741455957,1.0021141649048626,24.2,0.26472195805077514,14.211730678934888,2.0705118753183283
2.72,21.3,37.9,13.1,-2.349999999999998,37.900000000000006,-23.65,6.260674307900832,4680.9,Antofagasta,Antofagasta,6.2554090373473565,0.7890840848346906,0.7884204596416579,2.36368,5401.354186556149,0.19645195406929894,0.9006342494714589,37.9,0.26472195805077514,17.029034117490262,2.1445036502253094
4.27,15.5,340.1,12.2,-8.149999999999999,-19.899999999999977,-23.65,6.260674307900832,7662.2,Antofagasta,Antofagasta,6.197443508559101,0.9402881270104191,0.9307915189841276,3.7490599999999996,8567.149921584221,0.20484317688449735,0.6553911205073997,19.899999999999977,0.26472195805077514,26.733079294736548,3.9744797860622243
2.69,40.0,7.5,16.9,16.35,7.5,-23.65,6.260674307900832,4490.5,Antofagasta,Antofagasta,6.007492630318225,0.9914448613738104,0.9513508298225284,2.2353899999999998,5108.19279051553,0.19056288299298943,1.6913319238900635,7.5,0.26472195805077514,16.841213888253236,2.5591337322226013
9.68,37.9,341.9,19.1,14.25,-18.100000000000023,-23.65,6.260674307900832,15709.4,Antofagasta,Antofagasta,6.068039054824428,0.9505157316277836,0.9212692272561779,7.831119999999999,17895.253501922252,0.18525934940941166,1.602536997885835,18.100000000000023,0.26472195805077514,60.60332730048005,8.917886119839801
10.85,32.7,344.3,13.0,9.050000000000004,-15.700000000000044,-23.65,6.260674307900832,19354.8,Antofagasta,Antofagasta,6.1827379888965535,0.9626917464264786,0.9507076298022366,9.439499999999999,21570.63682224191,0.20363613408244427,1.382663847780127,15.699999999999989,0.26472195805077514,67.92831624072403,10.315177783354267
7.12,16.3,19.4,15.7,-7.349999999999998,19.40000000000001,-23.65,6.260674307900832,12290.5,Antofagasta,Antofagasta,6.20923147484543,0.943222657947601,0.9354723672695445,6.00216,13715.812649927171,0.19705408906674873,0.6892177589852009,19.4,0.26472195805077514,44.57600107225392,6.660563254959157
6.13,30.5,359.0,12.9,6.850000000000001,-1.0,-23.65,6.260674307900832,11113.4,Antofagasta,Antofagasta,6.215984381787201,0.9998476951563913,0.9927105854100762,5.33923,12200.920731015276,0.20695806982651382,1.2896405919661735,1.0,0.26472195805077514,38.3779335074321,6.085315888563767
8.56,28.8,43.5,15.5,5.150000000000002,43.5,-23.65,6.260674307900832,14010.7,Antofagasta,Antofagasta,6.235400662207252,0.7253743710122877,0.72244611537295,7.2332,16528.918932426528,0.18684520761319506,1.2177589852008457,43.5,0.26472195805077514,53.59137207563112,6.184138747592453
13.38,27.2,347.9,16.2,3.5500000000000007,-12.100000000000025,-23.65,6.260674307900832,23302.8,Antofagasta,Antofagasta,6.248660972098956,0.9777832367586061,0.9759070110060858,11.21244,25622.06378846106,0.1988144234903864,1.1501057082452433,12.100000000000023,0.26472195805077514,83.76782223971314,13.057635807261429
13.06,33.6,25.0,16.1,9.950000000000005,25.0,-23.65,6.260674307900832,22079.9,Antofagasta,Antofagasta,6.16650697114954,0.9063077870366499,0.8926759342385424,10.95734,25039.12301264095,0.19299667149160532,1.4207188160676534,25.0,0.26472195805077514,81.76440646118486,11.658347701155364
2.57,28.7,2.4,16.2,5.050000000000001,2.4000000000000057,-23.65,6.260674307900832,4483.0,Antofagasta,Antofagasta,6.236372004554982,0.9991228300988584,0.9952444960883854,2.15366,4921.427797933102,0.19912762290567315,1.2135306553911205,2.4,0.26472195805077514,16.089932971305135,2.5577783549471502
4.36,29.6,19.9,11.4,5.950000000000003,19.90000000000001,-23.65,6.260674307900832,7932.5,Antofagasta,Antofagasta,6.22694639609481,0.9402881270104189,0.935222545659216,3.86296,8827.428064923739,0.20769186460558833,1.2515856236786471,19.9,0.26472195805077514,27.29653998244763,4.077570299074182
5.08,28.7,348.8,16.9,5.050000000000001,-11.200000000000044,-23.65,6.260674307900832,8759.8,Antofagasta,Antofagasta,6.236372004554982,0.9809551553491914,0.9771473435095169,4.22148,9646.69865272078,0.19684589939956132,1.2135306553911205,11.199999999999989,0.26472195805077514,31.804225484136225,4.963908505028346
5.24,26.4,358.8,16.7,2.75,-1.2000000000000457,-23.65,6.260674307900832,9132.3,Antofagasta,Antofagasta,6.253464430754531,0.9997806834748455,0.9986293225276706,4.36492,9974.480012515512,0.1989503816793893,1.1162790697674418,1.1999999999999886,0.26472195805077514,32.80593337340036,5.232817650044994
9.43,9.4,357.1,16.8,-14.249999999999998,-2.8999999999999773,-23.65,6.260674307900832,15913.7,Antofagasta,Antofagasta,6.068039054824428,0.9987193571841863,0.9679896711053738,7.845759999999999,17928.70804115395,0.19264394698741508,0.39746300211416496,2.8999999999999773,0.26472195805077514,59.03815872350484,9.128142598523675
7.41,24.3,339.1,10.7,0.6500000000000021,-20.899999999999977,-23.65,6.260674307900832,13628.9,Antofagasta,Antofagasta,6.260271435138334,0.9342044743210296,0.9341443585062151,6.61713,15121.108960809537,0.2099609314822004,1.0274841437632136,20.899999999999977,0.26472195805077514,46.39159662154516,6.922009696531054
2.64,19.2,16.6,14.5,-4.449999999999999,16.599999999999994,-23.65,6.260674307900832,4667.9,Antofagasta,Antofagasta,6.241801020647944,0.9583225744651332,0.9554336368939867,2.2572,5158.031827444722,0.20184291545592914,0.8118393234672304,16.6,0.26472195805077514,16.528180172858196,2.5223448014001253
6.86,13.4,16.3,14.1,-10.249999999999998,16.30000000000001,-23.65,6.260674307900832,12023.2,Antofagasta,Antofagasta,6.160758313682944,0.9598052919751868,0.9444874691198647,5.89274,13465.771961215934,0.20007455036809244,0.5665961945031713,16.3,0.26472195805077514,42.94822575219971,6.4791840381622725
8.81,37.1,14.8,10.9,13.450000000000005,14.800000000000011,-23.65,6.260674307900832,15864.2,Antofagasta,Antofagasta,6.088964481735939,0.9668233886044594,0.940306584211693,7.849710000000001,17937.73436833737,0.20555978832688052,1.568710359408034,14.8,0.26472195805077514,55.15654065260633,8.284101006905015
3.32,37.5,38.4,12.2,13.85,38.400000000000006,-23.65,6.260674307900832,5601.2,Antofagasta,Antofagasta,6.078649900690415,0.7836934573258397,0.7609081581729362,2.9149599999999998,6661.109540903892,0.19259228695604336,1.5856236786469347,38.4,0.26472195805077514,20.78543870223076,2.5262150851341483
12.83,34.5,36.2,14.4,10.85,36.19999999999999,-23.65,6.260674307900832,21481.8,Antofagasta,Antofagasta,6.1487544600788215,0.806960312143802,0.7925345696611494,10.98248,25096.57158615768,0.1911348615722995,1.4587737843551798,36.2,0.26472195805077514,80.32445137036767,10.168218528752547
2.68,25.7,350.6,17.4,2.0500000000000007,-9.399999999999975,-23.65,6.260674307900832,4610.0,Antofagasta,Antofagasta,6.256667419540234,0.9865721616069695,0.9859407464723019,2.21368,5058.582268198578,0.1963640700606556,1.0866807610993658,9.399999999999977,0.26472195805077514,16.77860714517423,2.6423212005457692
14.02,34.5,9.3,12.4,10.85,9.300000000000011,-23.65,6.260674307900832,25204.7,Antofagasta,Antofagasta,6.1487544600788215,0.9868557164068072,0.9692140477668738,12.28152,28065.06780497913,0.2052245976068109,1.4587737843551798,9.3,0.26472195805077514,87.77465379676966,13.58838094969157
3.29,23.7,344.4,18.3,0.0500000000000007,-15.600000000000025,-23.65,6.260674307900832,5577.0,Antofagasta,Antofagasta,6.260671924012915,0.963162566797658,0.9631622000525614,2.6879299999999997,6142.312816739096,0.19350876462505723,1.0021141649048626,15.600000000000023,0.26472195805077514,20.597618472993737,3.168803638172927
12.97,25.3,0.6,15.5,1.650000000000002,0.5999999999999943,-23.65,6.260674307900832,22957.1,Antofagasta,Antofagasta,6.2580784332041395,0.9999451693655121,0.9995305602937768,10.95965,25044.40170018365,0.20205655481740437,1.0697674418604652,0.6,0.26472195805077514,81.20094577347379,12.963911367010287
13.73,14.9,345.0,17.6,-8.749999999999998,-15.0,-23.65,6.260674307900832,23233.2,Antofagasta,Antofagasta,6.187809515503568,0.9659258262890683,0.9546839086708834,11.31352,25853.046358511612,0.19316764609045287,0.6300211416490487,15.0,0.26472195805077514,85.95905824747842,13.10781006605123
14.73,26.8,40.5,14.7,3.150000000000002,40.5,-23.65,6.260674307900832,24659.0,Antofagasta,Antofagasta,6.251215039127673,0.7604059656000309,0.7592570662879797,12.56469,28712.152632454552,0.19110348526134036,1.1331923890063427,40.5,0.26472195805077514,92.21973255537925,11.183856586421943
12.43,24.1,9.1,15.0,0.4500000000000028,9.099999999999994,-23.65,6.260674307900832,22060.8,Antofagasta,Antofagasta,6.260481213959971,0.9874138067509114,0.987383352583544,10.5655,24143.71135604608,0.20260307034461475,1.0190274841437634,9.1,0.26472195805077514,77.82018164720733,12.273175072613451
12.13,13.2,354.5,16.2,-10.45,-5.5,-23.65,6.260674307900832,20927.7,Antofagasta,Antofagasta,6.156832031952039,0.9953961983671789,0.9788861226747281,10.16494,23228.37322526402,0.19695027611830737,0.5581395348837209,5.5,0.26472195805077514,75.94197935483709,11.873888668044453
10.35,23.2,29.8,19.3,-0.4499999999999993,29.80000000000001,-23.65,6.260674307900832,16916.7,Antofagasta,Antofagasta,6.260481213959971,0.8677654533689283,0.8677386894385762,8.35245,19086.5687299046,0.1865826219310436,0.9809725158562368,29.8,0.26472195805077514,64.79797908677361,8.981095435689264
12.13,23.0,305.7,14.9,-0.6499999999999986,-54.30000000000001,-23.65,6.260674307900832,19236.7,Antofagasta,Antofagasta,6.260271435138335,0.5835412113561174,0.5835036606310215,10.32263,23588.71791730272,0.18103630005232507,0.9725158562367865,54.30000000000001,0.26472195805077514,75.94197935483709,7.077899403454292
3.75,38.0,309.6,15.3,14.35,-50.39999999999998,-23.65,6.260674307900832,5833.3,Antofagasta,Antofagasta,6.065340112267229,0.6374239897486901,0.6175362434466676,3.17625,7258.195371221556,0.1775738203957382,1.6067653276955602,50.39999999999998,0.26472195805077514,23.47752865462812,2.315760912925003
8.97,30.8,19.9,16.0,7.150000000000002,19.90000000000001,-23.65,6.260674307900832,15422.1,Antofagasta,Antofagasta,6.211989410069773,0.9402881270104189,0.9329761620136949,7.534800000000001,17218.119002937485,0.1962668560345749,1.302325581395349,19.9,0.26472195805077514,56.158248541870464,8.368796173262844
8.68,23.7,1.5,17.4,0.0500000000000007,1.5,-23.65,6.260674307900832,15032.8,Antofagasta,Antofagasta,6.260671924012915,0.9996573249755573,0.9996569443342876,7.1696800000000005,16383.766450732712,0.19770426951160489,1.0021141649048626,1.5,0.26472195805077514,54.34265299257922,8.677022276821617
13.15,25.6,6.3,10.7,1.9500000000000028,6.300000000000011,-23.65,6.260674307900832,24543.0,Antofagasta,Antofagasta,6.257048764128768,0.9939609554551797,0.9933853546852791,11.74295,26834.356657846885,0.21305797176936297,1.0824524312896406,6.3,0.26472195805077514,82.32786714889593,13.063017414111421
8.02,24.0,326.8,15.2,0.3500000000000014,-33.19999999999999,-23.65,6.260674307900832,13656.7,Antofagasta,Antofagasta,6.260557497748775,0.8367643134589619,0.8367487013121093,6.800959999999999,15541.18737248735,0.19438703469636412,1.0147991543340382,33.19999999999999,0.26472195805077514,50.21060794936467,6.710724584523116
7.01,22.0,359.4,14.8,-1.6499999999999986,-0.6000000000000227,-23.65,6.260674307900832,12498.6,Antofagasta,Antofagasta,6.2580784332041395,0.9999451693655121,0.9995305602937768,5.972519999999999,13648.080918859712,0.20353506732065738,0.930232558139535,0.6000000000000227,0.26472195805077514,43.88732689838483,7.006709227659376
10.31,15.0,50.1,19.2,-8.649999999999999,50.099999999999994,-23.65,6.260674307900832,15635.3,Antofagasta,Antofagasta,6.189462332899484,0.6414496315691579,0.6341534693857521,8.330480000000001,19036.36406959583,0.17311848672876,0.6342494714587739,50.1,0.26472195805077514,64.54755211445757,6.538122269367105
5.46,22.4,20.6,14.9,-1.25,20.59999999999999,-23.65,6.260674307900832,9578.8,Antofagasta,Antofagasta,6.259184436954043,0.9360595357389734,0.9358367789178746,4.64646,10617.840051811449,0.20026928931038518,0.9471458773784355,20.6,0.26472195805077514,34.18328172113854,5.109668812891596
3.82,17.7,4.2,14.7,-5.949999999999999,4.199999999999989,-23.65,6.260674307900832,6781.1,Antofagasta,Antofagasta,6.22694639609481,0.9973144772244581,0.9919416798105685,3.25846,7446.057233942729,0.20264350092041408,0.7484143763213531,4.2,0.26472195805077514,23.915775856181178,3.7892172168763714
8.21,13.6,349.0,19.6,-10.05,-11.0,-23.65,6.260674307900832,13557.0,Antofagasta,Antofagasta,6.164609528518013,0.981627183447664,0.96656494028081,6.600840000000001,15083.883930475908,0.18850216074616655,0.5750528541226216,11.0,0.26472195805077514,51.40013606786584,7.935498159705451
7.42,27.7,350.1,14.5,4.050000000000001,-9.899999999999975,-23.65,6.260674307900832,13206.8,Antofagasta,Antofagasta,6.245040129582576,0.985109326154774,0.9826493076151345,6.3441,14497.195515015088,0.20318403918817463,1.1712473572938689,9.899999999999977,0.26472195805077514,46.45420336462417,7.291257862504298
5.02,26.8,306.8,11.8,3.150000000000002,-53.19999999999999,-23.65,6.260674307900832,8285.8,Antofagasta,Antofagasta,6.251215039127673,0.599023598515586,0.5981185322334008,4.427639999999999,10117.804377311422,0.18841983663519438,1.1331923890063427,53.19999999999999,0.26472195805077514,31.428585025662173,3.002555031811672
6.78,9.4,6.4,12.2,-14.249999999999998,6.400000000000006,-23.65,6.260674307900832,12066.6,Antofagasta,Antofagasta,6.068039054824428,0.9937679191605964,0.9631905843254132,5.95284,13603.109243171202,0.20316604032812058,0.39746300211416496,6.4,0.26472195805077514,42.44737180756764,6.530432161726301
6.76,22.7,21.1,11.0,-0.9499999999999992,21.09999999999999,-23.65,6.260674307900832,12401.6,Antofagasta,Antofagasta,6.259813744024146,0.9329535348254892,0.9328252952667432,6.0164,13748.353130709917,0.20942422523033694,0.959830866807611,21.1,0.26472195805077514,42.322158321409624,6.305898996003184
6.26,31.6,320.6,10.0,7.950000000000003,-39.39999999999998,-23.65,6.260674307900832,11000.8,Antofagasta,Antofagasta,6.200503863043534,0.7727335734973513,0.765306941702302,5.634,12874.51325351035,0.20060688286868864,1.3361522198731501,39.39999999999998,0.26472195805077514,39.1918211674592,4.79082145505641
6.93,32.1,343.5,14.3,8.450000000000003,-16.5,-23.65,6.260674307900832,12181.6,Antofagasta,Antofagasta,6.192711400186965,0.958819734868193,0.94841124307477,5.93901,13571.505672298632,0.2006628581971048,1.357293868921776,16.5,0.26472195805077514,43.386472953752765,6.5724899145081555
10.91,31.9,331.1,17.7,8.25,-28.899999999999977,-23.65,6.260674307900832,18037.9,Antofagasta,Antofagasta,6.195885011240337,0.8754645270000181,0.8664046832569945,8.97893,20518.167072655608,0.18873703066601374,1.3488372093023255,28.899999999999977,0.26472195805077514,68.30395669919808,9.45247509433381
5.86,24.0,335.9,17.3,0.3500000000000014,-24.100000000000023,-23.65,6.260674307900832,9923.6,Antofagasta,Antofagasta,6.260557497748775,0.9128341772330426,0.9128171457930089,4.84622,11074.320841218836,0.19331587887855126,1.0147991543340382,24.100000000000023,0.26472195805077514,36.687551444298876,5.349108474347032
14.34,16.9,1.3,10.3,-6.75,1.3000000000000114,-23.65,6.260674307900832,26744.4,Antofagasta,Antofagasta,6.21727817444443,0.9997426093226983,0.9928128503921837,12.86298,29393.78886930042,0.2129019315641658,0.7145877378435518,1.3,0.26472195805077514,89.77806957529793,14.236936274623915
13.91,15.0,307.9,15.7,-8.649999999999999,-52.10000000000002,-23.65,6.260674307900832,21822.4,Antofagasta,Antofagasta,6.189462332899484,0.6142852000989429,0.6072980194596403,11.72613,26795.920500068387,0.17908997501879337,0.6342494714587739,52.10000000000002,0.26472195805077514,87.08597962290057,8.447515450683598
8.25,26.4,15.4,11.5,2.75,15.400000000000006,-23.65,6.260674307900832,15138.1,Antofagasta,Antofagasta,6.253464430754531,0.9640954042341101,0.9629851389367972,7.3012500000000005,16684.423126054746,0.2094658917946589,1.1162790697674418,15.4,0.26472195805077514,51.650563040181865,7.944627396228577
6.27,26.7,18.8,19.4,3.0500000000000007,18.80000000000001,-23.65,6.260674307900832,10426.7,Antofagasta,Antofagasta,6.251805954889637,0.9466492601156963,0.9453083151306013,5.05362,11548.260147001238,0.18983453860887173,1.1289640591966175,18.8,0.26472195805077514,39.25442791053821,5.92708313586887
8.96,33.9,353.7,11.7,10.25,-6.2999999999999545,-23.65,6.260674307900832,16290.2,Antofagasta,Antofagasta,6.160758313682944,0.9939609554551798,0.978098032039289,7.9116800000000005,18079.344873541493,0.20754596787345075,1.4334038054968288,6.300000000000011,0.26472195805077514,56.095641798791455,8.76375836707203
13.03,32.4,298.0,16.3,8.75,-62.0,-23.65,6.260674307900832,19363.0,Antofagasta,Antofagasta,6.187809515503568,0.46947156278589086,0.4640076229167232,10.906109999999998,24922.05497679122,0.16963838279768853,1.3699788583509513,62.0,0.26472195805077514,81.57658623194783,6.046019326604903
10.48,22.6,335.1,13.3,-1.0499999999999972,-24.899999999999977,-23.65,6.260674307900832,18599.6,Antofagasta,Antofagasta,6.259623042685141,0.9070440142914651,0.9068917074033521,9.08616,20763.203291358823,0.20259942835233014,0.955602536997886,24.899999999999977,0.26472195805077514,65.61186674680071,9.50422509358713
12.46,13.7,30.8,16.4,-9.95,30.80000000000001,-23.65,6.260674307900832,20713.5,Antofagasta,Antofagasta,6.16650697114954,0.8589598969306643,0.846040207789824,10.416560000000002,23803.361692578237,0.18977165285076628,0.5792811839323467,30.8,0.26472195805077514,78.00800187644437,10.541660989061208
8.93,21.1,290.6,14.1,-2.549999999999997,-69.39999999999998,-23.65,6.260674307900832,13185.4,Antofagasta,Antofagasta,6.254474838452001,0.3518416484047021,0.351493246388747,7.67087,17529.058835810247,0.16855348806291448,0.8921775898520086,69.39999999999998,0.26472195805077514,55.90782156955443,3.1388346902515107
10.23,25.4,351.3,17.6,1.75,-8.700000000000045,-23.65,6.260674307900832,17598.9,Antofagasta,Antofagasta,6.257754272035271,0.9884938868086834,0.9880328442020225,8.42952,19262.68494155672,0.19638385623803212,1.0739957716701902,8.699999999999989,0.26472195805077514,64.04669816982552,10.107575996186691
5.75,22.0,330.5,12.3,-1.6499999999999986,-29.5,-23.65,6.260674307900832,10204.9,Antofagasta,Antofagasta,6.2580784332041395,0.8703556959398997,0.8699948187856031,5.04275,11523.420608650926,0.20259876910859637,0.930232558139535,29.5,0.26472195805077514,35.99887727042978,5.002470208017218
11.55,19.0,20.1,19.1,-4.649999999999999,20.09999999999999,-23.65,6.260674307900832,19228.9,Antofagasta,Antofagasta,6.240067374518547,0.9390942520947092,0.9360032347791812,9.34395,21352.29111024814,0.19005020854335924,0.8033826638477801,20.1,0.26472195805077514,72.31078825625461,10.810837361699544
4.63,25.7,343.1,15.0,2.0500000000000007,-16.899999999999977,-23.65,6.260674307900832,8152.9,Antofagasta,Antofagasta,6.256667419540234,0.9568135840576075,0.9562012146825732,3.9354999999999998,8993.192564641458,0.20101432981251913,1.0866807610993658,16.899999999999977,0.26472195805077514,28.98692204558085,4.427211623980314
11.03,19.6,10.1,17.6,-4.049999999999997,10.099999999999994,-23.65,6.260674307900832,18933.9,Antofagasta,Antofagasta,6.245040129582576,0.9845031799744367,0.9820446751052111,9.088719999999999,20769.05326543212,0.19595685490381157,0.8287526427061311,10.1,0.26472195805077514,69.05523761614617,10.831952766410478
13.19,18.6,14.1,18.5,-5.049999999999997,14.099999999999994,-23.65,6.260674307900832,22264.5,Antofagasta,Antofagasta,6.236372004554982,0.9698720152847469,0.9661072253016048,10.749849999999999,24564.978043707524,0.1926921598969747,0.7864693446088796,14.1,0.26472195805077514,82.57829412121197,12.742954301728167
3.72,26.1,45.9,20.0,2.450000000000003,45.900000000000006,-23.65,6.260674307900832,5732.6,Antofagasta,Antofagasta,6.254951464733141,0.6959127965923142,0.69527666706418,2.9760000000000004,6800.5948602142,0.1759156969607699,1.1035940803382664,45.9,0.26472195805077514,23.289708425391094,2.5864292014787496
9.99,20.4,354.9,12.2,-3.25,-5.100000000000023,-23.65,6.260674307900832,18315.7,Antofagasta,Antofagasta,6.250605081080585,0.9960410654107695,0.9944391032391797,8.77122,20043.519371575265,0.2092926259592926,0.8625792811839323,5.100000000000023,0.26472195805077514,62.54413633592931,9.934446641359406
3.24,25.6,9.4,12.9,1.9500000000000028,9.400000000000006,-23.65,6.260674307900832,5884.4,Antofagasta,Antofagasta,6.257048764128768,0.9865721616069694,0.9860008396725747,2.8220400000000003,6448.773763211991,0.20732566661029367,1.0824524312896406,9.4,0.26472195805077514,20.284584757598697,3.194642720539142
11.43,25.8,322.9,12.5,2.150000000000002,-37.10000000000002,-23.65,6.260674307900832,19855.4,Antofagasta,Antofagasta,6.25626701605768,0.7975839288252283,0.7970224581319989,10.001249999999999,22854.317656491014,0.19830255236360295,1.090909090909091,37.10000000000002,0.26472195805077514,71.5595073393065,9.109966696448748
3.1,14.5,29.8,12.6,-9.15,29.80000000000001,-23.65,6.260674307900832,5412.2,Antofagasta,Antofagasta,6.1810098057197385,0.8677654533689283,0.856723495354063,2.7094,6191.374903986678,0.19930033878332595,0.613107822410148,29.8,0.26472195805077514,19.40809035449258,2.6558428355975954
14.17,19.8,341.0,15.8,-3.849999999999998,-19.0,-23.65,6.260674307900832,24585.9,Antofagasta,Antofagasta,6.246545552920289,0.9455185755993168,0.9433847798407137,11.93114,27264.398306618292,0.19806701404665464,0.8372093023255814,19.0,0.26472195805077514,88.7137549429548,13.367762330342913
3.79,35.2,346.0,19.9,11.550000000000004,-14.0,-23.65,6.260674307900832,6177.2,Antofagasta,Antofagasta,6.13389784547457,0.9702957262759965,0.9506475775886649,3.03579,6937.2237468715275,0.18605799930121322,1.488372093023256,14.0,0.26472195805077514,23.72795562694415,3.6029543190610402
14.47,14.4,359.4,19.9,-9.249999999999998,-0.6000000000000227,-23.65,6.260674307900832,23955.4,Antofagasta,Antofagasta,6.1792627941151155,0.9999451693655121,0.9869422489232162,11.590470000000002,26485.917577105807,0.18898650333077727,0.6088794926004228,0.6000000000000227,0.26472195805077514,90.59195723532504,14.28105434191894
12.41,6.7,320.9,15.3,-16.95,-39.10000000000002,-23.65,6.260674307900832,19864.4,Antofagasta,Antofagasta,5.988707700001278,0.7760464070665457,0.7423345896931082,10.51127,24019.787881829205,0.18272567048962576,0.28329809725158567,39.10000000000002,0.26472195805077514,77.69496816104932,9.212372258091472
9.72,8.8,5.7,16.4,-14.849999999999998,5.699999999999989,-23.65,6.260674307900832,16430.3,Antofagasta,Antofagasta,6.051568424711574,0.9950555699612263,0.9618208154370131,8.12592,18568.914578801,0.1929634797151286,0.372093023255814,5.7,0.26472195805077514,60.85375427279609,9.348898326047768
12.17,23.9,24.2,18.6,0.25,24.19999999999999,-23.65,6.260674307900832,20300.9,Antofagasta,Antofagasta,6.260614710793704,0.9121201161722731,0.9121114334461635,9.906379999999999,22637.52584386046,0.19042352817580474,1.0105708245243128,24.2,0.26472195805077514,76.19240632715312,11.10039614503981
12.34,23.9,7.3,19.3,0.25,7.300000000000011,-23.65,6.260674307900832,20807.4,Antofagasta,Antofagasta,6.260614710793704,0.9918944425900296,0.9918850004698286,9.95838,22756.353442224423,0.19248573521902268,1.0105708245243128,7.3,0.26472195805077514,77.25672095949626,12.239860905797686
14.3,22.7,320.3,12.0,-0.9499999999999992,-39.69999999999999,-23.65,6.260674307900832,24779.3,Antofagasta,Antofagasta,6.259813744024146,0.7693995550468952,0.7692937968759301,12.584000000000001,28756.278804077785,0.19781029472810294,0.959830866807611,39.69999999999999,0.26472195805077514,89.5276426029819,11.000901295325802
5.29,33.4,356.9,15.3,9.75,-3.1000000000000227,-23.65,6.260674307900832,9257.9,Antofagasta,Antofagasta,6.170245497940902,0.9985366703262117,0.9841138656316762,4.48063,10238.894270336541,0.19978032127474082,1.412262156448203,3.1000000000000227,0.26472195805077514,33.1189670887954,5.205962349191568
9.67,2.3,18.6,18.3,-21.35,18.59999999999999,-23.65,6.260674307900832,15207.4,Antofagasta,Antofagasta,5.831028498807735,0.9477684100095858,0.8827267379268258,7.90039,18053.545573819778,0.1795247741685673,0.09725158562367865,18.6,0.26472195805077514,60.540720557401045,8.535967555752405
3.24,26.8,313.1,13.0,3.150000000000002,-46.89999999999998,-23.65,6.260674307900832,5399.3,Antofagasta,Antofagasta,6.251215039127673,0.6832737736807994,0.6822414135941646,2.8188,6441.369889775466,0.19023408873104458,1.1331923890063427,46.89999999999998,0.26472195805077514,20.284584757598697,2.210462180045093
10.01,36.1,333.1,14.4,12.450000000000005,-26.899999999999977,-23.65,6.260674307900832,17048.0,Antofagasta,Antofagasta,6.113451512273449,0.8917975296052143,0.8708264777687715,8.56856,19580.411658412962,0.19441745469142732,1.5264270613107824,26.899999999999977,0.26472195805077514,62.66934982208733,8.716973042465403
4.23,14.6,21.9,19.9,-9.05,21.90000000000001,-23.65,6.260674307900832,6881.5,Antofagasta,Antofagasta,6.1827379888965535,0.9278362538989199,0.916286037626474,3.3882300000000005,7742.600646244476,0.18571143279683064,0.6173361522198731,21.9,0.26472195805077514,26.48265232242052,3.8758899391599853
9.34,20.6,6.8,19.9,-3.049999999999997,6.800000000000011,-23.65,6.260674307900832,15641.8,Antofagasta,Antofagasta,6.251805954889637,0.9929655081065369,0.9915589553582624,7.48134,17095.955091234846,0.19117704575010022,0.8710359408033828,6.8,0.26472195805077514,58.47469803579377,9.261160643046171
9.44,17.6,10.3,19.1,-6.049999999999997,10.300000000000011,-23.65,6.260674307900832,15857.8,Antofagasta,Antofagasta,6.2258042202017085,0.9838850379335415,0.9784050918652241,7.636959999999999,17451.56953080021,0.1917638921136135,0.744186046511628,10.3,0.26472195805077514,59.10076546658385,9.236144067207714
8.06,16.5,46.5,18.0,-7.149999999999999,46.5,-23.65,6.260674307900832,12622.8,Antofagasta,Antofagasta,6.211989410069773,0.6883545756937539,0.6830017222244559,6.609200000000001,15102.987752059038,0.17877902036099116,0.6976744186046512,46.5,0.26472195805077514,50.46103492168071,5.504993881129114
8.79,21.0,11.7,12.7,-2.6499999999999986,11.699999999999989,-23.65,6.260674307900832,15985.7,Antofagasta,Antofagasta,6.253979159955824,0.9792228106217659,0.9781756324320354,7.6736699999999995,17535.457244952922,0.20760541503680502,0.8879492600422834,11.7,0.26472195805077514,55.03132716644831,8.59816380907759
11.93,35.1,16.4,13.2,11.450000000000005,16.400000000000006,-23.65,6.260674307900832,21046.7,Antofagasta,Antofagasta,6.136076326257986,0.9593139745400575,0.9402220079065872,10.35524,23663.236532353658,0.20139072290032803,1.4841437632135308,16.4,0.26472195805077514,74.68984449325693,11.216848554325585
12.39,38.3,67.8,15.5,14.65,67.80000000000001,-23.65,6.260674307900832,17619.3,Antofagasta,Antofagasta,6.057132461295635,0.37784078681846706,0.36555674077334105,10.46955,23924.45158560335,0.16233540084248232,1.6194503171247356,67.8,0.26472195805077514,77.56975467489131,4.529248018181696
8.4,21.0,354.7,15.6,-2.6499999999999986,-5.2999999999999545,-23.65,6.260674307900832,14815.9,Antofagasta,Antofagasta,6.253979159955824,0.9957246981845822,0.994659872921522,7.0896,16200.771949252214,0.20134676016525332,0.8879492600422834,5.300000000000011,0.26472195805077514,52.58966418636699,8.355142932540785
9.79,38.9,340.1,15.1,15.25,-19.899999999999977,-23.65,6.260674307900832,16564.2,Antofagasta,Antofagasta,6.04021921088345,0.9402881270104191,0.9071780656863893,8.31171,18993.471876878684,0.19314508794268687,1.6448202959830867,19.899999999999977,0.26472195805077514,61.292001474349135,8.88127326306975
14.11,23.9,10.7,16.4,0.25,10.699999999999989,-23.65,6.260674307900832,24608.6,Antofagasta,Antofagasta,6.260614710793704,0.9826127965436152,0.982603442777995,11.795960000000001,26955.49225379445,0.1990929066790935,1.0105708245243128,10.7,0.26472195805077514,88.33811448448073,13.86453457759751
3.56,37.7,11.0,14.1,14.050000000000004,11.0,-23.65,6.260674307900832,6182.5,Antofagasta,Antofagasta,6.07338147887576,0.981627183447664,0.9522610603762547,3.05804,6988.068248094567,0.19824855061310348,1.594080338266385,11.0,0.26472195805077514,22.28800053612696,3.390049374939467
3.52,22.9,346.8,17.5,-0.75,-13.200000000000044,-23.65,6.260674307900832,6048.1,Antofagasta,Antofagasta,6.260137940744522,0.9735789028731601,0.9734954940066554,2.904,6636.0643394025665,0.1961427200083022,0.9682875264270613,13.199999999999989,0.26472195805077514,22.037573563810927,3.426704138903427
3.14,24.7,334.2,13.3,1.0500000000000007,-25.799999999999955,-23.65,6.260674307900832,5556.7,Antofagasta,Antofagasta,6.259623042685141,0.9003187714021939,0.9001675937876333,2.7223800000000002,6221.03610065522,0.20201480382747286,1.0443974630021142,25.80000000000001,0.26472195805077514,19.658517326808614,2.8265262444931687
10.55,26.6,57.7,13.3,2.950000000000003,57.69999999999999,-23.65,6.260674307900832,16761.6,Antofagasta,Antofagasta,6.252377826566446,0.5343523493898266,0.533644239675973,9.14685,20901.888809526296,0.1813672661169902,1.1247357293868923,57.7,0.26472195805077514,66.05011394835378,5.6299467285815155
7.44,49.1,8.2,11.3,25.450000000000003,8.199999999999989,-23.65,6.260674307900832,12461.7,Antofagasta,Antofagasta,5.653142432490879,0.989776230907789,0.8937289714231758,6.59928,15080.319102524989,0.19120544262778025,2.076109936575053,8.2,0.26472195805077514,46.57941685078219,6.649343547388428
12.07,30.5,341.7,11.9,6.850000000000001,-18.299999999999955,-23.65,6.260674307900832,21835.8,Antofagasta,Antofagasta,6.215984381787201,0.9494254776419041,0.9426482916137681,10.63367,24299.489767208983,0.20651791490279306,1.2896405919661735,18.30000000000001,0.26472195805077514,75.56633889636304,11.37776487977818
10.73,18.0,22.9,18.5,-5.649999999999999,22.90000000000001,-23.65,6.260674307900832,17861.6,Antofagasta,Antofagasta,6.230259099994195,0.9211854055657211,0.9167101614861046,8.74495,19983.488582940245,0.19002753343801995,0.7610993657505286,22.9,0.26472195805077514,67.17703532377593,9.836300032745903
6.34,31.4,357.3,14.5,7.75,-2.7000000000000455,-23.65,6.260674307900832,11249.9,Antofagasta,Antofagasta,6.203488666345155,0.9988898749619699,0.9897659123448629,5.4207,12387.091585605885,0.20256075075983462,1.3276955602536997,2.6999999999999886,0.26472195805077514,39.69267511209127,6.27511588426643
13.68,20.8,353.7,12.3,-2.849999999999998,-6.2999999999999545,-23.65,6.260674307900832,25069.1,Antofagasta,Antofagasta,6.252930652416078,0.9939609554551798,0.9927315525465141,11.99736,27415.72068284255,0.20919367005794545,0.8794926004228331,6.300000000000011,0.26472195805077514,85.64602453208337,13.580567638836312
11.91,19.7,14.1,17.6,-3.9499999999999993,14.099999999999994,-23.65,6.260674307900832,20365.3,Antofagasta,Antofagasta,6.245802354150006,0.9698720152847469,0.9675681273892637,9.813839999999999,22426.058421695063,0.19519781159303604,0.8329809725158562,14.1,0.26472195805077514,74.56463100709891,11.52373639720613
5.52,30.9,327.7,15.5,7.25,-32.30000000000001,-23.65,6.260674307900832,9301.8,Antofagasta,Antofagasta,6.210619901770249,0.845261833221856,0.8385039223314309,4.6644,10658.835573247012,0.1923640063529879,1.306553911205074,32.30000000000001,0.26472195805077514,34.55892217961259,4.628541651269498
6.73,23.9,8.8,10.2,0.25,8.800000000000011,-23.65,6.260674307900832,12631.0,Antofagasta,Antofagasta,6.260614710793704,0.9882283814465528,0.9882189742246117,6.04354,13810.371996471415,0.21424888219449476,1.0105708245243128,8.8,0.26472195805077514,42.1343380921726,6.650713696531637
6.09,25.9,47.8,13.2,2.25,47.80000000000001,-23.65,6.260674307900832,10117.1,Antofagasta,Antofagasta,6.255847554900803,0.6717205893229901,0.6712027170922618,5.2861199999999995,12079.55662045547,0.18964205112055843,1.095137420718816,47.8,0.26472195805077514,38.12750653511606,4.087624547091874
4.05,23.8,11.7,11.8,0.1500000000000021,11.699999999999989,-23.65,6.260674307900832,7445.8,Antofagasta,Antofagasta,6.260652852920481,0.9792228106217659,0.9792194548800154,3.5721,8162.770463767184,0.2098709059135239,1.0063424947145878,11.7,0.26472195805077514,25.355730946998367,3.965838792264062
3.92,26.3,350.6,16.6,2.650000000000002,-9.399999999999975,-23.65,6.260674307900832,6824.3,Antofagasta,Antofagasta,6.253979159955824,0.9865721616069695,0.9855171240414393,3.2692799999999997,7470.782514986921,0.1987320613176778,1.1120507399577169,9.399999999999977,0.26472195805077514,24.54184328697126,3.863227126242442
14.17,27.0,347.3,12.8,3.3500000000000014,-12.700000000000044,-23.65,6.260674307900832,25697.9,Antofagasta,Antofagasta,6.249976082606412,0.9755345439458564,0.9738675528486751,12.35624,28235.813923243648,0.20702542189911805,1.1416490486257929,12.699999999999989,0.26472195805077514,88.7137549429548,13.799703223865727
7.69,8.2,349.7,10.6,-15.45,-10.299999999999956,-23.65,6.260674307900832,13821.6,Antofagasta,Antofagasta,6.034434171925974,0.9838850379335418,0.9483306752852878,6.874860000000001,15710.059670931518,0.20517662147959453,0.346723044397463,10.300000000000011,0.26472195805077514,48.1445854277574,7.292662892943864
6.98,29.0,353.7,10.5,5.350000000000001,-6.2999999999999545,-23.65,6.260674307900832,13010.3,Antofagasta,Antofagasta,6.2334009981931615,0.9939609554551798,0.9896309737883089,6.2471000000000005,14275.53634114386,0.21277851918724075,1.226215644820296,6.300000000000011,0.26472195805077514,43.69950666914781,6.907624197042397
11.49,15.8,350.6,15.8,-7.849999999999998,-9.399999999999975,-23.65,6.260674307900832,19999.5,Antofagasta,Antofagasta,6.202005710886833,0.9865721616069695,0.9773270225487845,9.67458,22107.8289726919,0.1986986897480835,0.6680761099365751,9.399999999999977,0.26472195805077514,71.93514779778056,11.229487489085534
9.19,12.1,22.9,10.2,-11.55,22.90000000000001,-23.65,6.260674307900832,16598.0,Antofagasta,Antofagasta,6.13389784547457,0.9211854055657211,0.9025317236757457,8.25262,18858.442592507025,0.20617506620756135,0.5116279069767442,22.9,0.26472195805077514,57.53559688960864,8.294266540580104
14.17,23.2,316.7,18.5,-0.4499999999999993,-43.30000000000001,-23.65,6.260674307900832,22488.3,Antofagasta,Antofagasta,6.260481213959971,0.7277727576572104,0.7277503114313063,11.548549999999999,26390.12425165547,0.18116849218395026,0.9809725158562368,43.30000000000001,0.26472195805077514,88.7137549429548,10.31222191298161
12.14,24.3,21.6,11.6,0.6500000000000021,21.59999999999999,-23.65,6.260674307900832,22104.7,Antofagasta,Antofagasta,6.260271435138334,0.9297764858882515,0.9297166550133403,10.731760000000001,24523.639750353614,0.20785564908638185,1.0274841437632136,21.6,0.26472195805077514,76.0045860979161,11.286760191861951
8.23,18.1,350.5,16.1,-5.549999999999997,-9.5,-23.65,6.260674307900832,14358.4,Antofagasta,Antofagasta,6.23132538215505,0.9862856015372314,0.9816620703551158,6.9049700000000005,15778.865420676493,0.19915999489560965,0.7653276955602538,9.5,0.26472195805077514,51.52534955402385,8.079078839022603
6.89,30.3,9.4,14.4,6.650000000000002,9.400000000000006,-23.65,6.260674307900832,12230.0,Antofagasta,Antofagasta,6.218553028194111,0.9865721616069694,0.979934588731238,5.8978399999999995,13477.426206440092,0.20262971283906928,1.2811839323467231,9.4,0.26472195805077514,43.13604598143673,6.75174931635823
14.83,12.9,331.8,14.4,-10.749999999999998,-28.19999999999999,-23.65,6.260674307900832,25329.6,Antofagasta,Antofagasta,6.150801963827053,0.8813034520649923,0.8658369269981164,12.69448,29008.741747678745,0.19497686104619477,0.5454545454545455,28.19999999999999,0.26472195805077514,92.84579998616934,12.840361627382066
11.33,20.4,33.2,10.7,-3.25,33.19999999999999,-23.65,6.260674307900832,20277.9,Antofagasta,Antofagasta,6.250605081080585,0.8367643134589619,0.835418520777066,10.11769,23120.400070981384,0.2043096881838736,0.8625792811839323,33.2,0.26472195805077514,70.93343990851642,9.465291840404157
14.37,19.0,31.1,18.0,-4.649999999999999,31.09999999999999,-23.65,6.260674307900832,23686.7,Antofagasta,Antofagasta,6.240067374518547,0.8562670846003283,0.8534486918997952,11.7834,26926.790818497313,0.18816709723135783,0.8033826638477801,31.1,0.26472195805077514,89.96588980453495,12.264057702600057
3.54,23.3,24.0,18.9,-0.3499999999999978,24.0,-23.65,6.260674307900832,5881.6,Antofagasta,Antofagasta,6.260557497748775,0.9135454576426009,0.9135284129316688,2.87094,6560.517408596556,0.18966540257462014,0.985200845665962,24.0,0.26472195805077514,22.162787049968944,3.2338905817781076
13.06,25.9,322.1,10.1,2.25,-37.89999999999998,-23.65,6.260674307900832,23241.6,Antofagasta,Antofagasta,6.255847554900803,0.789084084834691,0.7884757296022611,11.74094,26829.763514140897,0.20315089471144768,1.095137420718816,37.89999999999998,0.26472195805077514,81.76440646118486,10.29749302860553
10.28,15.6,20.7,11.8,-8.049999999999999,20.69999999999999,-23.65,6.260674307900832,18507.9,Antofagasta,Antofagasta,6.198983127390149,0.9354440308298674,0.9262263900893581,9.06696,20719.328485809052,0.2055227599808113,0.6596194503171248,20.7,0.26472195805077514,64.35973188522054,9.5216072901186
3.58,29.4,10.1,19.0,5.75,10.099999999999994,-23.65,6.260674307900832,6026.2,Antofagasta,Antofagasta,6.229173839383643,0.9845031799744367,0.979549670192476,2.8998000000000004,6626.466725688555,0.19215708782939211,1.2431289640591967,10.1,0.26472195805077514,22.41321402228498,3.506787819289064
9.65,24.2,319.9,15.5,0.5500000000000007,-40.10000000000002,-23.65,6.260674307900832,16042.8,Antofagasta,Antofagasta,6.260385859659669,0.7649214009184315,0.7648861586710519,8.15425,18633.65276844813,0.1897792604159273,1.0232558139534884,40.10000000000002,0.26472195805077514,60.41550707124303,7.381151431175652
10.92,8.5,359.4,11.5,-15.15,-0.6000000000000227,-23.65,6.260674307900832,19543.3,Antofagasta,Antofagasta,6.043084135420882,0.9999451693655121,0.9651920052218103,9.6642,22084.109155941554,0.20430131132185927,0.3594080338266385,0.6000000000000227,0.26472195805077514,68.36656344227708,10.539896697022169
2.16,8.0,9.1,12.0,-15.65,9.099999999999994,-23.65,6.260674307900832,3820.9,Antofagasta,Antofagasta,6.028575605292464,0.9874138067509114,0.950807931374954,1.9008,4343.605749427134,0.2019332403179435,0.3382663847780127,9.1,0.26472195805077514,13.523056505065798,2.053745131769901
7.91,23.6,13.9,16.6,-0.0499999999999971,13.900000000000006,-23.65,6.260674307900832,13712.9,Antofagasta,Antofagasta,6.260671924012915,0.9707164815781908,0.9707161119567768,6.59694,15074.971860598609,0.1979013329176985,0.9978858350951375,13.9,0.26472195805077514,49.52193377549558,7.678364445578104
12.73,21.9,4.4,17.2,-1.75,4.400000000000006,-23.65,6.260674307900832,22043.6,Antofagasta,Antofagasta,6.257754272035271,0.9970527522269202,0.9965877176870009,10.540440000000002,24086.445594219145,0.19767421006000996,0.9260042283298098,4.4,0.26472195805077514,79.6983839395776,12.686561646155523
5.84,22.8,7.3,16.0,-0.8499999999999979,7.300000000000011,-23.65,6.260674307900832,10256.0,Antofagasta,Antofagasta,6.259985376884881,0.9918944425900296,0.991785293509205,4.9056,11210.012817965986,0.2004753862513292,0.9640591966173362,7.3,0.26472195805077514,36.56233795814086,5.792026114093757
7.96,23.4,36.8,19.5,-0.25,36.80000000000001,-23.65,6.260674307900832,12733.8,Antofagasta,Antofagasta,6.260614710793704,0.8007313709487334,0.8007237485631966,6.407799999999999,14642.759323010936,0.1826168513801886,0.9894291754756871,36.8,0.26472195805077514,49.83496749089062,6.373761038563045
7.75,25.5,30.7,14.9,1.8500000000000016,30.69999999999999,-23.65,6.260674307900832,13313.4,Antofagasta,Antofagasta,6.257411048661641,0.8598522715968736,0.8594040897027786,6.59525,15071.10996365178,0.19610251878038001,1.0782241014799154,30.7,0.26472195805077514,48.520225886231444,6.660381695196534
5.93,31.2,288.3,13.0,7.550000000000001,-71.69999999999999,-23.65,6.260674307900832,8678.3,Antofagasta,Antofagasta,6.20639788209508,0.3139924559674051,0.31127032295077883,5.1591,11789.29735999028,0.16706130117735837,1.3192389006342495,71.69999999999999,0.26472195805077514,37.12579864585193,1.8458330150981184
13.94,14.8,352.1,14.8,-8.849999999999998,-7.899999999999977,-23.65,6.260674307900832,24532.8,Antofagasta,Antofagasta,6.186137848966751,0.9905094632383089,0.978716952671626,11.87688,27140.40627801775,0.2009001395412826,0.6257928118393236,7.899999999999977,0.26472195805077514,87.27379985213759,13.643314320242466
12.16,14.3,355.9,13.6,-9.349999999999998,-4.100000000000023,-23.65,6.260674307900832,21698.6,Antofagasta,Antofagasta,6.177496959404386,0.997440782930944,0.9841890986033124,10.50624,24008.293596833613,0.2037014089161259,0.6046511627906977,4.100000000000023,0.26472195805077514,76.12979958407412,11.96773943901628
3.44,14.9,316.2,12.2,-8.749999999999998,-43.80000000000001,-23.65,6.260674307900832,5796.0,Antofagasta,Antofagasta,6.187809515503568,0.721760228098362,0.7133600292388526,3.02032,6901.87253635825,0.19233832430710418,0.6300211416490487,43.80000000000001,0.26472195805077514,21.53671961917886,2.4539585005816527
14.96,26.0,2.4,10.5,2.3500000000000014,2.4000000000000057,-23.65,6.260674307900832,28038.2,Antofagasta,Antofagasta,6.2554090373473565,0.9991228300988584,0.9982825608630054,13.3892,30596.278461821224,0.21395105364686348,1.0993657505285412,2.4,0.26472195805077514,93.65968764619645,14.934307110510561
13.43,33.6,31.2,13.5,9.950000000000005,31.19999999999999,-23.65,6.260674307900832,23081.0,Antofagasta,Antofagasta,6.16650697114954,0.8553642601605067,0.842498653299293,11.61695,26546.428246426527,0.19618893161564954,1.4207188160676534,31.2,0.26472195805077514,84.08085595510816,11.314756913809504
5.69,20.2,332.8,17.1,-3.4499999999999993,-27.200000000000045,-23.65,6.260674307900832,9588.5,Antofagasta,Antofagasta,6.2493280456211915,0.8894163732912972,0.8878044779984157,4.71701,10779.057110745625,0.19236865124266717,0.854122621564482,27.19999999999999,0.26472195805077514,35.623236811955735,5.051607479810985
12.88,3.6,8.4,10.2,-20.049999999999997,8.400000000000006,-23.65,6.260674307900832,22711.0,Antofagasta,Antofagasta,5.8812385919420285,0.9892723329629883,0.9293162902948137,11.56624,26430.548486560445,0.20128725999035707,0.1522198731501057,8.4,0.26472195805077514,80.63748508576272,11.9695938189972
3.38,10.0,337.1,14.4,-13.65,-22.899999999999977,-23.65,6.260674307900832,5780.2,Antofagasta,Antofagasta,6.083844256074335,0.9211854055657214,0.8951669201763072,2.89328,6611.567572970611,0.19521898894923131,0.42283298097251587,22.899999999999977,0.26472195805077514,21.161079160704812,3.025664190195918
14.99,17.0,343.2,16.4,-6.649999999999999,-16.799999999999955,-23.65,6.260674307900832,25782.6,Antofagasta,Antofagasta,6.218553028194111,0.9573194975320675,0.9508787340709562,12.531640000000001,28636.628553109767,0.19634550887806482,0.718816067653277,16.80000000000001,0.26472195805077514,93.84750787543346,14.253672223723635
10.65,19.2,36.9,16.1,-4.449999999999999,36.900000000000006,-23.65,6.260674307900832,17708.1,Antofagasta,Antofagasta,6.241801020647944,0.7996846584870905,0.7972739471916144,8.93535,20418.580404642118,0.18980963406006815,0.8118393234672304,36.9,0.26472195805077514,66.67618137914386,8.490967537590693
10.45,20.4,346.4,17.8,-3.25,-13.600000000000025,-23.65,6.260674307900832,17851.7,Antofagasta,Antofagasta,6.250605081080585,0.9719610005785462,0.970397767084207,8.589899999999998,19629.176676664632,0.19501103318695245,0.8625792811839323,13.600000000000023,0.26472195805077514,65.42404651756368,10.140656666029962
3.18,24.0,11.6,18.1,0.3500000000000014,11.599999999999994,-23.65,6.260674307900832,5421.1,Antofagasta,Antofagasta,6.260557497748775,0.9795752495993441,0.9795569729204706,2.60442,5951.480264058826,0.19460598489417305,1.0147991543340382,11.6,0.26472195805077514,19.908944299124645,3.1149911738870966
13.66,21.2,313.2,17.1,-2.4499999999999993,-46.80000000000001,-23.65,6.260674307900832,21752.6,Antofagasta,Antofagasta,6.254951464733141,0.6845471059286885,0.6839213657071948,11.32414,25877.314610331327,0.18178429838812116,0.8964059196617337,46.80000000000001,0.26472195805077514,85.52081104592536,9.34236585556028
2.38,32.0,46.6,11.0,8.350000000000001,46.599999999999994,-23.65,6.260674307900832,4026.5,Antofagasta,Antofagasta,6.19430764018131,0.6870875108044231,0.6798039968758604,2.1182,4840.396516433372,0.19312862131153832,1.3530655391120507,46.6,0.26472195805077514,14.900404852803979,1.6179335125645475
5.13,18.2,15.1,14.8,-5.449999999999999,15.099999999999994,-23.65,6.260674307900832,9044.3,Antofagasta,Antofagasta,6.2323726826181245,0.9654726308792251,0.9611081737495242,4.37076,9987.825265870233,0.20125815553597337,0.7695560253699789,15.1,0.26472195805077514,32.11725919953127,4.930484931335059
3.86,16.8,355.4,16.0,-6.849999999999998,-4.600000000000023,-23.65,6.260674307900832,6734.6,Antofagasta,Antofagasta,6.215984381787201,0.9967788784562471,0.9896636745278745,3.2424,7409.357787217245,0.19916838195282374,0.7103594080338267,4.600000000000023,0.26472195805077514,24.16620282849721,3.8201017836775955
12.1,27.5,14.4,12.5,3.8500000000000014,14.400000000000006,-23.65,6.260674307900832,21965.4,Antofagasta,Antofagasta,6.246545552920289,0.9685831611286311,0.9663973144468134,10.5875,24193.984570738525,0.20722857466319486,1.1627906976744187,14.4,0.26472195805077514,75.75415912560007,11.693407504806443
4.58,11.4,324.8,10.4,-12.249999999999998,-35.19999999999999,-23.65,6.260674307900832,7998.3,Antofagasta,Antofagasta,6.118125681112396,0.8171448983351286,0.7985394131403709,4.10368,9377.508439503967,0.1993554465514147,0.4820295983086681,35.19999999999999,0.26472195805077514,28.67388833018581,3.657310512182899
13.84,26.8,29.6,12.2,3.150000000000002,29.59999999999999,-23.65,6.260674307900832,24566.4,Antofagasta,Antofagasta,6.251215039127673,0.8694949295052191,0.8681812073994853,12.15152,27767.99880906924,0.2026288700609708,1.1331923890063427,29.6,0.26472195805077514,86.64773242134751,12.015627910408877
10.53,24.5,351.9,14.5,0.8500000000000014,-8.100000000000023,-23.65,6.260674307900832,18805.3,Antofagasta,Antofagasta,6.259985376884881,0.9900236577165575,0.9899147144988173,9.00315,20573.51331173974,0.20386740211702162,1.0359408033826638,8.100000000000023,0.26472195805077514,65.92490046219575,10.423801943672546
2.47,22.5,354.9,14.1,-1.1499999999999986,-5.100000000000023,-23.65,6.260674307900832,4438.0,Antofagasta,Antofagasta,6.259413273448775,0.9960410654107695,0.9958404413186392,2.1217300000000003,4848.463082245388,0.2051097184478583,0.9513742071881607,5.100000000000023,0.26472195805077514,15.463865540515055,2.4597258900570393
2.07,36.4,347.7,11.8,12.75,-12.299999999999956,-23.65,6.260674307900832,3712.4,Antofagasta,Antofagasta,6.106300607416024,0.9770455744352637,0.9529538978122629,1.82574,4172.082681481005,0.20472944654004813,1.5391120507399578,12.300000000000011,0.26472195805077514,12.959595817354721,1.972614568471384
2.67,18.7,345.5,18.2,-4.949999999999999,-14.5,-23.65,6.260674307900832,4522.2,Antofagasta,Antofagasta,6.237324349832046,0.9681476403781077,0.9645368141802501,2.18406,4990.89624005357,0.19334564670873736,0.7906976744186047,14.5,0.26472195805077514,16.716000402095222,2.5753132938612677
9.88,40.1,17.4,19.3,16.450000000000003,17.400000000000006,-23.65,6.260674307900832,15838.1,Antofagasta,Antofagasta,6.004407503114133,0.9542403285162768,0.9151806189768632,7.97316,18219.835657145646,0.1829961825005084,1.6955602536997887,17.4,0.26472195805077514,61.85546216206022,9.041984515491409
12.42,21.8,6.4,12.0,-1.849999999999998,6.400000000000006,-23.65,6.260674307900832,22846.6,Antofagasta,Antofagasta,6.257411048661641,0.9937679191605964,0.9932499362430504,10.9296,24975.73305920602,0.20998867638732638,0.9217758985200847,6.4,0.26472195805077514,77.75757490412833,12.336164208138685
5.1,13.4,16.3,19.3,-10.249999999999998,16.30000000000001,-23.65,6.260674307900832,8402.8,Antofagasta,Antofagasta,6.160758313682944,0.9598052919751868,0.9444874691198647,4.1156999999999995,9404.975895895019,0.18808308711612498,0.5665961945031713,16.3,0.26472195805077514,31.92943897029424,4.81688609251131
13.04,24.2,359.8,10.2,0.5500000000000007,-0.2000000000000454,-23.65,6.260674307900832,24542.3,Antofagasta,Antofagasta,6.260385859659669,0.9999939076577904,0.999947834907532,11.70992,26758.87828142455,0.21484911197019357,1.0232558139534884,0.19999999999998863,0.26472195805077514,81.63919297502684,13.039319767194216
2.74,15.0,12.8,19.2,-8.649999999999999,12.800000000000011,-23.65,6.260674307900832,4561.2,Antofagasta,Antofagasta,6.189462332899484,0.9751493543055632,0.9640575280858613,2.2139200000000003,5059.1307032679515,0.19003099690030995,0.6342494714587739,12.8,0.26472195805077514,17.15424760364828,2.64151762695526
12.41,17.6,349.5,19.5,-6.049999999999997,-10.5,-23.65,6.260674307900832,20727.2,Antofagasta,Antofagasta,6.2258042202017085,0.9832549075639546,0.9777784711337637,9.99005,22828.724019920315,0.19066226603232772,0.744186046511628,10.5,0.26472195805077514,77.69496816104932,12.134230826770008
14.06,26.8,55.7,10.1,3.150000000000002,55.69999999999999,-23.65,6.260674307900832,23370.7,Antofagasta,Antofagasta,6.251215039127673,0.5635260489375716,0.5626746159935436,12.639940000000001,28884.109878163938,0.18975022246471418,1.1331923890063427,55.7,0.26472195805077514,88.0250807690857,7.911205100869224
12.04,28.1,320.8,17.6,4.450000000000003,-39.19999999999999,-23.65,6.260674307900832,19510.8,Antofagasta,Antofagasta,6.241801020647944,0.7749444887041796,0.7726083585653065,9.92096,22670.84327432482,0.18498839484822283,1.1881606765327697,39.19999999999999,0.26472195805077514,75.37851866712602,9.30220463712629
11.08,18.7,31.5,19.7,-4.949999999999999,31.5,-23.65,6.260674307900832,17864.4,Antofagasta,Antofagasta,6.237324349832046,0.8526401643540923,0.8494601375540548,8.89724,20331.493485918072,0.18405370654270314,0.7906976744186047,31.5,0.26472195805077514,69.36827133154122,9.412018324098927
12.89,31.5,34.2,19.1,7.850000000000001,34.19999999999999,-23.65,6.260674307900832,20700.2,Antofagasta,Antofagasta,6.202005710886833,0.8270805742745619,0.8193300262466945,10.42801,23829.52661567953,0.18332323736853104,1.331923890063425,34.2,0.26472195805077514,80.70009182884172,10.561164038319893
2.52,32.9,338.7,19.7,9.25,-21.299999999999955,-23.65,6.260674307900832,4115.0,Antofagasta,Antofagasta,6.1792627941151155,0.9316912275855492,0.9195758563829792,2.0235600000000002,4624.13028741097,0.1864082771617018,1.3911205073995772,21.30000000000001,0.26472195805077514,15.776899255910097,2.3173311580851075
4.62,35.1,55.7,15.5,11.450000000000005,55.69999999999999,-23.65,6.260674307900832,7090.3,Antofagasta,Antofagasta,6.136076326257986,0.5635260489375716,0.5523109297910317,3.9039,8920.981947174132,0.17519371800193717,1.4841437632135308,55.7,0.26472195805077514,28.924315302501842,2.5516764956345663
3.62,27.9,24.9,10.8,4.25,24.90000000000001,-23.65,6.260674307900832,6596.8,Antofagasta,Antofagasta,6.2434586124016995,0.9070440142914649,0.9045498111455439,3.2290400000000004,7378.828235022198,0.20802744771563358,1.1797040169133193,24.9,0.26472195805077514,22.66364099460101,3.274470316346869
8.56,34.6,24.3,18.5,10.950000000000005,24.30000000000001,-23.65,6.260674307900832,14029.8,Antofagasta,Antofagasta,6.146688226158159,0.9114032766354452,0.8948096505686804,6.9764,15942.093408198369,0.18709992318525154,1.463002114164905,24.3,0.26472195805077514,53.59137207563112,7.659570608867905
11.69,8.6,0.7,16.1,-15.05,0.6999999999999886,-23.65,6.260674307900832,19830.2,Antofagasta,Antofagasta,6.045930651676017,0.999925369660452,0.9656275258064996,9.80791,22412.50750518933,0.19364597614946236,0.36363636363636365,0.7,0.26472195805077514,73.18728265936072,11.28818577667798
10.19,21.1,354.6,16.1,-2.549999999999997,-5.399999999999977,-23.65,6.260674307900832,17864.2,Antofagasta,Antofagasta,6.254474838452001,0.99556196460308,0.9945761353328709,8.54941,19536.651110169314,0.2001268142731033,0.8921775898520086,5.399999999999977,0.26472195805077514,63.796271197509476,10.134730819041954
13.06,16.7,354.8,14.2,-6.949999999999999,-5.2000000000000455,-23.65,6.260674307900832,23296.2,Antofagasta,Antofagasta,6.214671654163539,0.9958843986159703,0.9885667643007517,11.20548,25606.159171449264,0.20362814407686336,0.7061310782241015,5.199999999999989,0.26472195805077514,81.76440646118486,12.910681941767818
4.02,24.6,9.8,15.7,0.9500000000000028,9.800000000000011,-23.65,6.260674307900832,7067.8,Antofagasta,Antofagasta,6.259813744024146,0.9854078984834901,0.9852724487859765,3.3888599999999993,7744.040288301575,0.20070310547718034,1.0401691331923892,9.8,0.26472195805077514,25.16791071776134,3.960795244119625
11.55,19.1,35.0,11.5,-4.549999999999997,35.0,-23.65,6.260674307900832,20349.5,Antofagasta,Antofagasta,6.240943703081672,0.8191520442889918,0.8165704748800423,10.22175,23358.192376476643,0.20112573879697168,0.8076109936575054,35.0,0.26472195805077514,72.31078825625461,9.431388984864489
4.51,22.3,4.5,17.4,-1.349999999999998,4.5,-23.65,6.260674307900832,7796.0,Antofagasta,Antofagasta,6.2589365338980185,0.996917333733128,0.9966406196061321,3.72526,8512.763443871487,0.19732912148548634,0.9429175475687105,4.5,0.26472195805077514,28.23564112863275,4.494849194423656
5.52,38.7,337.2,10.8,15.050000000000004,-22.799999999999955,-23.65,6.260674307900832,9770.6,Antofagasta,Antofagasta,6.045930651676017,0.9218631515885009,0.8902428733285028,4.923839999999999,11251.693883238266,0.20205893058037194,1.6363636363636367,22.80000000000001,0.26472195805077514,34.55892217961259,4.914140660773335
11.23,22.3,20.6,17.3,-1.349999999999998,20.59999999999999,-23.65,6.260674307900832,19136.6,Antofagasta,Antofagasta,6.2589365338980185,0.9360595357389734,0.9357997138976998,9.28721,21222.631919264084,0.1945274602845444,0.9429175475687105,20.6,0.26472195805077514,70.30737247772635,10.509030787071168
14.74,27.0,23.0,18.5,3.3500000000000014,23.0,-23.65,6.260674307900832,24628.3,Antofagasta,Antofagasta,6.249976082606412,0.9205048534524404,0.918931896958854,12.0131,27451.688882808874,0.19073607677676374,1.1416490486257929,23.0,0.26472195805077514,92.28233929845827,13.545056161173509
9.95,21.8,16.4,14.7,-1.849999999999998,16.400000000000006,-23.65,6.260674307900832,17586.5,Antofagasta,Antofagasta,6.257411048661641,0.9593139745400575,0.9588139500959251,8.48735,19394.834941814173,0.20176797228149881,0.9217758985200847,16.4,0.26472195805077514,62.293709363613274,9.540198803454453
2.71,24.3,18.6,15.1,0.6500000000000021,18.59999999999999,-23.65,6.260674307900832,4753.9,Antofagasta,Antofagasta,6.260271435138334,0.9477684100095858,0.9477074213590394,2.30079,5257.641346919432,0.20025189977927177,1.0274841437632136,18.6,0.26472195805077514,16.966427374411253,2.568287111882997
10.01,23.7,353.2,13.1,0.0500000000000007,-6.7999999999999545,-23.65,6.260674307900832,18191.7,Antofagasta,Antofagasta,6.260671924012915,0.992965508106537,0.9929651300133223,8.69869,19877.777723318766,0.2074603478713068,1.0021141649048626,6.800000000000011,0.26472195805077514,62.66934982208733,9.939580951433356
2.55,27.2,336.8,19.7,3.5500000000000007,-23.200000000000045,-23.65,6.260674307900832,4195.2,Antofagasta,Antofagasta,6.248660972098956,0.9191353392552342,0.9173716504040335,2.04765,4679.179457499195,0.18780553317217297,1.1501057082452433,23.19999999999999,0.26472195805077514,15.96471948514712,2.3392977085302853
13.49,33.0,338.3,17.3,9.35,-21.700000000000045,-23.65,6.260674307900832,22650.0,Antofagasta,Antofagasta,6.177496959404386,0.9291325715340558,0.9167884086050949,11.156229999999999,25493.615724921863,0.19166912070838873,1.3953488372093024,21.69999999999999,0.26472195805077514,84.45649641358222,12.36747563208273
11.22,36.8,319.1,13.7,13.15,-40.89999999999998,-23.65,6.260674307900832,18517.7,Antofagasta,Antofagasta,6.096505690771691,0.7558534691676398,0.7360333327601415,9.68286,22126.749982585236,0.18840398342815748,1.5560253699788584,40.89999999999998,0.26472195805077514,70.24476573464733,8.258293993568788
4.25,26.1,5.9,11.7,2.450000000000003,5.900000000000006,-23.65,6.260674307900832,7841.4,Antofagasta,Antofagasta,6.254951464733141,0.9947028171171742,0.9937935655029132,3.75275,8575.582110775818,0.21062046736502818,1.1035940803382664,5.9,0.26472195805077514,26.607865808578534,4.223622653387381
3.19,28.4,357.9,12.2,4.75,-2.1000000000000227,-23.65,6.260674307900832,5851.8,Antofagasta,Antofagasta,6.239172037628017,0.9993283937786562,0.9958962029063073,2.80082,6400.2829624950045,0.2094086829561558,1.200845665961945,2.1000000000000227,0.26472195805077514,19.971551042203654,3.17690888727112
4.39,14.4,349.0,14.6,-9.249999999999998,-11.0,-23.65,6.260674307900832,7707.0,Antofagasta,Antofagasta,6.1792627941151155,0.981627183447664,0.9688624633795986,3.7490599999999996,8567.149921584221,0.20040877461228823,0.6088794926004228,11.0,0.26472195805077514,27.48436021168465,4.253306214236438
14.74,22.9,286.1,19.4,-0.75,-73.89999999999998,-23.65,6.260674307900832,19885.4,Antofagasta,Antofagasta,6.260137940744522,0.2773146533023781,0.27729089508326626,11.88044,27148.541398213434,0.15400426262213218,0.9682875264270613,73.89999999999998,0.26472195805077514,92.28233929845827,4.087267793527345
7.96,31.2,328.8,17.3,7.550000000000001,-31.19999999999999,-23.65,6.260674307900832,13165.5,Antofagasta,Antofagasta,6.20639788209508,0.8553642601605067,0.8479487466678299,6.58292,15042.934111962788,0.188807909410064,1.3192389006342495,31.19999999999999,0.26472195805077514,49.83496749089062,6.749672023475926
12.19,30.6,28.0,12.2,6.950000000000003,28.0,-23.65,6.260674307900832,21614.5,Antofagasta,Antofagasta,6.214671654163539,0.882947592858927,0.8764598041024976,10.70282,24457.507621571818,0.202412524675889,1.2938689217758987,28.0,0.26472195805077514,76.31761981331114,10.684045012009445
10.27,25.3,343.4,18.6,1.650000000000002,-16.600000000000023,-23.65,6.260674307900832,17329.6,Antofagasta,Antofagasta,6.2580784332041395,0.9583225744651331,0.9579252234451026,8.359779999999999,19103.318850981672,0.19262559300707383,1.0697674418604652,16.600000000000023,0.26472195805077514,64.29712514214154,9.837892044781203
9.44,30.7,9.0,13.8,7.050000000000001,9.0,-23.65,6.260674307900832,16871.6,Antofagasta,Antofagasta,6.213339995572243,0.9876883405951378,0.9802208465045992,8.137279999999999,18594.873838751275,0.20402348889404845,1.2980972515856237,9.0,0.26472195805077514,59.10076546658385,9.253284791003416
3.89,27.6,325.2,18.5,3.950000000000003,-34.80000000000001,-23.65,6.260674307900832,6317.2,Antofagasta,Antofagasta,6.245802354150006,0.8211492091337039,0.8191986056587153,3.17035,7244.7130090994915,0.18538343252221479,1.1670190274841439,34.80000000000001,0.26472195805077514,24.354023057734235,3.1866825760124025
14.3,33.3,36.0,12.4,9.65,36.0,-23.65,6.260674307900832,24605.1,Antofagasta,Antofagasta,6.172086570712535,0.8090169943749475,0.7975695078337439,12.526800000000001,28625.568445877434,0.19641967621419676,1.4080338266384778,36.0,0.26472195805077514,89.5276426029819,11.405243962022539
5.92,26.0,356.4,16.2,2.3500000000000014,-3.6000000000000227,-23.65,6.260674307900832,10377.2,Antofagasta,Antofagasta,6.2554090373473565,0.9980267284282716,0.9971873810215325,4.96096,11336.518507301154,0.200103356781439,1.0993657505285412,3.6000000000000227,0.26472195805077514,37.06319190277292,5.903349295647472
9.51,20.8,7.3,19.3,-2.849999999999998,7.300000000000011,-23.65,6.260674307900832,16040.7,Antofagasta,Antofagasta,6.252930652416078,0.9918944425900296,0.9906675956941663,7.674569999999999,17537.51387646307,0.1925478587787909,0.8794926004228331,7.3,0.26472195805077514,59.53901266813691,9.421248835051522
11.1,26.3,58.1,12.6,2.650000000000002,58.099999999999994,-23.65,6.260674307900832,17744.5,Antofagasta,Antofagasta,6.253979159955824,0.5284383347223471,0.5278732242155899,9.7014,22169.11659169423,0.18248899584516023,1.1120507399577169,58.1,0.26472195805077514,69.49348481769923,5.8593927887930475
10.44,0.2,37.9,16.9,-23.45,37.900000000000006,-23.65,6.260674307900832,15765.9,Antofagasta,Antofagasta,5.743590813237837,0.7890840848346906,0.7239118148678025,8.67564,19825.10510519782,0.1723908308402876,0.008456659619450317,37.9,0.26472195805077514,65.36143977448468,7.557639347219858
14.23,26.7,352.3,19.9,3.0500000000000007,-7.700000000000045,-23.65,6.260674307900832,23797.0,Antofagasta,Antofagasta,6.251805954889637,0.9909831997148362,0.9895794549405482,11.398230000000002,26046.621086538747,0.19090319827234892,1.1289640591966175,7.699999999999989,0.26472195805077514,89.08939540142885,14.081715643804001
3.93,0.0,345.2,11.5,-23.65,-14.799999999999956,-23.65,6.260674307900832,6618.1,Antofagasta,Antofagasta,5.734859118929861,0.9668233886044596,0.885622802568694,3.47805,7947.852470956989,0.19223686197962053,0.0,14.800000000000011,0.26472195805077514,24.60445003005027,3.4804976140949675
8.61,9.9,351.9,10.9,-13.749999999999998,-8.100000000000023,-23.65,6.260674307900832,15570.2,Antofagasta,Antofagasta,6.081256340663102,0.9900236577165575,0.9616516288504968,7.67151,17530.521329328574,0.20643671211663198,0.4186046511627907,8.100000000000023,0.26472195805077514,53.90440579102616,8.279820524402776
7.25,27.3,12.7,16.7,3.650000000000002,12.699999999999989,-23.65,6.260674307900832,12547.4,Antofagasta,Antofagasta,6.247974864071729,0.9755345439458566,0.9735557241678408,6.03925,13800.568719606385,0.19756573767910565,1.1543340380549685,12.7,0.26472195805077514,45.38988873228103,7.058279000216846
8.16,27.5,357.4,13.4,3.8500000000000014,-2.6000000000000227,-23.65,6.260674307900832,14776.3,Antofagasta,Antofagasta,6.246545552920289,0.9989705697907146,0.9967161464300338,7.06656,16148.122182592491,0.20671473498075027,1.1627906976744187,2.6000000000000227,0.26472195805077514,51.08710235247079,8.133203754869076
3.55,14.4,350.1,10.7,-9.249999999999998,-9.899999999999975,-23.65,6.260674307900832,6528.9,Antofagasta,Antofagasta,6.1792627941151155,0.985109326154774,0.9722993255793604,3.17015,7244.255979875015,0.20994597723326258,0.6088794926004228,9.899999999999977,0.26472195805077514,22.225393793047953,3.451662605806729
3.74,18.0,36.7,14.8,-5.649999999999999,36.69999999999999,-23.65,6.260674307900832,6314.5,Antofagasta,Antofagasta,6.230259099994195,0.8017756442437541,0.7978805090370917,3.18648,7281.572416053543,0.1927361853832442,0.7610993657505286,36.7,0.26472195805077514,23.41492191154911,2.9840731037987234
5.61,34.6,357.1,17.5,10.950000000000005,-2.8999999999999773,-23.65,6.260674307900832,9520.7,Antofagasta,Antofagasta,6.146688226158159,0.9987193571841863,0.9805359953468962,4.62825,10576.227540922839,0.1937322459079107,1.463002114164905,2.8999999999999773,0.26472195805077514,35.122382867323665,5.500806933896087
5.96,19.8,57.5,12.9,-3.849999999999998,57.5,-23.65,6.260674307900832,9521.1,Antofagasta,Antofagasta,6.246545552920289,0.5372996083468239,0.5360870593234872,5.19116,11862.559144673905,0.18236301369863014,0.8372093023255814,57.5,0.26472195805077514,37.313618875088956,3.195078873567984
7.56,41.6,2.3,13.4,17.950000000000003,2.3000000000000114,-23.65,6.260674307900832,13058.9,Antofagasta,Antofagasta,5.955941134274603,0.999194395114446,0.9505594295950757,6.5469599999999994,14960.760257401866,0.19718809644608734,1.7589852008456661,2.3,0.26472195805077514,47.330697767730285,7.1862292877387715
9.94,23.6,44.6,18.5,-0.0499999999999971,44.599999999999994,-23.65,6.260674307900832,15714.0,Antofagasta,Antofagasta,6.260671924012915,0.7120260459909966,0.7120257748715926,8.101099999999999,18512.19725204343,0.18046635980265155,0.9978858350951375,44.6,0.26472195805077514,62.231102620534266,7.07753620222363
10.25,26.9,8.9,15.2,3.25,8.900000000000006,-23.65,6.260674307900832,18125.9,Antofagasta,Antofagasta,6.250605081080585,0.9879598657693891,0.9863709008291145,8.692,19862.490095760022,0.201869918699187,1.1374207188160677,8.9,0.26472195805077514,64.17191165598352,10.110301733498424
7.35,36.6,24.1,18.4,12.950000000000005,24.09999999999999,-23.65,6.260674307900832,11979.1,Antofagasta,Antofagasta,6.101440321156265,0.9128341772330428,0.8896171532945703,5.9976,13705.392383609102,0.1860513155033703,1.5475687103594082,24.1,0.26472195805077514,46.01595616307111,6.538686076715091
7.31,24.7,341.9,14.5,1.0500000000000007,-18.100000000000023,-23.65,6.260674307900832,12941.8,Antofagasta,Antofagasta,6.259623042685141,0.9505157316277836,0.9503561251578597,6.25005,14282.277522204891,0.20210320509216748,1.0443974630021142,18.100000000000023,0.26472195805077514,45.765529190755075,6.947103274903954
4.83,15.6,338.7,19.5,-8.049999999999999,-21.299999999999955,-23.65,6.260674307900832,7922.6,Antofagasta,Antofagasta,6.198983127390149,0.9316912275855492,0.9225105660666031,3.8881499999999996,8884.990895746585,0.18724770035073787,0.6596194503171248,21.30000000000001,0.26472195805077514,30.239056907161018,4.455726034101693
9.65,22.8,11.5,16.5,-0.8499999999999979,11.5,-23.65,6.260674307900832,16789.8,Antofagasta,Antofagasta,6.259985376884881,0.9799247046208296,0.9798168727022362,8.05775,18413.136167638095,0.1986159415146568,0.9640591966173362,11.5,0.26472195805077514,60.41550707124303,9.45523282157658
6.12,23.4,24.7,11.2,-0.25,24.69999999999999,-23.65,6.260674307900832,11129.9,Antofagasta,Antofagasta,6.260614710793704,0.9085081775267219,0.9084995291836649,5.43456,12418.763710862126,0.2076040081177067,0.9894291754756871,24.7,0.26472195805077514,38.31532676435309,5.56001711860403
2.47,12.7,1.0,18.9,-10.95,1.0,-23.65,6.260674307900832,4121.1,Antofagasta,Antofagasta,6.146688226158159,0.9998476951563913,0.981643790032866,2.0031700000000003,4577.5361579755645,0.190463645943098,0.5369978858350951,1.0,0.26472195805077514,15.463865540515055,2.424660161381179
7.44,21.6,327.8,14.9,-2.049999999999997,-32.19999999999999,-23.65,6.260674307900832,12737.5,Antofagasta,Antofagasta,6.256667419540234,0.8461931661275641,0.8456515948236719,6.33144,14468.26556510571,0.1954371655128394,0.9133192389006344,32.19999999999999,0.26472195805077514,46.57941685078219,6.29164786548812
8.16,17.7,326.0,11.4,-5.949999999999999,-34.0,-23.65,6.260674307900832,14411.1,Antofagasta,Antofagasta,6.22694639609481,0.8290375725550417,0.824571327426186,7.229760000000001,16521.05802976553,0.2016057279076014,0.7484143763213531,34.0,0.26472195805077514,51.08710235247079,6.728502031797678
4.93,31.0,324.3,11.5,7.350000000000001,-35.69999999999999,-23.65,6.260674307900832,8631.2,Antofagasta,Antofagasta,6.20923147484543,0.8120835268918064,0.8054107828315992,4.363049999999999,9970.206789266653,0.1998573638241315,1.3107822410147993,35.69999999999999,0.26472195805077514,30.865124337951098,3.9706751593597835
9.44,23.9,315.8,16.9,0.25,-44.19999999999999,-23.65,6.260674307900832,15235.7,Antofagasta,Antofagasta,6.260614710793704,0.7169106076504829,0.7169037831782002,7.844639999999999,17926.14867749688,0.18424101269251608,1.0105708245243128,44.19999999999999,0.26472195805077514,59.10076546658385,6.76757171320221
9.36,21.4,2.7,10.5,-2.25,2.6999999999999886,-23.65,6.260674307900832,17528.1,Antofagasta,Antofagasta,6.255847554900803,0.99888987496197,0.9981197670688655,8.3772,19143.1260964336,0.21377400187331694,0.904862579281184,2.7,0.26472195805077514,58.59991152195178,9.34240101976458
11.13,22.8,28.1,12.9,-0.8499999999999979,28.09999999999999,-23.65,6.260674307900832,19700.0,Antofagasta,Antofagasta,6.259985376884881,0.8821268660176679,0.8820297958734445,9.694230000000001,22152.732093996743,0.20205376886689888,0.9640591966173362,28.1,0.26472195805077514,69.68130504693626,9.816991628071438
10.42,25.4,359.7,11.4,1.75,-0.2999999999999545,-23.65,6.260674307900832,19339.3,Antofagasta,Antofagasta,6.257754272035271,0.9999862922474267,0.9995198894775611,9.23212,21096.743219381962,0.21186973593107739,1.0739957716701902,0.30000000000001137,0.26472195805077514,65.23622628832666,10.414997248356187
10.48,28.6,303.5,14.4,4.950000000000003,-56.5,-23.65,6.260674307900832,16494.5,Antofagasta,Antofagasta,6.237324349832046,0.5519369853120581,0.5498784681572232,8.970880000000001,20499.77164637042,0.17966925476663528,1.2093023255813955,56.5,0.26472195805077514,65.61186674680071,5.7627263462877
6.11,15.7,355.2,14.1,-7.949999999999999,-4.7999999999999545,-23.65,6.260674307900832,10875.5,Antofagasta,Antofagasta,6.200503863043534,0.9964928592495044,0.9869157089795253,5.24849,11993.56657187017,0.20319074202781576,0.6638477801268499,4.800000000000011,0.26472195805077514,38.25272002127409,6.0300549818649
12.24,15.3,355.9,15.2,-8.349999999999998,-4.100000000000023,-23.65,6.260674307900832,21492.2,Antofagasta,Antofagasta,6.19430764018131,0.997440782930944,0.9868673498221271,10.37952,23718.719880205135,0.20044505625690154,0.6469344608879494,4.100000000000023,0.26472195805077514,76.63065352870618,12.079256361822836
9.14,32.5,52.4,12.8,8.850000000000001,52.400000000000006,-23.65,6.260674307900832,14803.4,Antofagasta,Antofagasta,6.186137848966751,0.6101451639012676,0.6028810805587492,7.97008,18212.797407088707,0.18488904209506107,1.3742071881606766,52.4,0.26472195805077514,57.222563174213604,5.510333076306968
7.61,20.4,323.6,10.3,-3.25,-36.39999999999998,-23.65,6.260674307900832,13556.5,Antofagasta,Antofagasta,6.250605081080585,0.8048937973559144,0.8035992629634195,6.82617,15598.79590623265,0.20335685441530307,0.8625792811839323,36.39999999999998,0.26472195805077514,47.64373148312533,6.115390391151623
10.14,12.3,350.2,16.1,-11.349999999999998,-9.799999999999956,-23.65,6.260674307900832,17400.5,Antofagasta,Antofagasta,6.138236115488767,0.9854078984834902,0.9661365618917384,8.50746,19440.789230335315,0.19589333801662567,0.5200845665961946,9.800000000000011,0.26472195805077514,63.48323748211444,9.796624737582228
6.69,27.2,42.6,13.7,3.5500000000000007,42.599999999999994,-23.65,6.260674307900832,11239.0,Antofagasta,Antofagasta,6.248660972098956,0.7360970871197344,0.7346846224145841,5.7734700000000005,13193.22258319922,0.1917774092047696,1.1501057082452433,42.6,0.26472195805077514,41.88391111985657,4.915040123953568
8.67,27.4,11.2,16.5,3.75,11.199999999999989,-23.65,6.260674307900832,15052.6,Antofagasta,Antofagasta,6.247269723629513,0.9809551553491916,0.9788548550621013,7.23945,16543.201095691424,0.1981930026912726,1.1585623678646935,11.2,0.26472195805077514,54.28004624950021,8.486671593388419
3.41,44.0,343.0,18.5,10.549999999999995,-17.0,-33.45,5.276957402341123,4597.1,Santiago,Metropolitana,5.187753090137497,0.9563047559630354,0.9401389047899916,2.77915,5352.891500121462,0.15389533871637273,1.3153961136023915,17.0,0.15775657406102012,17.99442474198323,3.2058736653338715
2.18,38.7,50.8,18.6,5.25,50.80000000000001,-33.45,5.276957402341123,2712.2,Santiago,Metropolitana,5.254820183852877,0.6320293026648507,0.6293778939652356,1.77452,3417.8842541048652,0.14202379456243974,1.15695067264574,50.8,0.15775657406102012,11.50376713710365,1.3720438088442137
5.23,33.6,359.2,15.5,0.1499999999999985,-0.7999999999999545,-33.45,5.276957402341123,7509.4,Santiago,Metropolitana,5.276939318503535,0.9999025240093042,0.9998990973993338,4.4193500000000006,8512.063419053231,0.16390773287234692,1.0044843049327354,0.8000000000000114,0.15775657406102012,27.598487214244077,5.229472279398516
7.94,29.8,25.7,13.4,-3.650000000000002,25.69999999999999,-33.45,5.276957402341123,11364.6,Santiago,Metropolitana,5.266253375774045,0.9010770213220917,0.899249234656439,6.876040000000001,13243.868114529687,0.16339153238328558,0.8908819133034379,25.7,0.15775657406102012,41.899041774588525,7.140038923172126
7.12,30.0,358.7,15.2,-3.450000000000003,-1.2999999999999543,-33.45,5.276957402341123,10253.5,Santiago,Metropolitana,5.2673939368450995,0.9997426093226983,0.9979307690480506,6.03776,11629.265848829085,0.16439478477245908,0.8968609865470851,1.3000000000000114,0.15775657406102012,37.5719367046688,7.10526707562212
12.53,36.1,359.2,12.9,2.6499999999999986,-0.7999999999999545,-33.45,5.276957402341123,18540.4,Santiago,Metropolitana,5.271314238558655,0.9999025240093042,0.9988332309907582,10.91363,21020.627624442935,0.16891332947045815,1.0792227204783258,0.8000000000000114,0.15775657406102012,66.12027625133427,12.515380384314199
6.91,38.1,345.4,18.0,4.649999999999999,-14.600000000000025,-33.45,5.276957402341123,9529.7,Santiago,Metropolitana,5.259588361195831,0.9677091704819711,0.9645239675104026,5.666200000000001,10913.608052098027,0.15743347276463865,1.1390134529147982,14.600000000000023,0.15775657406102012,36.46377565017716,6.664860615496882
8.9,26.2,3.0,15.0,-7.2500000000000036,3.0,-33.45,5.276957402341123,12754.0,Santiago,Metropolitana,5.234767862371406,0.9986295347545738,0.9906454413728882,7.565,14570.86670327937,0.16358832281565852,0.7832585949177877,3.0,0.15775657406102012,46.964920880836,8.816744428218705
9.72,33.7,7.9,19.3,0.25,7.900000000000006,-33.45,5.276957402341123,13308.3,Santiago,Metropolitana,5.276907169509938,0.9905094632383088,0.9905000343021131,7.84404,15108.32270392485,0.15629756468797562,1.007473841554559,7.9,0.15775657406102012,51.29202595075572,9.62766033341654
2.28,17.2,340.4,16.2,-16.250000000000004,-19.600000000000023,-33.45,5.276957402341123,3078.0,Santiago,Metropolitana,5.066142185718344,0.9420574527872966,0.9044221203716228,1.9106399999999997,3680.0635502913,0.1541095890410959,0.5142002989536621,19.600000000000023,0.15775657406102012,12.031462877337761,2.0620824344473
8.7,35.1,356.9,15.1,1.6499999999999986,-3.1000000000000227,-33.45,5.276957402341123,12539.9,Santiago,Metropolitana,5.2747694079618315,0.9985366703262117,0.9981226452629772,7.386299999999999,14226.674518232967,0.16453970503332807,1.0493273542600896,3.1000000000000227,0.15775657406102012,45.90952940036777,8.6836670137879
6.48,39.5,344.7,17.1,6.049999999999997,-15.299999999999956,-33.45,5.276957402341123,9006.2,Santiago,Metropolitana,5.2475663242631665,0.9645574184577983,0.9591851214625661,5.37192,10346.79844820628,0.15865818253565592,1.1808669656203288,15.300000000000011,0.15775657406102012,34.194683967170484,6.215519587077429
7.48,31.2,57.5,15.0,-2.2500000000000036,57.5,-33.45,5.276957402341123,9464.0,Santiago,Metropolitana,5.27288905942467,0.5372996083468239,0.5368853698209147,6.3580000000000005,12246.076734890976,0.1444338632090445,0.9327354260089685,57.5,0.15775657406102012,39.47164136951161,4.015902566260443
3.3,48.0,357.8,19.0,14.549999999999995,-2.2000000000000455,-33.45,5.276957402341123,4402.0,Santiago,Metropolitana,5.107718908845357,0.9992629164106211,0.9672153295749777,2.673,5148.437104807105,0.15227618652276187,1.4349775784753362,2.1999999999999886,0.15775657406102012,17.413959427725707,3.191810587597426
12.18,26.4,38.6,11.8,-7.050000000000004,38.599999999999994,-33.45,5.276957402341123,17097.2,Santiago,Metropolitana,5.237060557761322,0.7815204724188188,0.7756117264414127,10.74276,20691.516719804556,0.16024098192260686,0.7892376681614348,38.6,0.15775657406102012,64.27334116051489,9.446950828056407
14.25,35.2,355.1,19.7,1.75,-4.899999999999977,-33.45,5.276957402341123,19426.5,Santiago,Metropolitana,5.2744961810543955,0.9963452961909065,0.995880591614965,11.44275,22039.760075208196,0.15562364816149965,1.0523168908819134,4.899999999999977,0.15775657406102012,75.196642983361,14.191298430513251
2.29,33.2,6.5,18.1,-0.25,6.5,-33.45,5.276957402341123,3182.8,Santiago,Metropolitana,5.276907169509938,0.9935718556765875,0.993562397588623,1.87551,3612.4000278476524,0.1586608442503639,0.992526158445441,6.5,0.15775657406102012,12.084232451361173,2.275257890477947
9.82,32.6,327.0,18.6,-0.8500000000000014,-33.0,-33.45,5.276957402341123,13027.5,Santiago,Metropolitana,5.276376720541443,0.838670567945424,0.8385782797767689,7.99348,15396.15751160999,0.15144170409842928,0.9745889387144993,33.0,0.15775657406102012,51.81972169098983,8.23483870740787
11.93,32.5,348.8,14.8,-0.9500000000000028,-11.200000000000044,-33.45,5.276957402341123,17195.3,Santiago,Metropolitana,5.276232055725738,0.9809551553491914,0.9808203177055407,10.16436,19577.46658085191,0.16453761860472235,0.9715994020926756,11.199999999999989,0.15775657406102012,62.954101809929604,11.7011863902271
5.7,34.3,5.3,18.4,0.8499999999999943,5.300000000000011,-33.45,5.276957402341123,7906.8,Santiago,Metropolitana,5.276376720541443,0.9957246981845821,0.9956151276185071,4.6512,8958.627258465696,0.15835135784667148,1.0254110612855005,5.3,0.15775657406102012,30.078657193344405,5.675006227425491
12.24,40.2,39.7,13.1,6.75,39.69999999999999,-33.45,5.276957402341123,16901.2,Santiago,Metropolitana,5.240379944959775,0.7693995550468952,0.7640664289122271,10.63656,20486.966020017608,0.15762751066941236,1.201793721973094,39.7,0.15775657406102012,64.58995860465535,9.35217308988566
10.22,44.5,5.5,17.6,11.049999999999995,5.5,-33.45,5.276957402341123,14038.1,Santiago,Metropolitana,5.17912418163935,0.9953961983671789,0.9769418489124421,8.42128,16220.138579113347,0.15680262534738043,1.3303437967115097,5.5,0.15775657406102012,53.930504651926285,9.984345695885159
14.08,33.4,34.6,11.4,-0.0500000000000042,34.599999999999994,-33.45,5.276957402341123,20253.1,Santiago,Metropolitana,5.276955393024815,0.8231363685344419,0.823136055107366,12.47488,24027.73478115079,0.16420438330220008,0.9985052316890881,34.6,0.15775657406102012,74.29956022496302,11.589755655911713
14.75,40.0,16.0,13.1,6.549999999999997,16.0,-33.45,5.276957402341123,21457.3,Santiago,Metropolitana,5.242513059845606,0.9612616959383189,0.954987241824281,12.81775,24688.133071508146,0.16606532002167015,1.1958146487294468,16.0,0.15775657406102012,77.83512168453157,14.086061816908144
2.55,27.8,40.7,14.5,-5.650000000000002,40.69999999999999,-33.45,5.276957402341123,3462.2,Santiago,Metropolitana,5.251321225052022,0.7581343361976524,0.7544512164053463,2.18025,4199.3565274057955,0.1549914943146208,0.8310911808669655,40.7,0.15775657406102012,13.456241375969864,1.923850601833633
7.78,39.6,358.5,13.2,6.149999999999999,-1.5,-33.45,5.276957402341123,11420.8,Santiago,Metropolitana,5.246587629302677,0.9996573249755573,0.9939041297607809,6.75304,13006.95911195158,0.1675763871770492,1.1838565022421523,1.5,0.15775657406102012,41.05472859021394,7.732574129538876
9.11,27.4,59.8,13.9,-6.050000000000004,59.80000000000001,-33.45,5.276957402341123,11505.8,Santiago,Metropolitana,5.2475663242631665,0.503019946630235,0.500218275629514,7.84371,15107.687094405737,0.14417645319258782,0.819133034379671,59.8,0.15775657406102012,48.07308193532763,4.556988490984873
3.91,42.2,347.9,18.2,8.75,-12.100000000000025,-33.45,5.276957402341123,5342.8,Santiago,Metropolitana,5.215541588851903,0.9777832367586061,0.966403316792792,3.1983800000000002,6160.365981022428,0.15598687360590455,1.2615844544095665,12.100000000000023,0.15775657406102012,20.632903443153793,3.778636968659817
6.37,51.1,340.8,12.6,17.65,-19.200000000000045,-33.45,5.276957402341123,8900.4,Santiago,Metropolitana,5.028552217570051,0.9443763702374808,0.8999212100275081,5.56738,10723.271892465762,0.15950194619470548,1.5276532137518684,19.19999999999999,0.15775657406102012,33.61421865291296,5.732498107875227
14.84,32.5,329.7,17.5,-0.9500000000000028,-30.30000000000001,-33.45,5.276957402341123,20106.9,Santiago,Metropolitana,5.276232055725738,0.8633955506067715,0.8632768721728518,12.242999999999999,23581.113159054767,0.15467036517372523,0.9715994020926756,30.30000000000001,0.15775657406102012,78.31004785074227,12.81102878304512
2.21,15.9,58.3,10.7,-17.550000000000004,58.30000000000001,-33.45,5.276957402341123,2795.3,Santiago,Metropolitana,5.031337052411782,0.5254716510722677,0.501013138150208,1.97353,3801.1953159184313,0.14438831380813655,0.47533632286995514,58.3,0.15775657406102012,11.662075859173882,1.1072390353119597
7.88,29.1,20.5,17.7,-4.350000000000001,20.5,-33.45,5.276957402341123,10830.4,Santiago,Metropolitana,5.2617561901522745,0.9366721892483976,0.9339739387956193,6.485239999999999,12491.152356744942,0.15689683146744546,0.8699551569506726,20.5,0.15775657406102012,41.58242433044805,7.35971463770948
12.95,43.3,351.6,17.9,9.849999999999994,-8.399999999999977,-33.45,5.276957402341123,17768.4,Santiago,Metropolitana,5.199169707194738,0.9892723329629883,0.9746894571150351,10.631949999999998,20478.086747644556,0.1566298196435183,1.2944693572496262,8.399999999999977,0.15775657406102012,68.33659836031754,12.622228469639703
6.21,37.9,31.2,14.0,4.449999999999996,31.19999999999999,-33.45,5.276957402341123,8720.3,Santiago,Metropolitana,5.26104960583589,0.8553642601605067,0.8527856983964025,5.3406,10286.473326574196,0.16030081103537525,1.1330343796711508,31.2,0.15775657406102012,32.769905468538376,5.295799187041659
8.24,35.4,17.2,17.2,1.9499999999999955,17.19999999999999,-33.45,5.276957402341123,11458.4,Santiago,Metropolitana,5.273901527030479,0.9552783621223437,0.9547251623636518,6.82272,13141.169024956804,0.15874229729130646,1.0582959641255605,17.2,0.15775657406102012,43.48212899529086,7.866935337876491
14.71,41.5,49.2,19.2,8.049999999999997,49.19999999999999,-33.45,5.276957402341123,18216.3,Santiago,Metropolitana,5.224959531881038,0.6534206039901056,0.6469819543418908,11.88568,22892.882876118114,0.1413654861570267,1.2406576980568012,49.2,0.15775657406102012,77.62404338843793,9.517104548369213
8.17,37.3,321.3,18.0,3.8499999999999943,-38.69999999999999,-33.45,5.276957402341123,10728.5,Santiago,Metropolitana,5.265048647067534,0.7804304073383299,0.7786691737295582,6.699400000000001,12903.643673754106,0.1499038692621966,1.115097159940209,38.69999999999999,0.15775657406102012,43.11274197712698,6.36172714937049
3.7,43.2,353.4,13.9,9.75,-6.600000000000023,-33.45,5.276957402341123,5333.1,Santiago,Metropolitana,5.200737341268669,0.9933727656003963,0.9790245480407502,3.1857,6135.943166772913,0.1645409107737875,1.2914798206278026,6.600000000000023,0.15775657406102012,19.52474238866216,3.622390827750776
2.67,40.8,348.4,14.8,7.349999999999994,-11.600000000000025,-33.45,5.276957402341123,3818.8,Santiago,Metropolitana,5.2335975939021955,0.979575249599344,0.9715262562238622,2.2748399999999998,4381.5453286567135,0.16327193747541602,1.2197309417040356,11.600000000000023,0.15775657406102012,14.089476264250798,2.593975104117712
14.29,45.6,310.7,17.8,12.15,-49.30000000000001,-33.45,5.276957402341123,17746.2,Santiago,Metropolitana,5.158753228116134,0.6520984038303921,0.6374913590011106,11.746379999999998,22624.578615474777,0.1417650047451518,1.3632286995515694,49.30000000000001,0.15775657406102012,75.40772127945465,9.10975152012587
5.46,36.3,26.5,12.9,2.8499999999999943,26.5,-33.45,5.276957402341123,7853.4,Santiago,Metropolitana,5.270430479182083,0.8949343616020251,0.8938274419577675,4.75566,9159.826562606419,0.16419539364744845,1.085201793721973,26.5,0.15775657406102012,28.812187416782535,4.8802978330894105
8.55,40.7,353.2,18.0,7.25,-6.7999999999999545,-33.45,5.276957402341123,11805.5,Santiago,Metropolitana,5.234767862371406,0.992965508106537,0.9850266989029179,7.011000000000001,13503.813146951972,0.15762103126919277,1.2167414050822123,6.800000000000011,0.15775657406102012,45.11798579001661,8.42197827561995
3.18,31.0,18.5,13.3,-2.450000000000003,18.5,-33.45,5.276957402341123,4623.2,Santiago,Metropolitana,5.272133768634756,0.9483236552061993,0.9474567984933199,2.75706,5310.3441841299955,0.16596306826340423,0.9267563527653213,18.5,0.15775657406102012,16.780724539444773,3.012912619208757
7.51,28.6,59.0,18.1,-4.850000000000001,59.0,-33.45,5.276957402341123,9073.4,Santiago,Metropolitana,5.258063030131417,0.5150380749100542,0.5131939590024284,6.150689999999999,11846.779130627016,0.13791960795043445,0.8550074738415545,59.0,0.15775657406102012,39.62995009158183,3.854086632108237
14.09,47.1,351.2,10.9,13.65,-8.799999999999955,-33.45,5.276957402341123,20694.1,Santiago,Metropolitana,5.127912011213747,0.9882283814465529,0.9603162960523198,12.55419,24180.49293557737,0.1676607652695814,1.4080717488789236,8.800000000000011,0.15775657406102012,74.35232979898643,13.530856611377187
8.53,35.2,349.5,10.4,1.75,-10.5,-33.45,5.276957402341123,12932.5,Santiago,Metropolitana,5.2744961810543955,0.9832549075639546,0.9827963084652198,7.64288,14720.870549789797,0.1730730111826645,1.0523168908819134,10.5,0.15775657406102012,45.01244664196978,8.383252511208324
14.62,39.9,3.0,20.0,6.449999999999996,3.0,-33.45,5.276957402341123,19770.3,Santiago,Metropolitana,5.243555664494878,0.9986295347545738,0.9923084752154934,11.696,22527.54222889035,0.15436960065963307,1.1928251121076232,3.0,0.15775657406102012,77.14911722222722,14.507549907650512
5.36,34.4,24.7,18.7,0.9499999999999956,24.69999999999999,-33.45,5.276957402341123,7245.4,Santiago,Metropolitana,5.276232055725738,0.9085081775267219,0.9083832981158465,4.35768,8393.28148255736,0.15430978668302323,1.0284005979073243,24.7,0.15775657406102012,28.284491676548424,4.868934477900938
8.56,28.8,345.8,18.8,-4.650000000000002,-14.200000000000044,-33.45,5.276957402341123,11685.5,Santiago,Metropolitana,5.259588361195831,0.9694453498951386,0.966254432310136,6.9507200000000005,13387.70847479418,0.1558365872914266,0.8609865470852017,14.199999999999989,0.15775657406102012,45.17075536404002,8.271137940574764
13.17,33.5,344.2,19.5,0.0499999999999971,-15.799999999999956,-33.45,5.276957402341123,17861.4,Santiago,Metropolitana,5.276955393024815,0.9622179935292856,0.9622176271438557,10.601849999999999,20420.111455143735,0.15481948388304678,1.0014947683109117,15.800000000000011,0.15775657406102012,69.4975289888326,12.67240614948458
7.83,44.9,26.4,14.4,11.449999999999996,26.40000000000001,-33.45,5.276957402341123,10872.5,Santiago,Metropolitana,5.171937046831298,0.8957117602394128,0.8778855849792255,6.7024799999999995,12909.576029265816,0.15851251188205998,1.3423019431988041,26.4,0.15775657406102012,41.318576460330995,6.873844130387336
5.63,37.9,9.5,12.9,4.449999999999996,9.5,-33.45,5.276957402341123,8293.8,Santiago,Metropolitana,5.26104960583589,0.9862856015372314,0.9833123672567471,4.9037299999999995,9445.022627742515,0.16816710868877588,1.1330343796711508,9.5,0.15775657406102012,29.709270175180524,5.536048627655486
13.12,19.8,308.9,11.3,-13.650000000000002,-51.10000000000002,-33.45,5.276957402341123,17348.1,Santiago,Metropolitana,5.127912011213747,0.6279630576493376,0.6102265113017462,11.63744,22414.75043058975,0.15094334697627798,0.5919282511210762,51.10000000000002,0.15775657406102012,69.23368111871554,8.00617182827891
7.07,31.7,329.4,15.0,-1.7500000000000036,-30.600000000000023,-33.45,5.276957402341123,9848.9,Santiago,Metropolitana,5.2744961810543955,0.8607420270039434,0.8603405690353224,6.0095,11574.834560919679,0.15902456194738845,0.9476831091180866,30.600000000000023,0.15775657406102012,37.30808883455175,6.08260782307973
8.9,47.7,37.5,12.2,14.25,37.5,-33.45,5.276957402341123,12194.0,Santiago,Metropolitana,5.114590223554878,0.7933533402912352,0.7689425797293662,7.8142000000000005,15050.848194681514,0.15640552049663947,1.4260089686098654,37.5,0.15775657406102012,46.964920880836,6.84358895959136
14.69,31.7,10.0,19.4,-1.7500000000000036,10.0,-33.45,5.276957402341123,20066.7,Santiago,Metropolitana,5.2744961810543955,0.984807753012208,0.984348429652127,11.84014,22805.16876248066,0.15593731641131328,0.9476831091180866,10.0,0.15775657406102012,77.5185042403911,14.460078431589745
4.42,19.0,340.9,10.0,-14.450000000000005,-19.100000000000023,-33.45,5.276957402341123,6465.3,Santiago,Metropolitana,5.110024915429654,0.9449489121575307,0.9150561804404315,3.978,7661.983839477241,0.16697917312341165,0.5680119581464872,19.100000000000023,0.15775657406102012,23.324151718347764,4.044548317546707
5.92,48.6,355.7,11.4,15.15,-4.2999999999999545,-33.45,5.276957402341123,8598.4,Santiago,Metropolitana,5.093556379563795,0.9971851335251158,0.9625278946196595,5.24512,10102.570305711128,0.1658027890904603,1.452914798206278,4.300000000000011,0.15775657406102012,31.239587821859452,5.6981651361483845
2.4,38.9,0.3,12.5,5.449999999999996,0.3000000000000113,-33.45,5.276957402341123,3562.3,Santiago,Metropolitana,5.25310270815181,0.9999862922474267,0.9954658147494494,2.1,4044.7878488944716,0.1694396879756469,1.162929745889387,0.3,0.15775657406102012,12.664697765618696,2.3891179553986785
7.09,32.9,18.4,12.0,-0.5500000000000043,18.40000000000001,-33.45,5.276957402341123,10480.5,Santiago,Metropolitana,5.276714276919398,0.9488760116444965,0.9488322940506433,6.2392,12017.25730801066,0.16874529049210735,0.98355754857997,18.4,0.15775657406102012,37.41362798259856,6.727220964819061
4.6,30.5,326.0,12.3,-2.950000000000003,-34.0,-33.45,5.276957402341123,6559.3,Santiago,Metropolitana,5.269964516840655,0.8290375725550417,0.8279389537149708,4.034199999999999,7770.230066671464,0.16277794322017075,0.9118086696562032,34.0,0.15775657406102012,24.274004050769165,3.8085191870888657
10.84,42.1,339.0,16.6,8.649999999999999,-21.0,-33.45,5.276957402341123,14951.8,Santiago,Metropolitana,5.2169347050823855,0.9335804264972017,0.9229614256158483,9.04056,17412.92725485781,0.15745631771386207,1.258594917787743,21.0,0.15775657406102012,57.20221824137778,10.004901853675795
4.36,29.1,6.8,13.3,-4.350000000000001,6.800000000000011,-33.45,5.276957402341123,6396.4,Santiago,Metropolitana,5.2617561901522745,0.9929655081065369,0.9901050947595884,3.78012,7280.849258744271,0.16747308449583173,0.8699551569506726,6.8,0.15775657406102012,23.0075342742073,4.316858213151805
10.77,42.6,357.5,16.2,9.15,-2.5,-33.45,5.276957402341123,15160.5,Santiago,Metropolitana,5.209810292650746,0.9990482215818578,0.9863357444087861,9.02526,17383.458086244435,0.16069179990078988,1.2735426008968609,2.5,0.15775657406102012,56.832831223213894,10.622835967282626
5.43,37.8,14.3,18.9,4.349999999999994,14.300000000000011,-33.45,5.276957402341123,7402.7,Santiago,Metropolitana,5.2617561901522745,0.9690157314068695,0.9662243096415709,4.40373,8481.977901815262,0.15562745444301487,1.130044843049327,14.3,0.15775657406102012,28.653878694712297,5.24659800135373
6.62,35.4,329.3,16.0,1.9499999999999955,-30.69999999999999,-33.45,5.276957402341123,9107.4,Santiago,Metropolitana,5.273901527030479,0.8598522715968736,0.8593543328933304,5.5607999999999995,10710.59822387256,0.15704796589827422,1.0582959641255605,30.69999999999999,0.15775657406102012,34.93345800349824,5.6889256837538476
6.54,34.6,8.9,16.9,1.1499999999999986,8.900000000000006,-33.45,5.276957402341123,9200.6,Santiago,Metropolitana,5.275894509630351,0.9879598657693891,0.9877608694046665,5.43474,10467.79538757178,0.1605958415371511,1.0343796711509716,8.9,0.15775657406102012,34.511301411310946,6.459956085906518
11.32,32.1,27.3,13.7,-1.3500000000000014,27.30000000000001,-33.45,5.276957402341123,16145.0,Santiago,Metropolitana,5.275492678425335,0.8886172326549487,0.8883705793633998,9.76916,18816.276029479002,0.16281241428271778,0.9596412556053812,27.3,0.15775657406102012,59.73515779450152,10.056354958393687
8.06,41.8,12.2,11.6,8.349999999999994,12.199999999999989,-33.45,5.276957402341123,11927.6,Santiago,Metropolitana,5.221018686914052,0.9774158942860959,0.9670547362558815,7.12504,13723.464388041459,0.16893277587046918,1.2496263079222718,12.2,0.15775657406102012,42.53227666286946,7.794461174222405
6.7,26.5,3.5,13.2,-6.950000000000003,3.5,-33.45,5.276957402341123,9808.2,Santiago,Metropolitana,5.238182977698079,0.9981347984218669,0.9908006284496329,5.8156,11201.365816205089,0.1671130648129217,0.7922272047832585,3.5,0.15775657406102012,35.35561459568553,6.638364210612541
13.08,20.5,357.6,19.6,-12.950000000000005,-2.3999999999999773,-33.45,5.276957402341123,17419.8,Santiago,Metropolitana,5.142743270806502,0.9991228300988584,0.9737111406130498,10.51632,20255.37302432662,0.1520307067152612,0.6128550074738415,2.3999999999999773,0.15775657406102012,69.02260282262189,12.736141719218692
9.44,38.4,339.1,16.2,4.949999999999996,-20.899999999999977,-33.45,5.276957402341123,13172.5,Santiago,Metropolitana,5.257276337967604,0.9342044743210296,0.9307202433532025,7.9107199999999995,15236.754348574508,0.15929131839640895,1.1479820627802688,20.899999999999977,0.15775657406102012,49.814477878100206,8.785999097254232
4.78,38.5,358.2,12.8,5.049999999999997,-1.7999999999999543,-33.45,5.276957402341123,7061.7,Santiago,Metropolitana,5.2564736312283245,0.9995065603657316,0.9956267368145335,4.16816,8028.249009641895,0.16864647217286638,1.1509715994020926,1.8000000000000114,0.15775657406102012,25.223856383190572,4.75909580197347
13.7,37.3,31.5,14.5,3.8499999999999943,31.5,-33.45,5.276957402341123,19129.0,Santiago,Metropolitana,5.265048647067534,0.8526401643540923,0.8507159716271961,11.7135,22561.248794297804,0.15939239409392394,1.115097159940209,31.5,0.15775657406102012,72.29431641207339,11.654808811292586
6.45,36.7,357.0,18.4,3.25,-3.0,-33.45,5.276957402341123,8944.2,Santiago,Metropolitana,5.268470316383322,0.9986295347545738,0.997023409471527,5.2632,10137.394003000658,0.15829882128066264,1.0971599402092675,3.0,0.15775657406102012,34.036375245100245,6.430800991091349
2.51,30.9,337.8,16.7,-2.5500000000000043,-22.200000000000045,-33.45,5.276957402341123,3481.5,Santiago,Metropolitana,5.271732032901715,0.9258705848099944,0.9249537656110055,2.0908299999999995,4027.125608620964,0.15833924575669925,0.9237668161434976,22.19999999999999,0.15775657406102012,13.24516307987622,2.3216339516836237
8.43,39.7,347.7,15.6,6.25,-12.299999999999956,-33.45,5.276957402341123,11956.1,Santiago,Metropolitana,5.245592952326381,0.9770455744352637,0.9712383459994411,7.11492,13703.97236278869,0.16190410417242182,1.186846038863976,12.300000000000011,0.15775657406102012,44.484750901735666,8.187539256775288
3.61,33.1,5.0,18.9,-0.3500000000000014,5.0,-33.45,5.276957402341123,4978.6,Santiago,Metropolitana,5.276858946141958,0.9961946980917455,0.9961761113312083,2.9277100000000003,5639.031349088968,0.1574330563250231,0.9895366218236173,5.0,0.15775657406102012,19.049816222451454,3.596195761905662
5.1,29.6,350.7,16.7,-3.8500000000000014,-9.299999999999956,-33.45,5.276957402341123,7182.0,Santiago,Metropolitana,5.265048647067534,0.9868557164068074,0.9846286331993861,4.2482999999999995,8182.605818313514,0.16075745366639807,0.8849028400597907,9.300000000000011,0.15775657406102012,26.912482751939727,5.021606029316869
11.71,31.0,12.1,16.4,-2.450000000000003,12.099999999999994,-33.45,5.276957402341123,16537.3,Santiago,Metropolitana,5.272133768634756,0.9777832367586062,0.976889451226766,9.789560000000002,18855.56825429684,0.1612143155169254,0.9267563527653213,12.1,0.15775657406102012,61.79317118141456,11.43937547386543
3.7,49.6,13.1,11.9,16.15,13.099999999999994,-33.45,5.276957402341123,5289.5,Santiago,Metropolitana,5.0687117013229,0.9739759672790517,0.9355397449227855,3.2597,6278.4737862101465,0.1631957299765519,1.4828101644245142,13.1,0.15775657406102012,19.52474238866216,3.4614970562143066
12.49,19.6,22.2,11.1,-13.85,22.19999999999999,-33.45,5.276957402341123,17995.5,Santiago,Metropolitana,5.123533825934412,0.9258705848099948,0.8989515923716055,11.10361,21386.546098506256,0.16447404498941617,0.585949177877429,22.2,0.15775657406102012,65.90919795524063,11.227905388721354
14.18,37.4,35.6,19.7,3.949999999999996,35.599999999999994,-33.45,5.276957402341123,18403.5,Santiago,Metropolitana,5.264422224407708,0.8131007610470277,0.8111692763029974,11.38654,21931.494587119454,0.14815628803833297,1.1180866965620329,35.6,0.15775657406102012,74.82725596519712,11.502380337976502
9.88,20.0,24.9,16.0,-13.450000000000005,24.90000000000001,-33.45,5.276957402341123,13413.3,Santiago,Metropolitana,5.132227714503497,0.9070440142914649,0.882166762679551,8.2992,15985.00157883095,0.15497961843491762,0.5979073243647234,24.9,0.15775657406102012,52.13633913513031,8.715807615273965
11.23,32.6,336.6,14.2,-0.8500000000000014,-23.399999999999977,-33.45,5.276957402341123,16059.6,Santiago,Metropolitana,5.276376720541443,0.9177546256839813,0.9176536350245776,9.63534,18558.526739031833,0.16324912477585724,0.9745889387144993,23.399999999999977,0.15775657406102012,59.26023162829082,10.305250321326007
11.28,30.0,337.4,15.9,-3.450000000000003,-22.600000000000023,-33.45,5.276957402341123,15788.4,Santiago,Metropolitana,5.2673939368450995,0.9232102171129808,0.9215370770089846,9.486479999999998,18271.809063228768,0.15978091907121347,0.8968609865470851,22.600000000000023,0.15775657406102012,59.52407949840787,10.394938228661346
14.91,16.8,358.1,10.6,-16.650000000000002,-1.8999999999999773,-33.45,5.276957402341123,21701.9,Santiago,Metropolitana,5.0557098788001085,0.9994502159417572,0.9575461662555603,13.32954,25673.886392072767,0.16615599227021183,0.5022421524663677,1.8999999999999773,0.15775657406102012,78.67943486890616,14.277013338870404
6.44,36.6,348.7,18.2,3.1499999999999986,-11.299999999999956,-33.45,5.276957402341123,8899.8,Santiago,Metropolitana,5.268984433948524,0.9806146585466132,0.9791330453589753,5.267920000000001,10146.485145213412,0.1577575938058368,1.094170403587444,11.300000000000011,0.15775657406102012,33.98360567107684,6.3056168121118015
4.12,30.4,331.5,12.2,-3.0500000000000043,-28.5,-33.45,5.276957402341123,5952.7,Santiago,Metropolitana,5.269482501273368,0.8788171126619654,0.8775722530822984,3.61736,6967.358939560431,0.1649349425898834,0.9088191330343796,28.5,0.15775657406102012,21.74106449764543,3.6155976826990694
8.75,16.7,349.0,18.0,-16.750000000000004,-11.0,-33.45,5.276957402341123,11619.7,Santiago,Metropolitana,5.0530632806688285,0.981627183447664,0.9399780778569768,7.175000000000001,13819.69181705611,0.1515942596216569,0.49925261584454406,11.0,0.15775657406102012,46.17337727048483,8.224808181248548
8.93,40.2,348.1,15.3,6.75,-11.899999999999975,-33.45,5.276957402341123,12702.8,Santiago,Metropolitana,5.240379944959775,0.9785089851017785,0.9717264079515542,7.5637099999999995,14568.382047886475,0.1623842468310093,1.201793721973094,11.899999999999977,0.15775657406102012,47.12322960290623,8.677516823007378
4.31,44.9,343.2,12.8,11.449999999999996,-16.799999999999955,-33.45,5.276957402341123,6202.9,Santiago,Metropolitana,5.171937046831298,0.9573194975320675,0.9382672243561078,3.7583199999999994,7238.860508693841,0.16429086016379027,1.3423019431988041,16.80000000000001,0.15775657406102012,22.74368640409024,4.043931736974824
9.97,45.4,352.1,10.3,11.949999999999996,-7.899999999999977,-33.45,5.276957402341123,14845.6,Santiago,Metropolitana,5.162598693004039,0.9905094632383089,0.9690438012733578,8.943090000000002,17225.191315985554,0.16998026041595102,1.3572496263079221,7.899999999999977,0.15775657406102012,52.61126530134101,9.661366698695378
2.18,36.3,29.5,18.2,2.8499999999999943,29.5,-33.45,5.276957402341123,2935.6,Santiago,Metropolitana,5.270430479182083,0.8703556959398997,0.8692791769697232,1.7832400000000002,3434.679754125037,0.1537220895647438,1.085201793721973,29.5,0.15775657406102012,11.50376713710365,1.8950286057939967
14.06,33.8,5.0,11.8,0.3499999999999943,5.0,-33.45,5.276957402341123,21076.6,Santiago,Metropolitana,5.276858946141958,0.9961946980917455,0.9961761113312083,12.400920000000001,23885.28120529163,0.17112408010028773,1.0104633781763825,5.0,0.15775657406102012,74.1940210769162,14.00623612531679
5.44,44.1,61.8,10.5,10.65,61.80000000000001,-33.45,5.276957402341123,6980.9,Santiago,Metropolitana,5.1860588932414435,0.4725507648690539,0.4644108166516486,4.8688,9377.744323189238,0.14649014571582056,1.3183856502242153,61.8,0.15775657406102012,28.706648268735712,2.5263948425849683
2.51,46.9,4.3,17.6,13.449999999999996,4.300000000000011,-33.45,5.276957402341123,3425.8,Santiago,Metropolitana,5.132227714503497,0.9971851335251157,0.9698356057409074,2.06824,3983.615247903572,0.155805999745311,1.4020926756352763,4.3,0.15775657406102012,13.24516307987622,2.4342873704096775
3.41,42.5,352.7,13.5,9.049999999999995,-7.299999999999955,-33.45,5.276957402341123,4939.5,Santiago,Metropolitana,5.211266932712024,0.9918944425900298,0.979546794733838,2.94965,5681.289751662655,0.16535773108906118,1.2705530642750373,7.300000000000011,0.15775657406102012,17.99442474198323,3.340254570042388
5.12,25.9,0.1,13.9,-7.550000000000004,0.0999999999999943,-33.45,5.276957402341123,7437.4,Santiago,Metropolitana,5.23120923323946,0.9999984769132877,0.9913290684009244,4.40832,8490.818652399274,0.16582387985159816,0.7742899850523168,0.1,0.15775657406102012,27.018021899986554,5.075604830212733
5.56,35.1,6.4,12.5,1.6499999999999986,6.400000000000006,-33.45,5.276957402341123,8261.1,Santiago,Metropolitana,5.2747694079618315,0.9937679191605964,0.9933558713732712,4.864999999999999,9370.42518327219,0.16961293978515818,1.0493273542600896,6.4,0.15775657406102012,29.339883157016644,5.5230586448353876
2.43,37.0,10.9,18.6,3.549999999999997,10.900000000000006,-33.45,5.276957402341123,3337.9,Santiago,Metropolitana,5.266831678150917,0.9819587126964436,0.9800744748046382,1.97802,3809.843457557258,0.156806095796456,1.1061285500747384,10.9,0.15775657406102012,12.82300648768893,2.3815809737752707
5.63,19.0,51.9,13.0,-14.450000000000005,51.900000000000006,-33.45,5.276957402341123,7255.8,Santiago,Metropolitana,5.110024915429654,0.6170358751407485,0.5975164200272503,4.8980999999999995,9434.178744128574,0.14712036789216285,0.5680119581464872,51.9,0.15775657406102012,29.709270175180524,3.364017444753419
4.51,37.2,338.9,12.1,3.75,-21.100000000000023,-33.45,5.276957402341123,6610.4,Santiago,Metropolitana,5.265659031476091,0.9329535348254889,0.9309560096926114,3.9642899999999996,7635.577153092315,0.16731970557563608,1.1121076233183855,21.100000000000023,0.15775657406102012,23.799077884558464,4.198611603713677
6.92,51.6,21.5,13.1,18.15,21.5,-33.45,5.276957402341123,9549.4,Santiago,Metropolitana,5.014398447023835,0.9304175679820246,0.8841239472395426,6.0134799999999995,11582.500396938058,0.1575309472906274,1.5426008968609866,21.5,0.15775657406102012,36.51654522420058,6.118137714897634
7.01,38.6,5.2,12.0,5.149999999999999,5.199999999999989,-33.45,5.276957402341123,10430.1,Santiago,Metropolitana,5.255654912358763,0.9958843986159703,0.9918641240888926,6.1688,11881.660610600102,0.16985031168780412,1.1539611360239161,5.2,0.15775657406102012,36.99147139041128,6.952967509863137
6.41,45.2,320.7,13.2,11.75,-39.30000000000001,-33.45,5.276957402341123,8722.0,Santiago,Metropolitana,5.1663812532560875,0.7738402097265061,0.7576247537592566,5.56388,10716.53057938427,0.15532950085126693,1.351270553064275,39.30000000000001,0.15775657406102012,33.8252969490066,4.856374671596835
6.26,34.9,19.3,10.8,1.4499999999999955,19.30000000000001,-33.45,5.276957402341123,9360.5,Santiago,Metropolitana,5.275267657406179,0.9438009515832294,0.9434987352195298,5.58392,10755.129411999436,0.17069492465024,1.0433482810164423,19.3,0.15775657406102012,33.03375333865543,5.906302082474256
3.17,32.9,31.7,11.6,-0.5500000000000043,31.69999999999999,-33.45,5.276957402341123,4579.9,Santiago,Metropolitana,5.276714276919398,0.8508111094240514,0.8507719099774733,2.80228,5397.441949142856,0.16492732955936792,0.98355754857997,31.7,0.15775657406102012,16.72795496542136,2.6969469546285905
2.33,36.5,338.6,14.2,3.049999999999997,-21.399999999999977,-33.45,5.276957402341123,3333.5,Santiago,Metropolitana,5.269482501273368,0.9310558158625285,0.9297369592598499,1.99914,3850.522466780425,0.16332039900444864,1.0911808669656202,21.399999999999977,0.15775657406102012,12.295310747454819,2.16628711507545
4.63,26.9,359.8,18.8,-6.550000000000004,-0.2000000000000454,-33.45,5.276957402341123,6349.0,Santiago,Metropolitana,5.242513059845606,0.9999939076577904,0.99346663634923,3.75956,7241.248859614142,0.15653816187855657,0.8041853512705529,0.19999999999998863,0.15775657406102012,24.4323127728394,4.599750526296935
11.84,25.7,316.9,10.6,-7.7500000000000036,-43.10000000000002,-33.45,5.276957402341123,16589.2,Santiago,Metropolitana,5.228757131943088,0.7301622766207522,0.7234928994618706,10.58496,20387.579804301917,0.15994461927681108,0.7683109118086696,43.10000000000002,0.15775657406102012,62.479175643718904,8.566155929628547
14.88,43.6,328.5,12.1,10.15,-31.5,-33.45,5.276957402341123,21070.1,Santiago,Metropolitana,5.1943717988797395,0.8526401643540923,0.839296148638264,13.07952,25192.3255073201,0.16164398905091568,1.303437967115097,31.5,0.15775657406102012,78.52112614683593,12.488726691737368
14.07,44.4,26.2,19.1,10.949999999999996,26.19999999999999,-33.45,5.276957402341123,18513.3,Santiago,Metropolitana,5.180881537628471,0.8972583696743285,0.8809222753752006,11.382629999999999,21923.9635773627,0.15020543077177712,1.327354260089686,26.2,0.15775657406102012,74.2467906509396,12.394576414529073
8.55,25.5,348.3,18.9,-7.950000000000003,-11.700000000000044,-33.45,5.276957402341123,11625.5,Santiago,Metropolitana,5.226241319891159,0.9792228106217656,0.9698116403177668,6.934050000000001,13355.600563631768,0.15521776282410746,0.7623318385650224,11.699999999999989,0.15775657406102012,45.11798579001661,8.291889524716908
8.91,41.2,332.3,16.8,7.75,-27.700000000000045,-33.45,5.276957402341123,12133.9,Santiago,Metropolitana,5.228757131943088,0.8853936257544155,0.8773063495237743,7.41312,14278.332237331704,0.15545997775830347,1.2316890881913303,27.69999999999999,0.15775657406102012,47.01769045485941,7.816799574256829
6.09,32.8,5.7,12.4,-0.6500000000000057,5.699999999999989,-33.45,5.276957402341123,9059.3,Santiago,Metropolitana,5.276617831505505,0.9950555699612263,0.9949915383942427,5.33484,10275.379051331514,0.16981390257252324,0.9805680119581464,5.7,0.15775657406102012,32.136670580257444,6.059498468820938
12.06,36.2,346.9,14.2,2.75,-13.100000000000025,-33.45,5.276957402341123,17465.2,Santiago,Metropolitana,5.270880386878248,0.9739759672790516,0.9728543233917998,10.347480000000001,19930.17208127551,0.165318763867118,1.0822122571001496,13.100000000000023,0.15775657406102012,63.64010627223395,11.732623140105106
11.94,37.1,348.2,12.1,3.6499999999999986,-11.799999999999956,-33.45,5.276957402341123,17717.8,Santiago,Metropolitana,5.266253375774045,0.9788673887616852,0.9768818084857664,10.49526,20214.809580470566,0.16939530223415403,1.109118086696562,11.800000000000011,0.15775657406102012,63.00687138395301,11.66396879332005
12.98,41.4,18.5,11.3,7.949999999999996,18.5,-33.45,5.276957402341123,19135.8,Santiago,Metropolitana,5.226241319891159,0.9483236552061993,0.939209452263164,11.51326,22175.568642458456,0.1682936868100555,1.2376681614349774,18.5,0.15775657406102012,68.49490708238778,12.19093869037587
13.64,34.1,331.0,13.8,0.6499999999999986,-29.0,-33.45,5.276957402341123,19357.2,Santiago,Metropolitana,5.276617831505506,0.8746197071393957,0.8745634255888437,11.75768,22646.343426280735,0.1620033744426144,1.0194319880418534,29.0,0.15775657406102012,71.97769896793292,11.929045125031829
7.65,44.7,337.4,15.8,11.25,-22.600000000000023,-33.45,5.276957402341123,10534.0,Santiago,Metropolitana,5.175562145531041,0.9232102171129808,0.9054709916622821,6.4413,12406.519986230454,0.15719103470916526,1.3363228699551568,22.600000000000023,0.15775657406102012,40.368724127909594,6.926853086216458
11.97,35.9,3.9,13.6,2.4499999999999957,3.9000000000000057,-33.45,5.276957402341123,17560.6,Santiago,Metropolitana,5.272133768634756,0.9976842788356053,0.9967723018858634,10.342080000000001,19919.771198235492,0.16747157086017933,1.0732436472346785,3.9,0.15775657406102012,63.16518010602325,11.931364453573785
12.48,38.4,24.2,16.1,4.949999999999996,24.19999999999999,-33.45,5.276957402341123,17346.4,Santiago,Metropolitana,5.257276337967604,0.9121201161722731,0.9087182515457358,10.47072,20167.543345322058,0.15866848144245405,1.1479820627802688,24.2,0.15775657406102012,65.85642838121723,11.340803779290784
6.01,26.8,31.0,13.0,-6.650000000000002,31.0,-33.45,5.276957402341123,8515.2,Santiago,Metropolitana,5.24145448559237,0.8571673007021123,0.8514003526302785,5.2287,10070.943916911676,0.16173956647596474,0.8011958146487294,31.0,0.15775657406102012,31.714513988070152,5.116916119307973
14.08,50.7,343.4,13.5,17.25,-16.600000000000023,-33.45,5.276957402341123,19580.0,Santiago,Metropolitana,5.03959956528676,0.9583225744651331,0.9152171718377595,12.1792,23458.228652026446,0.15874714611872145,1.515695067264574,16.600000000000023,0.15775657406102012,74.29956022496302,12.886257779475654
3.23,37.2,23.4,17.9,3.75,23.40000000000001,-33.45,5.276957402341123,4401.0,Santiago,Metropolitana,5.265659031476091,0.917754625683981,0.9157896425822649,2.65183,5107.661791111345,0.1555409474532423,1.1121076233183855,23.4,0.15775657406102012,17.04457240956183,2.9580005455407155
14.93,39.2,340.4,18.8,5.75,-19.600000000000023,-33.45,5.276957402341123,20213.2,Santiago,Metropolitana,5.250406487480528,0.9420574527872966,0.9373175079070046,12.12316,23350.290599144522,0.15455076506191756,1.171898355754858,19.600000000000023,0.15775657406102012,78.78497401695297,13.994150393051578
12.01,20.6,45.7,13.2,-12.85,45.69999999999999,-33.45,5.276957402341123,15927.3,Santiago,Metropolitana,5.144799410390853,0.6984152854310061,0.680923925423251,10.42468,20078.866186958672,0.15138925324786423,0.6158445440956651,45.7,0.15775657406102012,63.37625840211689,8.177896344333243
3.21,26.9,331.7,15.7,-6.550000000000004,-28.30000000000001,-33.45,5.276957402341123,4435.1,Santiago,Metropolitana,5.242513059845606,0.8804773535091619,0.8747302039281625,2.7060299999999997,5212.055839401859,0.1577227272080684,0.8041853512705529,28.30000000000001,0.15775657406102012,16.939033261515007,2.8078839546094017
10.53,43.4,33.2,12.8,9.949999999999996,33.19999999999999,-33.45,5.276957402341123,14745.4,Santiago,Metropolitana,5.197586235548215,0.8367643134589619,0.8241784699840004,9.18216,17685.661521240407,0.15985421084355636,1.2974588938714497,33.2,0.15775657406102012,55.566361446652024,8.678599288931522
2.44,35.7,343.6,10.5,2.25,-16.399999999999977,-33.45,5.276957402341123,3677.9,Santiago,Metropolitana,5.27288905942467,0.9593139745400576,0.9585743782319192,2.1838,4206.194144959879,0.17207032712029346,1.0672645739910314,16.399999999999977,0.15775657406102012,12.87577606171234,2.338921482885883
12.01,18.1,50.3,17.4,-15.35,50.30000000000001,-33.45,5.276957402341123,14734.0,Santiago,Metropolitana,5.088711332262606,0.6387678175155975,0.6159809116962335,9.92026,19107.308145654224,0.14004691676266734,0.5411061285500748,50.3,0.15775657406102012,63.37625840211689,7.397930749471764
12.39,41.8,14.8,11.7,8.349999999999994,14.800000000000011,-33.45,5.276957402341123,18254.8,Santiago,Metropolitana,5.221018686914052,0.9668233886044594,0.9565745170900924,10.94037,21072.131256385524,0.16819057938166365,1.2496263079222718,14.8,0.15775657406102012,65.38150221500652,11.851958266746246
9.83,29.1,334.6,14.3,-4.350000000000001,-25.399999999999977,-33.45,5.276957402341123,13944.5,Santiago,Metropolitana,5.2617561901522745,0.9033352928633009,0.9007330752561626,8.42431,16225.974630152466,0.16193671409393479,0.8699551569506726,25.399999999999977,0.15775657406102012,51.872491265013245,8.854206129768079
13.14,44.7,346.9,14.9,11.25,-13.100000000000025,-33.45,5.276957402341123,18532.7,Santiago,Metropolitana,5.175562145531041,0.9739759672790516,0.9552612921737922,11.18214,21537.80190316039,0.16100494846507232,1.3363228699551568,13.100000000000023,0.15775657406102012,69.33922026676237,12.55213337916363
3.27,32.7,19.5,11.8,-0.75,19.5,-33.45,5.276957402341123,4834.6,Santiago,Metropolitana,5.276505312598603,0.9426414910921784,0.9425607327087949,2.88414,5555.111631671666,0.16877522237582562,0.9775784753363229,19.5,0.15775657406102012,17.255650705655473,3.0821735959577596
5.59,35.1,26.3,10.9,1.6499999999999986,26.30000000000001,-33.45,5.276957402341123,8235.8,Santiago,Metropolitana,5.2747694079618315,0.8964864303834404,0.8961147185955227,4.98069,9593.25447195724,0.16818601383749518,1.0493273542600896,26.3,0.15775657406102012,29.49819187908688,5.009281276948972
7.38,42.9,358.2,13.5,9.449999999999996,-1.7999999999999543,-33.45,5.276957402341123,10716.8,Santiago,Metropolitana,5.205345170543364,0.9995065603657316,0.9859425138846027,6.3837,12295.577233803635,0.1657695115763943,1.2825112107623318,1.8000000000000114,0.15775657406102012,38.94394562927749,7.276255752468368
2.55,26.3,1.1,19.5,-7.150000000000002,1.0999999999999943,-33.45,5.276957402341123,3465.0,Santiago,Metropolitana,5.23592218482987,0.9998157121216442,0.9920408426106873,2.0527499999999996,3953.780122294345,0.15511684125705077,0.7862481315396113,1.1,0.15775657406102012,13.456241375969864,2.5297041486572525
7.83,25.5,19.0,16.2,-7.950000000000003,19.0,-33.45,5.276957402341123,10902.5,Santiago,Metropolitana,5.226241319891159,0.9455185755993168,0.9364313318749703,6.56154,12638.112981921442,0.15894988832321535,0.7623318385650224,19.0,0.15775657406102012,41.318576460330995,7.332257328581018
5.45,31.9,3.3,13.8,-1.5500000000000045,3.3000000000000114,-33.45,5.276957402341123,7978.4,Santiago,Metropolitana,5.2750265670068766,0.9983418166140283,0.9979765239826497,4.6979,9048.575635867302,0.1671149093041766,0.9536621823617338,3.3,0.15775657406102012,28.759417842759124,5.438972055705441
7.11,40.1,327.7,10.4,6.649999999999999,-32.30000000000001,-33.45,5.276957402341123,10330.7,Santiago,Metropolitana,5.24145448559237,0.845261833221856,0.8395749841139856,6.37056,12270.268418406267,0.16586549268186168,1.1988041853512705,32.30000000000001,0.15775657406102012,37.51916713064539,5.9693781370504375
7.53,22.8,339.7,16.0,-10.650000000000002,-20.299999999999955,-33.45,5.276957402341123,10400.2,Santiago,Metropolitana,5.1860588932414435,0.9378889346118979,0.9217332791162733,6.3252,12182.901000870146,0.15766765510257297,0.6816143497757847,20.30000000000001,0.15775657406102012,39.73548923962866,6.940651591745539
13.43,20.1,5.9,10.9,-13.35,5.900000000000006,-33.45,5.276957402341123,19772.6,Santiago,Metropolitana,5.134362118939556,0.9947028171171742,0.9678237049143292,11.96613,23047.836772519808,0.16806746974843342,0.600896860986547,5.9,0.15775657406102012,70.86953791344129,12.99787235699944
5.51,40.0,30.4,15.4,6.549999999999997,30.40000000000001,-33.45,5.276957402341123,7603.5,Santiago,Metropolitana,5.242513059845606,0.8625136692072574,0.8568837741817527,4.66146,8978.388936241725,0.15752803122591552,1.1958146487294468,30.4,0.15775657406102012,29.07603528689959,4.721429595741457
13.62,28.6,40.4,17.5,-4.850000000000001,40.400000000000006,-33.45,5.276957402341123,17864.0,Santiago,Metropolitana,5.258063030131417,0.7615383075367367,0.7588115869783776,11.2365,21642.5041257632,0.1497260944488028,0.8550074738415545,40.4,0.15775657406102012,71.8721598198861,10.335013814645501
7.54,30.3,19.5,14.2,-3.150000000000002,19.5,-33.45,5.276957402341123,10818.8,Santiago,Metropolitana,5.268984433948524,0.9426414910921784,0.9412172516600585,6.46932,12460.48901267142,0.16379613143902233,0.905829596412556,19.5,0.15775657406102012,39.78825881365207,7.096778077516841
6.26,18.6,7.2,13.0,-14.85,7.199999999999989,-33.45,5.276957402341123,8937.4,Santiago,Metropolitana,5.100707563441804,0.9921147013144779,0.9589781715030478,5.4462,10489.868372690033,0.16297941558346826,0.5560538116591928,7.2,0.15775657406102012,33.03375333865543,6.003203353609079
8.53,28.0,18.7,10.5,-5.450000000000003,18.69999999999999,-33.45,5.276957402341123,12760.3,Santiago,Metropolitana,5.25310270815181,0.9472102777460288,0.9429283763043795,7.6343499999999995,14704.441006765477,0.17076849368599678,0.8370702541106128,18.7,0.15775657406102012,45.01244664196978,8.043179049876358
7.43,33.4,343.3,10.2,-0.0500000000000042,-16.700000000000045,-33.45,5.276957402341123,11221.8,Santiago,Metropolitana,5.276955393024815,0.9578224948453147,0.9578221301335665,6.67214,12851.13847529655,0.17241283946975425,0.9985052316890881,16.69999999999999,0.15775657406102012,39.20779349939455,7.1166184268923995
5.35,40.9,356.2,14.3,7.449999999999996,-3.7999999999999545,-33.45,5.276957402341123,7721.1,Santiago,Metropolitana,5.232411382987078,0.9978014682920501,0.9893784168764156,4.584949999999999,8831.023832280334,0.1647484316988862,1.2227204783258594,3.8000000000000114,0.15775657406102012,28.23172210252501,5.293174530288823
8.53,27.3,339.4,18.8,-6.150000000000002,-20.600000000000023,-33.45,5.276957402341123,11523.7,Santiago,Metropolitana,5.2465876293026765,0.9360595357389732,0.9306723564454177,6.92636,13340.788935747005,0.15421932796950866,0.8161434977578474,20.600000000000023,0.15775657406102012,45.01244664196978,7.938635200479412
3.97,46.7,328.8,12.4,13.25,-31.19999999999999,-33.45,5.276957402341123,5546.5,Santiago,Metropolitana,5.136480883218177,0.8553642601605067,0.8325938292686041,3.47772,6698.399808503467,0.15948667517799014,1.3961136023916292,31.19999999999999,0.15775657406102012,20.949520887294263,3.3053975021963584
6.58,28.0,8.3,15.7,-5.450000000000003,8.300000000000011,-33.45,5.276957402341123,9353.7,Santiago,Metropolitana,5.25310270815181,0.9895257890689694,0.9850525986884279,5.54694,10683.902624069857,0.16227567972686013,0.8370702541106128,8.3,0.15775657406102012,34.72237970740459,6.481646099369855
9.36,28.0,4.6,16.8,-5.450000000000003,4.599999999999994,-33.45,5.276957402341123,13159.0,Santiago,Metropolitana,5.25310270815181,0.9967788784562471,0.9922729001988916,7.787519999999999,14999.460128106031,0.16048813565936856,0.8370702541106128,4.6,0.15775657406102012,49.392321285912914,9.287674345861625
7.37,45.7,17.2,10.6,12.25,17.19999999999999,-33.45,5.276957402341123,10830.1,Santiago,Metropolitana,5.15680692104624,0.9552783621223437,0.9335277307966736,6.58878,12690.579658589959,0.16774936029689658,1.366218236173393,17.2,0.15775657406102012,38.89117605525408,6.880099375971485
12.71,35.1,13.7,11.5,1.6499999999999986,13.699999999999989,-33.45,5.276957402341123,18979.7,Santiago,Metropolitana,5.2747694079618315,0.9715491199976463,0.971146284831151,11.24835,21665.32828576768,0.1704667521708359,1.0493273542600896,13.7,0.15775657406102012,67.07012858375569,12.343269280203929
5.34,29.0,6.1,13.3,-4.450000000000003,6.099999999999994,-33.45,5.276957402341123,7834.0,Santiago,Metropolitana,5.26104960583589,0.9943379441332046,0.9913404354427449,4.62978,8917.370422406973,0.16747045644998546,0.8669656203288489,6.1,0.15775657406102012,28.178952528501597,5.2937579252642575
14.61,32.2,13.9,16.7,-1.25,13.900000000000006,-33.45,5.276957402341123,20534.9,Santiago,Metropolitana,5.275701629378893,0.9707164815781908,0.9704854773424892,12.170129999999999,23440.759020698126,0.1604494638375542,0.9626307922272048,13.9,0.15775657406102012,77.0963476482038,14.178792823973767
12.2,44.3,358.9,14.4,10.849999999999994,-1.1000000000000227,-33.45,5.276957402341123,17446.9,Santiago,Metropolitana,5.182623111753937,0.9998157121216442,0.9819423622478942,10.4432,20114.537363607018,0.16325043042143875,1.3243647234678624,1.1000000000000227,0.15775657406102012,64.3788803085617,11.979696819424309
14.58,45.2,10.3,17.3,11.75,10.300000000000011,-33.45,5.276957402341123,19983.8,Santiago,Metropolitana,5.1663812532560875,0.9838850379335415,0.9632681918341569,12.05766,23224.13174004805,0.15646472618398882,1.351270553064275,10.3,0.15775657406102012,76.93803892613359,14.044450236942009
12.9,26.9,341.8,18.7,-6.550000000000004,-18.200000000000045,-33.45,5.276957402341123,17497.1,Santiago,Metropolitana,5.242513059845606,0.9499720515246523,0.9437712884316305,10.4877,20200.248344214546,0.15483611199603553,0.8041853512705529,18.19999999999999,0.15775657406102012,68.07275049020049,12.174649620768033
3.85,33.1,9.2,17.6,-0.3500000000000014,9.199999999999989,-33.45,5.276957402341123,5374.7,Santiago,Metropolitana,5.276858946141958,0.9871362650729879,0.9871178473225103,3.1724,6110.326177063248,0.15936369566506553,0.9895366218236173,9.2,0.15775657406102012,20.316285999013324,3.8004037121916645
8.84,34.2,16.7,19.9,0.75,16.69999999999999,-33.45,5.276957402341123,11914.9,Santiago,Metropolitana,5.276505312598603,0.9578224948453149,0.9577404358685109,7.08084,13638.331234269488,0.15386294138308643,1.0224215246636772,16.7,0.15775657406102012,46.64830343669553,8.466425453077637
4.21,25.6,343.3,17.5,-7.850000000000001,-16.700000000000045,-33.45,5.276957402341123,5784.9,Santiago,Metropolitana,5.22750718786386,0.9578224948453147,0.9488467680789331,3.4732499999999997,6689.7901886536765,0.15685907656265252,0.7653213751868461,16.69999999999999,0.15775657406102012,22.21599066385613,3.9946448936123082
12.64,33.0,1.3,18.5,-0.4500000000000028,1.3000000000000114,-33.45,5.276957402341123,17508.3,Santiago,Metropolitana,5.276794648546491,0.9997426093226983,0.9997117749060227,10.3016,19841.80309722442,0.15812218224380092,0.9865470852017937,1.3,0.15775657406102012,66.7007415655918,12.636356834812128
9.59,33.5,344.4,18.3,0.0499999999999971,-15.600000000000025,-33.45,5.276957402341123,13203.0,Santiago,Metropolitana,5.276955393024815,0.963162566797658,0.9631622000525614,7.83503,15090.968637963642,0.15716285514305714,1.0014947683109117,15.600000000000023,0.15775657406102012,50.606021488451375,9.236725498504063
5.42,42.6,346.8,17.3,9.15,-13.200000000000044,-33.45,5.276957402341123,7483.1,Santiago,Metropolitana,5.209810292650746,0.9735789028731601,0.9611905122914096,4.48234,8633.387793625545,0.15760796306593206,1.2735426008968609,13.199999999999989,0.15775657406102012,28.60110912068889,5.20965257661944
14.08,43.1,331.9,18.0,9.65,-28.100000000000023,-33.45,5.276957402341123,18778.3,Santiago,Metropolitana,5.202289132994722,0.8821268660176675,0.8696448841846738,11.5456,22237.85837533143,0.15224726935450394,1.288490284005979,28.100000000000023,0.15775657406102012,74.29956022496302,12.244599969320207
3.5,30.8,31.6,19.3,-2.650000000000002,31.59999999999999,-33.45,5.276957402341123,4610.4,Santiago,Metropolitana,5.271314238558655,0.8517269341430477,0.8508160996941706,2.8244999999999996,5440.239656763063,0.15037181996086105,0.9207772795216741,31.6,0.15775657406102012,18.46935090819393,2.9778563489295973
9.33,31.7,26.6,14.8,-1.7500000000000036,26.59999999999999,-33.45,5.276957402341123,13156.4,Santiago,Metropolitana,5.2744961810543955,0.8941542368393682,0.8937371951099143,7.94916,15310.793227103797,0.1609723629280516,0.9476831091180866,26.6,0.15775657406102012,49.23401256384268,8.338568030375502
11.37,38.8,13.4,16.4,5.349999999999994,13.400000000000006,-33.45,5.276957402341123,15993.0,Santiago,Metropolitana,5.253969448253398,0.9727758782093966,0.9685381848719434,9.505320000000001,18308.096588501714,0.16057035457404129,1.1599402092675632,13.4,0.15775657406102012,59.99900566461857,11.012279161993996
2.77,28.8,49.3,15.1,-4.650000000000002,49.30000000000001,-33.45,5.276957402341123,3614.1,Santiago,Metropolitana,5.259588361195831,0.6520984038303921,0.6499520298608231,2.35173,4529.642346609807,0.1489416942782256,0.8609865470852017,49.3,0.15775657406102012,14.617172004484912,1.80036712271448
9.77,38.2,355.3,18.5,4.75,-4.7000000000000455,-33.45,5.276957402341123,13485.1,Santiago,Metropolitana,5.258833705323363,0.9966373868180365,0.9932144382023723,7.962549999999999,15336.583564864128,0.15756345723325996,1.1420029895366217,4.699999999999989,0.15775657406102012,51.555873820872776,9.703705061237176
12.61,32.7,75.8,14.3,-0.75,75.80000000000001,-33.45,5.276957402341123,14495.2,Santiago,Metropolitana,5.276505312598603,0.24530738587880233,0.2452863697999401,10.806769999999998,20814.80570561776,0.13122150645099384,0.9775784753363229,75.8,0.15775657406102012,66.54243284352157,3.0930611231772445
2.88,25.7,354.3,18.2,-7.7500000000000036,-5.7000000000000455,-33.45,5.276957402341123,3962.0,Santiago,Metropolitana,5.228757131943088,0.9950555699612262,0.985966630279446,2.35584,4537.558574256929,0.15704274479959413,0.7683109118086696,5.699999999999989,0.15775657406102012,15.197637318742435,2.8395838952048043
8.66,25.8,6.4,18.0,-7.650000000000002,6.400000000000006,-33.45,5.276957402341123,11949.9,Santiago,Metropolitana,5.2299911483212975,0.9937679191605964,0.9849231336204775,7.1012,13677.546415509247,0.15752238286563952,0.7713004484304933,6.4,0.15775657406102012,45.69845110427413,8.529434337153335
5.36,45.0,350.1,19.6,11.549999999999995,-9.899999999999975,-33.45,5.276957402341123,7152.5,Santiago,Metropolitana,5.170100862782975,0.985109326154774,0.9651612072571953,4.30944,8300.3669273999,0.15233123764737952,1.3452914798206277,9.899999999999977,0.15775657406102012,28.284491676548424,5.1732640708985675
10.62,32.2,9.3,12.5,-1.25,9.300000000000011,-33.45,5.276957402341123,15746.0,Santiago,Metropolitana,5.275701629378893,0.9868557164068072,0.9866208714702656,9.292499999999999,17898.18623135803,0.16925504561910412,0.9626307922272048,9.3,0.15775657406102012,56.041287612862725,10.47791365501422
3.54,46.6,20.9,17.1,13.15,20.90000000000001,-33.45,5.276957402341123,4783.8,Santiago,Metropolitana,5.138584000885236,0.9342044743210295,0.9097075832319029,2.93466,5652.417670779357,0.15426437582230476,1.3931240657698056,20.9,0.15775657406102012,18.680429204287577,3.2203648446409363
14.18,29.3,357.2,17.6,-4.150000000000002,-2.7999999999999545,-33.45,5.276957402341123,19822.9,Santiago,Metropolitana,5.263121272015871,0.9988061373414341,0.9961872774886359,11.68432,22505.04550409269,0.15958308376966723,0.8759342301943198,2.8000000000000114,0.15775657406102012,74.82725596519712,14.125935594788857
13.63,35.8,44.4,19.4,2.3499999999999943,44.400000000000006,-33.45,5.276957402341123,17291.9,Santiago,Metropolitana,5.272519444534018,0.7144726796328034,0.7138718031494851,10.985780000000002,21159.59497839424,0.1448247386070882,1.070254110612855,44.4,0.15775657406102012,71.92492939390952,9.730072676927483
4.42,52.6,6.0,19.1,19.15,6.0,-33.45,5.276957402341123,5736.1,Santiago,Metropolitana,4.984946415309069,0.9945218953682733,0.9394880381378476,3.5757799999999995,6887.2721401523195,0.14814613938304513,1.5724962630792225,6.0,0.15775657406102012,23.324151718347764,4.1525371285692865
6.2,25.0,6.8,15.7,-8.450000000000003,6.800000000000011,-33.45,5.276957402341123,8776.2,Santiago,Metropolitana,5.219673258284512,0.9929655081065369,0.9821863460112763,5.2266,10066.899129062784,0.16158859920459567,0.7473841554559043,6.8,0.15775657406102012,32.71713589451497,6.089555345269913
9.64,18.3,337.3,15.8,-15.150000000000002,-22.700000000000045,-33.45,5.276957402341123,13061.0,Santiago,Metropolitana,5.093556379563795,0.922538089456246,0.8904752137767389,8.11688,15633.836949968834,0.1546661550995661,0.547085201793722,22.69999999999999,0.15775657406102012,50.86986935856843,8.584181060807763
11.33,43.7,10.5,11.7,10.25,10.5,-33.45,5.276957402341123,16682.2,Santiago,Metropolitana,5.192740843649518,0.9832549075639546,0.9675628452033731,10.00439,19269.350051238744,0.16808126483615246,1.3064275037369208,10.5,0.15775657406102012,59.787927368524926,10.962487036154217
7.75,26.8,356.6,19.7,-6.650000000000002,-3.3999999999999773,-33.45,5.276957402341123,10508.0,Santiago,Metropolitana,5.24145448559237,0.9982398279237653,0.9915237559898998,6.22325,11986.53618125358,0.1547797908381205,0.8011958146487294,3.3999999999999773,0.15775657406102012,40.89641986814371,7.684309108921724
4.03,33.3,344.8,12.6,-0.1500000000000056,-15.200000000000044,-33.45,5.276957402341123,5943.2,Santiago,Metropolitana,5.276939318503535,0.9650164944723113,0.965013187414811,3.5222200000000004,6784.110789110993,0.16834925275049004,0.9955156950672645,15.199999999999989,0.15775657406102012,21.26613833143473,3.8890031452816887
3.35,28.8,340.6,17.2,-4.650000000000002,-19.399999999999977,-33.45,5.276957402341123,4636.9,Santiago,Metropolitana,5.259588361195831,0.9432226579476011,0.9401180520343915,2.7738000000000005,5342.586921554041,0.15800790567709397,0.8609865470852017,19.399999999999977,0.15775657406102012,17.677807297842765,3.1493954743152117
15.0,35.6,66.8,18.0,2.1499999999999986,66.80000000000001,-33.45,5.276957402341123,17456.6,Santiago,Metropolitana,5.2732426121807965,0.3939419095909509,0.3936645885102767,12.3,23690.900257810477,0.13285083713850837,1.0642750373692078,66.8,0.15775657406102012,79.15436103511685,5.904968827654151
7.92,25.8,353.4,14.4,-7.650000000000002,-6.600000000000023,-33.45,5.276957402341123,11406.8,Santiago,Metropolitana,5.2299911483212975,0.9933727656003963,0.9845314970267924,6.77952,13057.961960636689,0.16441238872745723,0.7713004484304933,6.600000000000023,0.15775657406102012,41.793502626541695,7.797489456452196
13.34,32.0,323.6,12.1,-1.4500000000000028,-36.39999999999998,-33.45,5.276957402341123,18937.6,Santiago,Metropolitana,5.275267657406179,0.8048937973559144,0.8046360607259679,11.725859999999999,22585.055259922723,0.16205595832220876,0.9566517189835575,36.39999999999998,0.15775657406102012,70.39461174723058,10.733845050084412
8.27,37.0,342.5,11.9,3.549999999999997,-17.5,-33.45,5.276957402341123,12225.5,Santiago,Metropolitana,5.266831678150917,0.9537169507482269,0.9518869047458626,7.28587,14033.23735458322,0.16875514181753934,1.1061285500747384,17.5,0.15775657406102012,43.64043771736109,7.872104702248283
13.99,25.4,358.7,18.6,-8.050000000000004,-1.2999999999999543,-33.45,5.276957402341123,19182.5,Santiago,Metropolitana,5.224959531881038,0.9997426093226983,0.9898913858373758,11.38786,21934.0370251959,0.15652488241764337,0.7593423019431987,1.3000000000000114,0.15775657406102012,73.82463405875232,13.848580487864888
3.14,27.8,13.7,15.1,-5.650000000000002,13.699999999999989,-33.45,5.276957402341123,4480.7,Santiago,Metropolitana,5.251321225052022,0.9715491199976463,0.9668292021384874,2.66586,5134.684826120864,0.1628966349649536,0.8310911808669655,13.7,0.15775657406102012,16.569646243351126,3.035843694714851
3.48,30.7,13.9,10.9,-2.7500000000000036,13.900000000000006,-33.45,5.276957402341123,5231.6,Santiago,Metropolitana,5.270880386878248,0.9707164815781908,0.9695985913587242,3.10068,5972.187041576242,0.17161339421613395,0.9177877428998504,13.9,0.15775657406102012,18.363811760147108,3.37420309792836
14.09,22.0,16.9,17.2,-11.450000000000005,16.900000000000006,-33.45,5.276957402341123,19235.5,Santiago,Metropolitana,5.171937046831298,0.9568135840576074,0.9377713794133591,11.66652,22470.76111184968,0.15584338774544595,0.6576980568011958,16.9,0.15775657406102012,74.35232979898643,13.21319873593423
14.32,30.1,343.9,12.5,-3.3500000000000014,-16.100000000000023,-33.45,5.276957402341123,21057.1,Santiago,Metropolitana,5.267940150143854,0.960779154157594,0.9591373770352177,12.530000000000001,24133.900831737017,0.1678616298053621,0.8998505231689088,16.100000000000023,0.15775657406102012,75.5660300015249,13.734847239144319
6.09,34.4,8.5,18.8,0.9499999999999956,8.5,-33.45,5.276957402341123,8390.8,Santiago,Metropolitana,5.276232055725738,0.9890158633619168,0.9888799177299257,4.94508,9524.666426576701,0.15728306753342178,1.0284005979073243,8.5,0.15775657406102012,32.136670580257444,6.0222786989752475
6.62,30.3,338.1,13.1,-3.150000000000002,-21.899999999999977,-33.45,5.276957402341123,9586.4,Santiago,Metropolitana,5.268984433948524,0.9278362538989201,0.9264343837374209,5.7527800000000004,11080.36887683959,0.16530783981017808,0.905829596412556,21.899999999999977,0.15775657406102012,34.93345800349824,6.132995620341727
7.88,31.3,344.5,12.0,-2.150000000000002,-15.5,-33.45,5.276957402341123,11679.0,Santiago,Metropolitana,5.2732426121807965,0.963630453208623,0.9629520916732082,6.9344,13356.274694939915,0.16919025102565885,0.9357249626307922,15.5,0.15775657406102012,41.58242433044805,7.58806248238488
7.41,33.3,337.1,10.8,-0.1500000000000056,-22.899999999999977,-33.45,5.276957402341123,11010.1,Santiago,Metropolitana,5.276939318503535,0.9211854055657214,0.9211822487149088,6.60972,12730.911971711794,0.16961683273867845,0.9955156950672645,22.899999999999977,0.15775657406102012,39.102254351347725,6.825960462977474
4.47,28.2,330.3,15.1,-5.2500000000000036,-29.69999999999999,-33.45,5.276957402341123,6211.7,Santiago,Metropolitana,5.254820183852877,0.8686315144381913,0.8649875423241918,3.7950299999999997,7309.567252471421,0.15863493814675209,0.84304932735426,29.69999999999999,0.15775657406102012,23.58799958846482,3.8664943141891372
13.68,39.0,26.6,14.5,5.549999999999997,26.59999999999999,-33.45,5.276957402341123,19263.9,Santiago,Metropolitana,5.252219966188357,0.8941542368393682,0.8899626010807157,11.696399999999999,22528.31266467109,0.16075112152527438,1.1659192825112106,26.6,0.15775657406102012,72.18877726402657,12.17468838278419
5.29,44.9,17.2,17.5,11.449999999999996,17.19999999999999,-33.45,5.276957402341123,7194.2,Santiago,Metropolitana,5.171937046831298,0.9552783621223437,0.9362667109848105,4.36425,8405.935890256045,0.15524682566399944,1.3423019431988041,17.2,0.15775657406102012,27.915104658384543,4.952850901109648
11.17,29.7,24.4,14.6,-3.750000000000003,24.40000000000001,-33.45,5.276957402341123,15811.6,Santiago,Metropolitana,5.265659031476091,0.910683660806177,0.9087338171830414,9.53918,18373.313977341506,0.16159151020141196,0.8878923766816142,24.4,0.15775657406102012,58.94361418415035,10.150556737934572
2.87,37.3,1.0,13.4,3.8499999999999943,1.0,-33.45,5.276957402341123,4219.4,Santiago,Metropolitana,5.265048647067534,0.9998476951563913,0.9975912923460906,2.48542,4787.141245428236,0.16782810685249708,1.115097159940209,1.0,0.15775657406102012,15.144867744719026,2.86308700903328
2.5,31.5,19.4,12.6,-1.9500000000000028,19.40000000000001,-33.45,5.276957402341123,3665.3,Santiago,Metropolitana,5.273901527030479,0.943222657947601,0.9426764396227034,2.185,4208.5054523021045,0.16736529680365297,0.9417040358744394,19.4,0.15775657406102012,13.19239350585281,2.3566910990567584
10.5,36.4,316.0,12.8,2.9499999999999957,-44.0,-33.45,5.276957402341123,14417.5,Santiago,Metropolitana,5.269964516840655,0.7193398003386512,0.7183865501082313,9.156,17635.275021179896,0.15674603174603174,1.0881913303437967,44.0,0.15775657406102012,55.40805272458179,7.543058776136428
6.41,46.0,21.6,19.3,12.549999999999995,21.59999999999999,-33.45,5.276957402341123,8434.4,Santiago,Metropolitana,5.1508737726217575,0.9297764858882515,0.907561109634409,5.17287,9963.410342814639,0.1502076521417021,1.3751868460388639,21.6,0.15775657406102012,33.8252969490066,5.817466712756562
10.52,37.5,4.4,11.7,4.049999999999997,4.400000000000006,-33.45,5.276957402341123,15755.8,Santiago,Metropolitana,5.2637797654048075,0.9970527522269202,0.9945629085208915,9.289159999999999,17891.75309258884,0.17097027622966474,1.1210762331838564,4.4,0.15775657406102012,55.513591872628616,10.462801797639777
3.22,19.3,15.7,19.9,-14.150000000000002,15.699999999999989,-33.45,5.276957402341123,4216.6,Santiago,Metropolitana,5.116849511189087,0.9626917464264788,0.9334827660239777,2.5792200000000003,4967.80843601219,0.1494866558892765,0.5769805680119581,15.7,0.15775657406102012,16.99180283553842,3.0058145065972086
14.35,37.1,9.5,13.3,3.6499999999999986,9.5,-33.45,5.276957402341123,21047.5,Santiago,Metropolitana,5.266253375774045,0.9862856015372314,0.9842849738124562,12.44145,23963.345610775294,0.167434330899082,1.109118086696562,9.5,0.15775657406102012,75.72433872359512,14.124489374208746
11.73,43.3,335.3,10.9,9.849999999999994,-24.700000000000045,-33.45,5.276957402341123,17110.7,Santiago,Metropolitana,5.199169707194738,0.9085081775267215,0.8951158471053894,10.45143,20130.389079795783,0.16651971489409742,1.2944693572496262,24.69999999999999,0.15775657406102012,61.89871032946138,10.499708886546218
13.39,31.7,322.5,12.5,-1.7500000000000036,-37.5,-33.45,5.276957402341123,18865.9,Santiago,Metropolitana,5.2744961810543955,0.7933533402912352,0.7929833130235989,11.71625,22566.545540290404,0.16083954835783537,0.9476831091180866,37.5,0.15775657406102012,70.65845961734765,10.61804656138599
3.77,41.4,342.2,10.6,7.949999999999996,-17.799999999999955,-33.45,5.276957402341123,5615.1,Santiago,Metropolitana,5.226241319891159,0.9521293927421389,0.9429786134002549,3.37038,6491.653366741404,0.17002470840449113,1.2376681614349774,17.80000000000001,0.15775657406102012,19.894129406826035,3.5550293725189612
6.16,27.9,14.1,17.9,-5.550000000000004,14.099999999999994,-33.45,5.276957402341123,8498.6,Santiago,Metropolitana,5.252219966188356,0.9698720152847469,0.9653254280707175,5.05736,9740.927750230925,0.1574934768427919,0.8340807174887891,14.1,0.15775657406102012,32.50605759842132,5.94640463691562
6.79,21.6,17.3,15.1,-11.85,17.30000000000001,-33.45,5.276957402341123,9479.8,Santiago,Metropolitana,5.164497839108098,0.9547607995027974,0.9344134716171367,5.76471,11103.347124000213,0.15937687036401907,0.6457399103139013,17.3,0.15775657406102012,35.83054076189623,6.344667472280358
8.98,34.6,325.8,13.4,1.1499999999999986,-34.19999999999999,-33.45,5.276957402341123,12646.9,Santiago,Metropolitana,5.275894509630351,0.8270805742745619,0.8269139824591291,7.776680000000001,14978.581318447932,0.16076949283542322,1.0343796711509716,34.19999999999999,0.15775657406102012,47.38707747302329,7.425687562482979
5.86,19.4,335.5,16.6,-14.050000000000004,-24.5,-33.45,5.276957402341123,7875.7,Santiago,Metropolitana,5.119093212012295,0.9099612708765432,0.882739088034251,4.88724,9413.261412681437,0.15342193027568685,0.5799701046337816,24.5,0.15775657406102012,30.922970377718986,5.172851055880711
2.79,31.5,341.9,16.3,-1.9500000000000028,-18.100000000000023,-33.45,5.276957402341123,3916.9,Santiago,Metropolitana,5.273901527030479,0.9505157316277836,0.949965289898735,2.33523,4497.861870654207,0.16026333447897742,0.9417040358744394,18.100000000000023,0.15775657406102012,14.722711152531735,2.6504031588174706
6.8,43.7,351.1,19.4,10.25,-8.899999999999977,-33.45,5.276957402341123,9136.7,Santiago,Metropolitana,5.192740843649518,0.9879598657693892,0.9721927155582456,5.4808,10556.5110677242,0.15338268869191513,1.3064275037369208,8.899999999999977,0.15775657406102012,35.88331033591964,6.61091046579607
5.31,18.2,325.9,19.6,-15.250000000000004,-34.10000000000002,-33.45,5.276957402341123,6694.6,Santiago,Metropolitana,5.091141610163337,0.8280603346224942,0.7989021142092275,4.26924,8222.938131435349,0.14392160909458335,0.5440956651718983,34.10000000000002,0.15775657406102012,28.020643806431362,4.242170226450998
7.02,23.2,324.4,16.8,-10.250000000000004,-35.60000000000002,-33.45,5.276957402341123,9303.1,Santiago,Metropolitana,5.192740843649518,0.8131007610470274,0.800124240157447,5.84064,11249.595096079525,0.15128172605341556,0.6935724962630792,35.60000000000002,0.15775657406102012,37.044240964434685,5.616872165905278
4.56,25.2,339.5,18.2,-8.250000000000004,-20.5,-33.45,5.276957402341123,6179.3,Santiago,Metropolitana,5.222348211415217,0.9366721892483976,0.9269789310850933,3.73008,7184.467742573472,0.15469288231995515,0.7533632286995515,20.5,0.15775657406102012,24.062925754675522,4.227023925748025
5.4,32.9,2.2,17.9,-0.5500000000000043,2.1999999999999886,-33.45,5.276957402341123,7542.1,Santiago,Metropolitana,5.276714276919398,0.9992629164106211,0.9992168773393452,4.4334,8539.124975851784,0.1594389480805006,0.98355754857997,2.2,0.15775657406102012,28.49556997264207,5.395771137632464
10.15,30.5,330.5,14.9,-2.950000000000003,-29.5,-33.45,5.276957402341123,14184.5,Santiago,Metropolitana,5.269964516840655,0.8703556959398997,0.8692023234067638,8.63765,16636.88655381111,0.15953055761747306,0.9118086696562032,29.5,0.15775657406102012,53.56111763376241,8.822403582578653
7.05,44.6,357.1,17.0,11.15,-2.8999999999999773,-33.45,5.276957402341123,9747.9,Santiago,Metropolitana,5.177351049139784,0.9987193571841863,0.9798678134903581,5.8515,11270.512427526664,0.15784027980180704,1.3333333333333333,2.8999999999999773,0.15775657406102012,37.202549686504916,6.908068085107025
6.49,41.1,26.5,10.8,7.649999999999999,26.5,-33.45,5.276957402341123,9500.4,Santiago,Metropolitana,5.229991148321298,0.8949343616020251,0.8869692196928971,5.78908,11150.285923941907,0.16710640184055553,1.2286995515695067,26.5,0.15775657406102012,34.24745354119389,5.756430235806903
8.94,37.4,327.5,17.6,3.949999999999996,-32.5,-33.45,5.276957402341123,12000.9,Santiago,Metropolitana,5.264422224407708,0.8433914458128857,0.8413880068925537,7.366559999999999,14188.653512453358,0.1532400171615948,1.1180866965620329,32.5,0.15775657406102012,47.17599917692964,7.522008781619429
12.03,34.6,354.8,19.6,1.1499999999999986,-5.2000000000000455,-33.45,5.276957402341123,16430.3,Santiago,Metropolitana,5.275894509630351,0.9958843986159703,0.9956838060799018,9.67212,18629.368309071044,0.15591064196434334,1.0343796711509716,5.199999999999989,0.15775657406102012,63.48179755016371,11.978076187141218
6.93,36.6,25.6,10.8,3.1499999999999986,25.59999999999999,-33.45,5.276957402341123,10222.6,Santiago,Metropolitana,5.268984433948524,0.9018325264051138,0.9004699453417805,6.18156,11906.237512005766,0.16839299716012046,1.094170403587444,25.6,0.15775657406102012,36.569314798223985,6.240256721218539
9.64,26.6,349.5,18.4,-6.850000000000001,-10.5,-33.45,5.276957402341123,13228.5,Santiago,Metropolitana,5.239289441221057,0.9832549075639546,0.9762362404030636,7.866240000000001,15151.081889756024,0.15664966179730572,0.7952167414050821,10.5,0.15775657406102012,50.86986935856843,9.410917357485534
14.56,40.3,345.7,19.3,6.849999999999994,-14.299999999999956,-33.45,5.276957402341123,19677.4,Santiago,Metropolitana,5.239289441221057,0.9690157314068697,0.9620987062894844,11.74992,22631.396972134342,0.1542773721712078,1.2047832585949176,14.300000000000011,0.15775657406102012,76.83249977808676,14.008157163574893
8.79,24.6,29.1,12.3,-8.850000000000001,29.09999999999999,-33.45,5.276957402341123,12536.3,Santiago,Metropolitana,5.214132585177239,0.8737722230354653,0.863369527699943,7.708829999999999,14847.896149139602,0.16280824515197323,0.7354260089686099,29.1,0.15775657406102012,46.384455566578474,7.589018148482499
13.83,40.1,352.3,15.2,6.649999999999999,-7.700000000000045,-33.45,5.276957402341123,19749.7,Santiago,Metropolitana,5.24145448559237,0.9909831997148362,0.9843159497530912,11.72784,22588.8689170374,0.16301749555099926,1.1988041853512705,7.699999999999989,0.15775657406102012,72.98032087437774,13.613089585085252
12.32,42.9,27.6,19.3,9.449999999999996,27.59999999999999,-33.45,5.276957402341123,16195.9,Santiago,Metropolitana,5.205345170543364,0.8862035792312147,0.8741771383681988,9.94224,19149.643591805983,0.15006875259443753,1.2825112107623318,27.6,0.15775657406102012,65.01211519684264,10.76986234469621
2.76,35.1,10.7,19.6,1.6499999999999986,10.699999999999989,-33.45,5.276957402341123,3760.0,Santiago,Metropolitana,5.2747694079618315,0.9826127965436152,0.9822053740249298,2.21904,4274.069537243233,0.15551584938124546,1.0493273542600896,10.7,0.15775657406102012,14.564402430461499,2.7108868323088062
7.58,32.0,351.4,11.3,-1.4500000000000028,-8.600000000000023,-33.45,5.276957402341123,11398.6,Santiago,Metropolitana,5.275267657406179,0.9887563810470058,0.9884397694165942,6.72346,12949.985385965723,0.1716635944145251,0.9566517189835575,8.600000000000023,0.15775657406102012,39.99933710974572,7.492373452177784
11.08,36.7,12.0,13.5,3.25,12.0,-33.45,5.276957402341123,16183.5,Santiago,Metropolitana,5.268470316383322,0.9781476007338057,0.9765744171482869,9.5842,18460.026524463996,0.1667356955640176,1.0971599402092675,12.0,0.15775657406102012,58.46868801793965,10.820444542003019
14.83,10.6,8.0,17.0,-22.85,8.0,-33.45,5.276957402341123,19237.5,Santiago,Metropolitana,4.862846214909014,0.9902680687415704,0.9125564151207282,12.3089,23708.04245393198,0.14808237652296807,0.3168908819133034,8.0,0.15775657406102012,78.25727827671886,13.533211636240399
7.96,35.9,25.5,12.2,2.4499999999999957,25.5,-33.45,5.276957402341123,11577.7,Santiago,Metropolitana,5.272133768634756,0.9025852843498606,0.9017602367952736,6.98888,13461.208048276949,0.16603709185195384,1.0732436472346785,25.5,0.15775657406102012,42.00458092263534,7.178011484890378
3.21,32.5,346.3,13.2,-0.9500000000000028,-13.700000000000044,-33.45,5.276957402341123,4695.8,Santiago,Metropolitana,5.276232055725738,0.971549119997646,0.971415575264926,2.78628,5366.624517913184,0.16699384059517206,0.9715994020926756,13.699999999999989,0.15775657406102012,16.939033261515007,3.118243996600412
9.31,33.0,1.0,10.2,-0.4500000000000028,1.0,-33.45,5.276957402341123,14205.6,Santiago,Metropolitana,5.276794648546491,0.9998476951563913,0.999816857498621,8.360380000000001,16102.839731495409,0.17418301134440797,0.9865470852017937,1.0,0.15775657406102012,49.12847341579586,9.308294943312163
3.65,39.1,358.5,11.5,5.649999999999999,-1.5,-33.45,5.276957402341123,5457.0,Santiago,Metropolitana,5.251321225052022,0.9996573249755573,0.9948008536309046,3.23025,6221.75045185303,0.17066991930943892,1.1689088191330343,1.5,0.15775657406102012,19.2608945185451,3.631023115752802
11.77,32.9,17.6,15.6,-0.5500000000000043,17.599999999999994,-33.45,5.276957402341123,16688.7,Santiago,Metropolitana,5.276714276919398,0.953190667792947,0.9531467514098075,9.933879999999998,19133.54148398848,0.16186089547374916,0.98355754857997,17.6,0.15775657406102012,62.10978862555502,11.218537264093435
8.6,24.3,334.4,16.5,-9.150000000000002,-25.600000000000023,-33.45,5.276957402341123,11752.6,Santiago,Metropolitana,5.209810292650746,0.9018325264051136,0.8903570789159964,7.180999999999999,13831.248353767234,0.15600244239141978,0.726457399103139,25.600000000000023,0.15775657406102012,45.38183366013366,7.657070878677568
11.4,32.3,25.4,16.5,-1.1500000000000057,25.40000000000001,-33.45,5.276957402341123,15796.6,Santiago,Metropolitana,5.275894509630351,0.9033352928633007,0.9031533417075567,9.519,18334.44549220308,0.15818112633181128,0.9656203288490283,25.4,0.15775657406102012,60.15731438668881,10.295948095466146
13.3,34.0,11.7,17.8,0.5499999999999972,11.699999999999989,-33.45,5.276957402341123,18501.1,Santiago,Metropolitana,5.276714276919398,0.9792228106217659,0.9791776948589042,10.9326,21057.165541344617,0.1587968208191712,1.0164424514200299,11.7,0.15775657406102012,70.18353345113695,13.023063341623425
10.18,34.4,327.1,14.2,0.9499999999999956,-32.89999999999998,-33.45,5.276957402341123,14245.8,Santiago,Metropolitana,5.276232055725738,0.8396198645344134,0.8395044541983967,8.73444,16823.312751856105,0.15974782678903032,1.0284005979073243,32.89999999999998,0.15775657406102012,53.71942635583264,8.546155343739677
9.96,34.7,30.2,12.7,1.25,30.19999999999999,-33.45,5.276957402341123,14269.2,Santiago,Metropolitana,5.275701629378893,0.8642748019537048,0.8640691279553229,8.69508,16747.501871031116,0.16354458931616878,1.0373692077727952,30.2,0.15775657406102012,52.55849572731759,8.606128514435017
11.81,41.8,55.9,10.2,8.349999999999994,55.900000000000006,-33.45,5.276957402341123,15774.8,Santiago,Metropolitana,5.221018686914052,0.5606389945632416,0.554695906002345,10.60538,20426.910550908786,0.15247893782453534,1.2496263079222718,55.9,0.15775657406102012,62.32086692164867,6.550958649887694
12.95,24.8,25.0,12.1,-8.650000000000002,25.0,-33.45,5.276957402341123,18690.5,Santiago,Metropolitana,5.216934705082385,0.9063077870366499,0.8959989985100637,11.383049999999999,21924.77253493248,0.1647582024294353,0.7414050822122571,25.0,0.15775657406102012,68.33659836031754,11.603187030705325
13.3,34.9,35.7,13.1,1.4499999999999955,35.69999999999999,-33.45,5.276957402341123,18696.2,Santiago,Metropolitana,5.275267657406179,0.8120835268918064,0.8118234880243885,11.5577,22261.164057698872,0.1604713839393003,1.0433482810164423,35.7,0.15775657406102012,70.18353345113695,10.797252390724369
2.47,43.8,2.1,11.8,10.349999999999994,2.0999999999999943,-33.45,5.276957402341123,3650.3,Santiago,Metropolitana,5.191094070430138,0.9993283937786562,0.9830679506822194,2.1785400000000004,4196.062914443125,0.16870482317490249,1.3094170403587442,2.1,0.15775657406102012,13.034084783782577,2.428177838185082
9.23,19.6,318.5,10.2,-13.85,-41.5,-33.45,5.276957402341123,12795.3,Santiago,Metropolitana,5.123533825934412,0.7489557207890021,0.7271803952571461,8.288540000000001,15964.469465274182,0.1582503450630018,0.585949177877429,41.5,0.15775657406102012,48.706316823608574,6.711875048223458
4.81,34.9,313.9,11.6,1.4499999999999955,-46.10000000000002,-33.45,5.276957402341123,6655.5,Santiago,Metropolitana,5.275267657406179,0.6934018282758128,0.6931797927091261,4.25204,8189.809392863451,0.15795431891322304,1.0433482810164423,46.10000000000002,0.15775657406102012,25.382165105260803,3.334194802930896
13.18,28.8,6.4,16.7,-4.650000000000002,6.400000000000006,-33.45,5.276957402341123,18594.7,Santiago,Metropolitana,5.259588361195831,0.9937679191605964,0.9904969441345115,10.97894,21146.420526543556,0.16105331171485784,0.8609865470852017,6.4,0.15775657406102012,69.550298562856,13.054749723692861
10.43,30.5,345.2,16.3,-2.950000000000003,-14.799999999999956,-33.45,5.276957402341123,14702.3,Santiago,Metropolitana,5.269964516840655,0.9668233886044596,0.9655421796159833,8.72991,16814.587566639206,0.16091512453101126,0.9118086696562032,14.800000000000011,0.15775657406102012,55.038665706417916,10.070604933394705
7.46,26.2,337.1,19.4,-7.2500000000000036,-22.899999999999977,-33.45,5.276957402341123,9951.7,Santiago,Metropolitana,5.234767862371406,0.9211854055657214,0.9138204818939113,6.01276,11581.113612532725,0.15228402316158018,0.7832585949177877,22.899999999999977,0.15775657406102012,39.36610222146478,6.817100794928578
4.45,32.1,358.4,18.0,-1.3500000000000014,-1.6000000000000227,-33.45,5.276957402341123,6198.1,Santiago,Metropolitana,5.275492678425335,0.9996101150403544,0.9993326534786382,3.6490000000000005,7028.300409817109,0.15899902519111386,0.9596412556053812,1.6000000000000227,0.15775657406102012,23.482460440418,4.44703030797994
6.41,48.2,15.4,15.7,14.75,15.400000000000006,-33.45,5.276957402341123,8806.0,Santiago,Metropolitana,5.103060225755854,0.9640954042341101,0.9323245453901925,5.40363,10407.874744724586,0.1568254511002358,1.4409566517189836,15.4,0.15775657406102012,33.8252969490066,5.976200335951134
11.15,23.3,323.7,11.4,-10.150000000000002,-36.30000000000001,-33.45,5.276957402341123,15718.2,Santiago,Metropolitana,5.1943717988797395,0.8059282822485156,0.7933153182881544,9.8789,19027.64508592552,0.1609251182505068,0.6965620328849028,36.30000000000001,0.15775657406102012,58.838075036103525,8.845465798912922
4.66,24.1,348.8,15.6,-9.35,-11.200000000000044,-33.45,5.276957402341123,6560.1,Santiago,Metropolitana,5.206849407056731,0.9809551553491914,0.9679224938812572,3.93304,7575.386857721862,0.16070168734199544,0.7204783258594918,11.199999999999989,0.15775657406102012,24.590621494909637,4.5105188214866585
3.22,23.0,37.7,10.6,-10.450000000000005,37.69999999999999,-33.45,5.276957402341123,4550.3,Santiago,Metropolitana,5.189431484237955,0.7912235329674902,0.7780999541951681,2.87868,5544.595183264541,0.16131696871720697,0.6875934230194319,37.7,0.15775657406102012,16.99180283553842,2.5054818525084412
13.54,47.3,333.1,14.3,13.849999999999994,-26.899999999999977,-33.45,5.276957402341123,18641.4,Santiago,Metropolitana,5.123533825934412,0.8917975296052143,0.8658691856769497,11.603779999999999,22349.918259640323,0.15716497035673097,1.4140508221225707,26.899999999999977,0.15775657406102012,71.4500032276988,11.723868774065899
11.93,29.8,21.7,13.9,-3.650000000000002,21.69999999999999,-33.45,5.276957402341123,17125.1,Santiago,Metropolitana,5.266253375774045,0.9291325715340563,0.9272478756815511,10.27173,19784.27080529753,0.16386589198023477,0.8908819133034379,21.7,0.15775657406102012,62.954101809929604,11.062067156880904
4.6,33.2,347.9,14.3,-0.25,-12.100000000000025,-33.45,5.276957402341123,6664.4,Santiago,Metropolitana,5.276907169509938,0.9777832367586061,0.9777739289669143,3.9421999999999997,7593.029837100849,0.16538614254516576,0.992526158445441,12.100000000000023,0.15775657406102012,24.274004050769165,4.497760073247806
5.8,30.2,13.6,12.8,-3.2500000000000036,13.599999999999994,-33.45,5.276957402341123,8526.8,Santiago,Metropolitana,5.268470316383322,0.9719610005785463,0.9703977670842071,5.0576,9741.39001169937,0.16782396472996378,0.9028400597907323,13.6,0.15775657406102012,30.606352933578513,5.628307049088401
14.64,25.9,27.4,16.9,-7.550000000000004,27.40000000000001,-33.45,5.276957402341123,19930.5,Santiago,Metropolitana,5.23120923323946,0.8878153851364012,0.8801185391561288,12.16584,23432.496096949668,0.15540787109813609,0.7742899850523168,27.4,0.15775657406102012,77.25465637027405,12.884935413245726
11.21,31.6,18.5,18.4,-1.8500000000000016,18.5,-33.45,5.276957402341123,15338.0,Santiago,Metropolitana,5.274206887116865,0.9483236552061993,0.9478293592602037,9.14736,17618.63360831587,0.1561920822488075,0.9446935724962631,18.5,0.15775657406102012,59.154692480243995,10.625167117306885
9.94,53.1,22.7,17.7,19.65,22.69999999999999,-33.45,5.276957402341123,12841.8,Santiago,Metropolitana,4.969650397026763,0.9225380894562465,0.8688134909909538,8.18062,15756.60589163004,0.14748077506132687,1.5874439461883407,22.7,0.15775657406102012,52.45295657927076,8.63600610045008
6.0,44.6,331.2,16.3,11.15,-28.80000000000001,-33.45,5.276957402341123,8117.6,Santiago,Metropolitana,5.177351049139784,0.8763066800438635,0.8597657633697174,5.022,9672.82122721335,0.15444444444444444,1.3333333333333333,28.80000000000001,0.15775657406102012,31.66174441404674,5.158594580218304
5.89,26.6,27.8,15.4,-6.850000000000001,27.80000000000001,-33.45,5.276957402341123,8166.5,Santiago,Metropolitana,5.239289441221057,0.8845809752150838,0.8782666620149869,4.982939999999999,9597.58817322391,0.15827654642571964,0.7952167414050821,27.8,0.15775657406102012,31.081279099789214,5.1729906392682725
2.51,38.6,338.7,10.3,5.149999999999999,-21.299999999999955,-33.45,5.276957402341123,3752.6,Santiago,Metropolitana,5.255654912358763,0.9316912275855492,0.9279300937485603,2.25147,4336.532618166873,0.17066892248358168,1.1539611360239161,21.30000000000001,0.15775657406102012,13.24516307987622,2.329104535308886
11.47,26.8,6.5,17.2,-6.650000000000002,6.5,-33.45,5.276957402341123,16011.1,Santiago,Metropolitana,5.24145448559237,0.9935718556765875,0.9868871894595851,9.497160000000001,18292.37969857458,0.1593505790368362,0.8011958146487294,6.5,0.15775657406102012,60.52670140485269,11.319596063101441
2.56,19.2,6.5,15.4,-14.250000000000004,6.5,-33.45,5.276957402341123,3564.4,Santiago,Metropolitana,5.114590223554878,0.9935718556765875,0.963000553536447,2.16576,4171.447491248424,0.158943350456621,0.5739910313901344,6.5,0.15775657406102012,13.509010949993277,2.4652814170533044
2.06,41.6,12.1,12.7,8.149999999999999,12.099999999999994,-33.45,5.276957402341123,3014.8,Santiago,Metropolitana,5.223661827738047,0.9777832367586062,0.9679079401687216,1.79838,3463.840748426114,0.16706565589395753,1.2436472346786247,12.1,0.15775657406102012,10.870532248822714,1.9938903567475665
11.48,42.7,8.4,13.3,9.25,8.400000000000006,-33.45,5.276957402341123,16668.8,Santiago,Metropolitana,5.208337782603809,0.9892723329629883,0.9764081981730335,9.95316,19170.676488620236,0.16575183364358104,1.2765321375186847,8.4,0.15775657406102012,60.5794709788761,11.209166115026425
14.34,41.8,338.9,19.4,8.349999999999994,-21.100000000000023,-33.45,5.276957402341123,19122.0,Santiago,Metropolitana,5.221018686914052,0.9329535348254889,0.9230637028044592,11.55804,22261.8189281125,0.15222292275653887,1.2496263079222718,21.100000000000023,0.15775657406102012,75.67156914957171,13.236733498215944
11.83,29.7,326.3,16.2,-3.750000000000003,-33.69999999999999,-33.45,5.276957402341123,16096.3,Santiago,Metropolitana,5.265659031476091,0.8319541221304827,0.8301728444930411,9.91354,19094.36482453776,0.15532351385881416,0.8878923766816142,33.69999999999999,0.15775657406102012,62.42640606969549,9.820944750352677
8.13,32.1,21.8,14.8,-1.3500000000000014,21.80000000000001,-33.45,5.276957402341123,11571.3,Santiago,Metropolitana,5.275492678425335,0.9284858268809135,0.9282281072723566,6.926760000000001,13341.559371527748,0.1624753576302886,0.9596412556053812,21.8,0.15775657406102012,42.90166368103334,7.54649451212426
8.32,39.4,4.6,16.2,5.949999999999996,4.599999999999994,-33.45,5.276957402341123,11779.0,Santiago,Metropolitana,5.248529034226576,0.9967788784562471,0.9914089664548753,6.97216,13429.00383264194,0.16161474798033018,1.177877428998505,4.6,0.15775657406102012,43.90428558747815,8.248522600904563
7.67,36.6,28.7,14.1,3.1499999999999986,28.69999999999999,-33.45,5.276957402341123,10832.8,Santiago,Metropolitana,5.268984433948524,0.8771461637055888,0.8758208813305952,6.5885299999999996,12690.098136226994,0.16122829264226987,1.094170403587444,28.7,0.15775657406102012,40.47426327595642,6.717546159805665
6.22,30.3,358.9,14.7,-3.150000000000002,-1.1000000000000227,-33.45,5.276957402341123,9009.1,Santiago,Metropolitana,5.268984433948524,0.9998157121216442,0.9983050880132074,5.30566,10219.1757611264,0.16534342010600656,0.905829596412556,1.1000000000000227,0.15775657406102012,32.822675042561784,6.20945764744215
8.78,20.5,324.9,12.9,-12.950000000000005,-35.10000000000002,-33.45,5.276957402341123,12086.0,Santiago,Metropolitana,5.142743270806502,0.8181497174250232,0.7973408979828235,7.647379999999999,14729.537952323142,0.15713899376956764,0.6128550074738415,35.10000000000002,0.15775657406102012,46.33168599255506,7.00065308428919
7.6,34.4,24.2,14.4,0.9499999999999956,24.19999999999999,-33.45,5.276957402341123,10824.5,Santiago,Metropolitana,5.276232055725738,0.9121201161722731,0.911994740280704,6.505599999999999,12530.367537984699,0.1625886205239125,1.0284005979073243,24.2,0.15775657406102012,40.10487625779253,6.931160026133351
9.78,42.1,350.7,16.9,8.649999999999999,-9.299999999999956,-33.45,5.276957402341123,13621.8,Santiago,Metropolitana,5.2169347050823855,0.9868557164068074,0.9756307362927624,8.12718,15653.675671322935,0.15899795501022496,1.258594917787743,9.300000000000011,0.15775657406102012,51.608643394896184,9.541668600943217
13.68,23.9,8.6,10.4,-9.550000000000004,8.599999999999994,-33.45,5.276957402341123,20490.3,Santiago,Metropolitana,5.203825077645872,0.9887563810470059,0.9750533989704117,12.25728,23608.61771642725,0.17098503965392933,0.7144992526158445,8.6,0.15775657406102012,72.18877726402657,13.33873049791523
14.94,38.6,343.8,18.0,5.149999999999999,-16.200000000000045,-33.45,5.276957402341123,20550.0,Santiago,Metropolitana,5.255654912358763,0.9602936856769428,0.9564170868986048,12.2508,23596.136656779232,0.15702077717261742,1.1539611360239161,16.19999999999999,0.15775657406102012,78.83774359097639,14.288871278265155
3.02,36.1,41.1,12.8,2.6499999999999986,41.099999999999994,-33.45,5.276957402341123,4192.5,Santiago,Metropolitana,5.271314238558655,0.7535633923016379,0.7527575336753499,2.6334400000000002,5072.241006091741,0.15847546040097976,1.0792227204783258,41.1,0.15775657406102012,15.936411355070193,2.273327751699557
7.0,39.5,338.1,16.8,6.049999999999997,-21.899999999999977,-33.45,5.276957402341123,9668.7,Santiago,Metropolitana,5.2475663242631665,0.9278362538989201,0.9226684828326228,5.824,11217.544967600666,0.1576761252446184,1.1808669656203288,21.899999999999977,0.15775657406102012,36.93870181638786,6.45867937982836
4.35,40.4,351.6,16.4,6.949999999999996,-8.399999999999977,-33.45,5.276957402341123,6118.8,Santiago,Metropolitana,5.238182977698079,0.9892723329629883,0.9820032832812714,3.6366,7004.416900614111,0.16057313808849,1.2077727952167412,8.399999999999977,0.15775657406102012,22.954764700183883,4.27171428227353
6.58,27.9,2.7,16.5,-5.550000000000004,2.6999999999999886,-33.45,5.276957402341123,9290.8,Santiago,Metropolitana,5.252219966188356,0.99888987496197,0.9942072571916324,5.4943,10582.513275324234,0.1611844388002942,0.8340807174887891,2.7,0.15775657406102012,34.72237970740459,6.541883752320941
5.74,20.5,332.7,16.1,-12.950000000000005,-27.299999999999955,-33.45,5.276957402341123,7754.4,Santiago,Metropolitana,5.142743270806502,0.8886172326549492,0.8660161424709407,4.81586,9275.777147608062,0.15421698248293636,0.6128550074738415,27.30000000000001,0.15775657406102012,30.28973548943805,4.9709326577832
4.27,29.2,8.3,19.6,-4.2500000000000036,8.300000000000011,-33.45,5.276957402341123,5806.2,Santiago,Metropolitana,5.262446746246787,0.9895257890689694,0.9868047763097444,3.43308,6612.419175372681,0.1552244073016586,0.8729446935724962,8.3,0.15775657406102012,22.532608107996595,4.213656394842608
11.93,40.6,40.3,15.1,7.149999999999999,40.30000000000001,-33.45,5.276957402341123,16053.2,Santiago,Metropolitana,5.23592218482987,0.7626683296956882,0.7567375899887271,10.12857,19508.531839370033,0.1536091431370973,1.2137518684603885,40.3,0.15775657406102012,62.954101809929604,9.027879448565514
8.45,29.1,347.7,17.3,-4.350000000000001,-12.299999999999956,-33.45,5.276957402341123,11781.4,Santiago,Metropolitana,5.2617561901522745,0.9770455744352637,0.9742310212822334,6.988149999999999,13459.802002977094,0.15916079003539488,0.8699551569506726,12.300000000000011,0.15775657406102012,44.59029004978249,8.23225212983487
13.95,27.9,9.9,17.1,-5.550000000000004,9.900000000000006,-33.45,5.276957402341123,19512.7,Santiago,Metropolitana,5.252219966188356,0.9851093261547739,0.9804913091420844,11.564549999999999,22274.357770444072,0.15967578272041374,0.8340807174887891,9.9,0.15775657406102012,73.61355576265866,13.677853762532076
2.42,18.9,291.3,12.4,-14.550000000000004,-68.69999999999999,-33.45,5.276957402341123,2885.7,Santiago,Metropolitana,5.107718908845357,0.3632512304729786,0.35160131816205936,2.11992,4083.1555507754133,0.13612306124759424,0.5650224215246635,68.69999999999999,0.15775657406102012,12.770236913665519,0.8508751899521836
2.87,47.5,359.0,12.8,14.049999999999995,-1.0,-33.45,5.276957402341123,4128.5,Santiago,Metropolitana,5.119093212012296,0.9998476951563913,0.969936491632561,2.50264,4820.30850578917,0.16421252764386743,1.420029895366218,1.0,0.15775657406102012,15.144867744719026,2.78371773098545
7.24,40.1,352.2,14.2,6.649999999999999,-7.799999999999955,-33.45,5.276957402341123,10468.2,Santiago,Metropolitana,5.24145448559237,0.9907478404714437,0.9840821739864993,6.21192,11964.713587764069,0.16505524861878454,1.1988041853512705,7.800000000000011,0.15775657406102012,38.20517159294973,7.124754939662255
3.04,39.6,339.5,12.8,6.149999999999999,-20.5,-33.45,5.276957402341123,4417.2,Santiago,Metropolitana,5.246587629302677,0.9366721892483976,0.9312814840313576,2.65088,5105.832006132083,0.16587058399423213,1.1838565022421523,20.5,0.15775657406102012,16.041950503117015,2.831095711455327
5.42,41.2,27.0,13.7,7.75,27.0,-33.45,5.276957402341123,7660.1,Santiago,Metropolitana,5.228757131943088,0.8910065241883679,0.882867979167474,4.67746,9009.206367471395,0.16133591130431854,1.2316890881913303,27.0,0.15775657406102012,28.60110912068889,4.785144447087709
14.82,38.1,351.8,13.9,4.649999999999999,-8.200000000000045,-33.45,5.276957402341123,21569.9,Santiago,Metropolitana,5.259588361195831,0.9897762309077889,0.9865183944750668,12.76002,24576.93992745259,0.1661482693386082,1.1390134529147982,8.199999999999989,0.15775657406102012,78.20450870269545,14.620202606120491
4.72,31.5,355.6,16.0,-1.9500000000000028,-4.399999999999977,-33.45,5.276957402341123,6725.4,Santiago,Metropolitana,5.273901527030479,0.9970527522269202,0.9964753610037906,3.9647999999999994,7636.559458712761,0.162656721615974,0.9417040358744394,4.399999999999977,0.15775657406102012,24.907238939050103,4.7033637039378915
4.58,32.1,350.6,12.2,-1.3500000000000014,-9.399999999999975,-33.45,5.276957402341123,6807.0,Santiago,Metropolitana,5.275492678425335,0.9865721616069695,0.9862983189871455,4.02124,7745.26794737543,0.16966261889094933,0.9596412556053812,9.399999999999977,0.15775657406102012,24.168464902722345,4.517246300961126
9.46,30.0,312.1,18.0,-3.450000000000003,-47.89999999999998,-33.45,5.276957402341123,12023.9,Santiago,Metropolitana,5.2673939368450995,0.6704266189587994,0.6692116002748919,7.757200000000001,14941.061095925808,0.14509422031722125,0.8968609865470851,47.89999999999998,0.15775657406102012,49.92001702614703,6.330741738600478
8.47,54.5,331.7,14.4,21.049999999999997,-28.30000000000001,-33.45,5.276957402341123,11164.3,Santiago,Metropolitana,4.924811977190714,0.8804773535091619,0.8217207541382376,7.25032,13964.764874569792,0.15046794218649756,1.6292974588938713,28.30000000000001,0.15775657406102012,44.69582919782932,6.959974787550873
9.55,37.9,24.0,17.1,4.449999999999996,24.0,-33.45,5.276957402341123,13129.1,Santiago,Metropolitana,5.26104960583589,0.9135454576426009,0.9107915041556897,7.91695,15248.753885859562,0.15693777044634105,1.1330343796711508,24.0,0.15775657406102012,50.39494319235773,8.698058864686837
6.9,29.7,307.3,10.8,-3.750000000000003,-52.69999999999999,-33.45,5.276957402341123,9352.9,Santiago,Metropolitana,5.265659031476091,0.6059884002657112,0.6046909325842265,6.154800000000001,11854.69535827414,0.15473661571040964,0.8878923766816142,52.69999999999999,0.15775657406102012,36.411006076153754,4.172367434831163
12.75,37.2,340.8,14.7,3.75,-19.200000000000045,-33.45,5.276957402341123,18196.0,Santiago,Metropolitana,5.265659031476091,0.9443763702374808,0.9423543879371533,10.87575,20947.66735600669,0.16291521174679918,1.1121076233183855,19.19999999999999,0.15775657406102012,67.28120687984932,12.015018446198704
3.8,25.4,350.0,10.3,-8.050000000000004,-10.0,-33.45,5.276957402341123,5720.7,Santiago,Metropolitana,5.224959531881038,0.984807753012208,0.9751036940128881,3.4086,6565.2685055912825,0.17185472242249458,0.7593423019431987,10.0,0.15775657406102012,20.052438128896267,3.7053940372489746
7.57,45.5,43.6,16.8,12.049999999999995,43.599999999999994,-33.45,5.276957402341123,9730.1,Santiago,Metropolitana,5.160683820729041,0.7241718614374676,0.7082153073832947,6.29824,12130.973629248148,0.1467294595947715,1.3602391629297457,43.6,0.15775657406102012,39.94656753572231,5.361189876891541
10.97,28.2,19.2,13.4,-5.2500000000000036,19.19999999999999,-33.45,5.276957402341123,15850.1,Santiago,Metropolitana,5.254820183852877,0.9443763702374811,0.9404146429675568,9.500020000000001,18297.888314406886,0.16493820839733103,0.84304932735426,19.2,0.15775657406102012,57.888222703682125,10.3163486333541
13.29,37.5,346.1,19.5,4.049999999999997,-13.899999999999975,-33.45,5.276957402341123,18013.1,Santiago,Metropolitana,5.2637797654048075,0.9707164815781909,0.9682924049016082,10.69845,20606.171696192883,0.15472460153031597,1.1210762331838564,13.899999999999977,0.15775657406102012,70.13076387711352,12.868606061142371
6.8,42.0,32.6,13.2,8.549999999999997,32.599999999999994,-33.45,5.276957402341123,9529.0,Santiago,Metropolitana,5.21831192962501,0.8424523970071476,0.8330898012353135,5.9024,11368.55038062606,0.15996843943056674,1.2556053811659191,32.6,0.15775657406102012,35.88331033591964,5.6650106484001315
9.38,36.5,341.5,15.6,3.049999999999997,-18.5,-33.45,5.276957402341123,13263.7,Santiago,Metropolitana,5.269482501273368,0.9483236552061993,0.9469803384116134,7.916720000000001,15248.310885285637,0.16142014974053412,1.0911808669656202,18.5,0.15775657406102012,49.497860433959744,8.882675574300935
2.9,34.2,25.2,12.6,0.75,25.19999999999999,-33.45,5.276957402341123,4205.5,Santiago,Metropolitana,5.276505312598603,0.9048270524660196,0.9047495337373307,2.5345999999999997,4881.86632467044,0.16554479609510314,1.0224215246636772,25.2,0.15775657406102012,15.303176466789257,2.623773647838259
4.21,33.5,326.0,16.2,0.0499999999999971,-34.0,-33.45,5.276957402341123,5743.5,Santiago,Metropolitana,5.276955393024815,0.8290375725550417,0.829037256880954,3.52798,6795.205064353674,0.15573650473432468,1.0014947683109117,34.0,0.15775657406102012,22.21599066385613,3.4902468514688163
2.9,33.0,26.8,14.7,-0.4500000000000028,26.80000000000001,-33.45,5.276957402341123,4091.6,Santiago,Metropolitana,5.276794648546491,0.8925858184521254,0.892558289003257,2.4737,4764.567477052502,0.16106125019681938,0.9865470852017937,26.8,0.15775657406102012,15.303176466789257,2.588419038109445
11.46,28.8,349.8,13.7,-4.650000000000002,-10.200000000000044,-33.45,5.276957402341123,16701.0,Santiago,Metropolitana,5.259588361195831,0.9841956079692418,0.9809561400890863,9.889980000000001,19048.98615705207,0.16636185421597455,0.8609865470852017,10.199999999999989,0.15775657406102012,60.47393183082928,11.241757365420929
5.74,29.9,334.3,12.0,-3.5500000000000043,-25.700000000000045,-33.45,5.276957402341123,8361.7,Santiago,Metropolitana,5.266831678150917,0.9010770213220912,0.8993479837922465,5.051200000000001,9729.063039207502,0.16629476715510796,0.8938714499252615,25.69999999999999,0.15775657406102012,30.28973548943805,5.162257426967495
11.41,45.3,354.6,11.1,11.849999999999994,-5.399999999999977,-33.45,5.276957402341123,16859.5,Santiago,Metropolitana,5.164497839108098,0.99556196460308,0.9743451051186726,10.14349,19537.269093991705,0.16867663949351486,1.3542600896860983,5.399999999999977,0.15775657406102012,60.21008396071222,11.117277649404054
2.86,32.6,6.9,11.2,-0.8500000000000014,6.900000000000006,-33.45,5.276957402341123,4315.4,Santiago,Metropolitana,5.276376720541443,0.9927573419294455,0.9926480978942934,2.5396799999999997,4891.650859085862,0.17224670306862086,0.9745889387144993,6.9,0.15775657406102012,15.092098170695612,2.838973559977679
13.21,27.2,347.6,20.0,-6.2500000000000036,-12.399999999999975,-33.45,5.276957402341123,17766.2,Santiago,Metropolitana,5.245592952326381,0.976672278334168,0.9708672686441132,10.568000000000001,20354.913327198465,0.15352801081234294,0.8131539611360238,12.399999999999977,0.15775657406102012,69.70860728492625,12.825156618788736
12.86,29.3,13.8,14.1,-4.150000000000002,13.800000000000011,-33.45,5.276957402341123,18598.4,Santiago,Metropolitana,5.263121272015871,0.971134279909636,0.9685879753944264,11.04674,21277.009391379288,0.16509370317504282,0.8759342301943198,13.8,0.15775657406102012,67.86167219410684,12.456041363572323
3.16,42.3,345.4,10.0,8.849999999999994,-14.600000000000025,-33.45,5.276957402341123,4734.0,Santiago,Metropolitana,5.214132585177239,0.9677091704819711,0.9561881088041999,2.8440000000000003,5477.798401074227,0.1710161262354777,1.26457399103139,14.600000000000023,0.15775657406102012,16.67518539139795,3.021554423821272
2.31,38.9,15.5,19.5,5.449999999999996,15.5,-33.45,5.276957402341123,3116.8,Santiago,Metropolitana,5.25310270815181,0.963630453208623,0.9592743237157825,1.8595499999999998,3581.6596401960537,0.15402557868311292,1.162929745889387,15.5,0.15775657406102012,12.189771599407996,2.2159236877834574
2.73,37.9,11.1,10.2,4.449999999999996,11.099999999999994,-33.45,5.276957402341123,4139.7,Santiago,Metropolitana,5.26104960583589,0.9812926639922452,0.978334481308424,2.45154,4721.885334799405,0.17310201214310802,1.1330343796711508,11.1,0.15775657406102012,14.406093708391268,2.6708531339719976
13.1,31.4,358.5,14.2,-2.0500000000000043,-1.5,-33.45,5.276957402341123,19099.4,Santiago,Metropolitana,5.2735801017254165,0.9996573249755573,0.9990175352176112,11.239799999999999,21648.86022095432,0.16643487050786016,0.9387144992526157,1.5,0.15775657406102012,69.12814197066872,13.087129711350705
5.05,38.0,349.0,17.2,4.549999999999997,-11.0,-33.45,5.276957402341123,7059.0,Santiago,Metropolitana,5.26032699545001,0.981627183447664,0.9785335713088071,4.1814,8053.750433984448,0.15956869659568695,1.1360239162929744,11.0,0.15775657406102012,26.648634881822673,4.941594535109476
9.13,28.3,3.8,19.1,-5.150000000000002,3.8000000000000114,-33.45,5.276957402341123,12492.9,Santiago,Metropolitana,5.255654912358763,0.99780146829205,0.9937734547679601,7.38617,14226.424126604228,0.15620264370058065,0.8460388639760836,3.8,0.15775657406102012,48.17862108337446,9.073151642031476
7.54,31.4,13.8,17.1,-2.0500000000000043,13.800000000000011,-33.45,5.276957402341123,10544.4,Santiago,Metropolitana,5.2735801017254165,0.971134279909636,0.9705127451593237,6.25066,12039.330293128913,0.15964172813487884,0.9387144992526157,13.8,0.15775657406102012,39.78825881365207,7.317666098501301
12.34,41.2,51.5,14.6,7.75,51.5,-33.45,5.276957402341123,15986.7,Santiago,Metropolitana,5.228757131943088,0.6225146366376195,0.6168285240684038,10.538359999999999,20297.824035845493,0.14789025554494795,1.2316890881913303,51.5,0.15775657406102012,65.11765434488946,7.611663987004103
8.36,40.4,23.5,19.7,6.949999999999996,23.5,-33.45,5.276957402341123,11082.3,Santiago,Metropolitana,5.238182977698079,0.917060074385124,0.9103216313702885,6.71308,12929.992577455472,0.1513280789145966,1.2077727952167412,23.5,0.15775657406102012,44.11536388357179,7.610288838255611
8.51,25.6,24.4,10.4,-7.850000000000001,24.40000000000001,-33.45,5.276957402341123,12554.1,Santiago,Metropolitana,5.22750718786386,0.910683660806177,0.9021496706837959,7.62496,14686.355026812565,0.16840381179273378,0.7653213751868461,24.4,0.15775657406102012,44.90690749392296,7.6772936975191035
14.86,26.6,77.2,19.9,-6.850000000000001,77.19999999999999,-33.45,5.276957402341123,15709.6,Santiago,Metropolitana,5.239289441221057,0.22154849761946743,0.2199670408142947,11.90286,22925.973092900975,0.12068192014356215,0.7952167414050821,77.2,0.15775657406102012,78.4155869987891,3.268710226500419
3.95,34.3,12.9,18.5,0.8499999999999943,12.900000000000006,-33.45,5.276957402341123,5442.1,Santiago,Metropolitana,5.276376720541443,0.9747611941912218,0.9746539304706069,3.2192499999999997,6200.563467882631,0.15727703600947923,1.0254110612855005,12.9,0.15775657406102012,20.84398173924744,3.8498830253588974
12.8,47.3,12.1,19.3,13.849999999999994,12.099999999999994,-33.45,5.276957402341123,16964.6,Santiago,Metropolitana,5.123533825934412,0.9777832367586062,0.9493549229224016,10.3296,19895.733601876345,0.15129673230593607,1.4140508221225707,12.1,0.15775657406102012,67.54505474996638,12.151743013406742
2.67,18.1,17.6,12.5,-15.35,17.599999999999994,-33.45,5.276957402341123,3788.5,Santiago,Metropolitana,5.088711332262606,0.953190667792947,0.9191872860017781,2.3362499999999997,4499.826481895098,0.16197646777145006,0.5411061285500748,17.6,0.15775657406102012,14.089476264250798,2.4542300536247477
8.21,35.7,334.8,11.4,2.25,-25.200000000000045,-33.45,5.276957402341123,12058.5,Santiago,Metropolitana,5.27288905942467,0.9048270524660192,0.9041294636001544,7.27406,14010.490238156819,0.16766639414012313,1.0672645739910314,25.19999999999999,0.15775657406102012,43.323820273220626,7.422902896157269
13.52,22.4,348.9,16.6,-11.050000000000004,-11.100000000000025,-33.45,5.276957402341123,18730.2,Santiago,Metropolitana,5.17912418163935,0.9812926639922451,0.9630997898699728,11.27568,21717.96831048686,0.15814724000972685,0.6696562032884902,11.100000000000023,0.15775657406102012,71.34446407965198,13.021109159042032
10.65,28.4,347.3,15.2,-5.050000000000004,-12.700000000000044,-33.45,5.276957402341123,15209.3,Santiago,Metropolitana,5.2564736312283245,0.9755345439458564,0.9717477735046264,9.0312,17394.89905758845,0.16302548931335348,0.8490284005979072,12.699999999999989,0.15775657406102012,56.19959633493297,10.34911378782427
10.91,30.5,16.2,15.2,-2.950000000000003,16.19999999999999,-33.45,5.276957402341123,15547.5,Santiago,Metropolitana,5.269964516840655,0.9602936856769432,0.9590211296794696,9.25168,17819.563259933333,0.16267908039626833,0.9118086696562032,16.2,0.15775657406102012,57.571605259541656,10.462920524803014
5.42,30.1,355.6,19.2,-3.3500000000000014,-4.399999999999977,-33.45,5.276957402341123,7429.4,Santiago,Metropolitana,5.267940150143854,0.9970527522269202,0.9953489908668565,4.37936,8435.039101873568,0.1564769414817436,0.8998505231689088,4.399999999999977,0.15775657406102012,28.60110912068889,5.394791530498362
7.44,29.2,3.5,16.2,-4.2500000000000036,3.5,-33.45,5.276957402341123,10570.5,Santiago,Metropolitana,5.262446746246787,0.9981347984218669,0.9953901124804446,6.23472,12008.62842726635,0.16218791427308882,0.8729446935724962,3.5,0.15775657406102012,39.26056307341796,7.405702436854509
6.77,33.5,27.2,13.1,0.0499999999999971,27.19999999999999,-33.45,5.276957402341123,9717.0,Santiago,Metropolitana,5.276955393024815,0.8894163732912976,0.8894160346266682,5.8831299999999995,11331.434636888822,0.16384735234009834,1.0014947683109117,27.2,0.15775657406102012,35.7250016138494,6.021346554422543
8.78,29.2,21.6,14.0,-4.2500000000000036,21.59999999999999,-33.45,5.276957402341123,12576.8,Santiago,Metropolitana,5.262446746246787,0.9297764858882515,0.9272197726532081,7.5508,14543.516233063034,0.16352024630490636,0.8729446935724962,21.6,0.15775657406102012,46.33168599255506,8.140989603895166
8.01,21.8,356.0,11.3,-11.650000000000002,-4.0,-33.45,5.276957402341123,11818.0,Santiago,Metropolitana,5.168248929710802,0.9975640502598242,0.9770136353168208,7.10487,13684.615163797553,0.16842531310747413,0.6517189835575485,4.0,0.15775657406102012,42.268428792752395,7.825879218887735
6.25,39.7,343.3,11.9,6.25,-16.700000000000045,-33.45,5.276957402341123,9206.3,Santiago,Metropolitana,5.245592952326381,0.9578224948453147,0.9521295218929001,5.50625,10605.530044273895,0.16815159817351596,1.186846038863976,16.69999999999999,0.15775657406102012,32.98098376463202,5.9508095118306255
5.97,39.5,28.4,11.4,6.049999999999997,28.40000000000001,-33.45,5.276957402341123,8671.1,Santiago,Metropolitana,5.2475663242631665,0.8796485728666165,0.8747491928043829,5.28942,10187.896068428283,0.16580428780125897,1.1808669656203288,28.4,0.15775657406102012,31.503435691976506,5.222252681042166
5.26,40.2,19.3,18.1,6.75,19.30000000000001,-33.45,5.276957402341123,7173.1,Santiago,Metropolitana,5.240379944959775,0.9438009515832294,0.9372589546613487,4.307939999999999,8297.477793222117,0.15567434067746586,1.201793721973094,19.3,0.15775657406102012,27.756795936314308,4.929982101518694
6.75,21.1,319.8,17.0,-12.35,-40.19999999999999,-33.45,5.276957402341123,8731.5,Santiago,Metropolitana,5.154844905448147,0.7637960286346424,0.7461212526108418,5.6025,10790.916154014893,0.14766615930999494,0.6307922272047832,40.19999999999999,0.15775657406102012,35.619462465802584,5.036318455123182
3.95,35.8,352.2,15.3,2.3499999999999943,-7.799999999999955,-33.45,5.276957402341123,5670.1,Santiago,Metropolitana,5.272519444534018,0.9907478404714437,0.9899146146600052,3.34565,6444.021174597042,0.16386625050575113,1.070254110612855,7.800000000000011,0.15775657406102012,20.84398173924744,3.9101627279070206
13.34,38.9,4.1,13.7,5.449999999999996,4.099999999999994,-33.45,5.276957402341123,19464.5,Santiago,Metropolitana,5.25310270815181,0.997440782930944,0.9929318125082889,11.51242,22173.9507273189,0.1665648340213455,1.162929745889387,4.1,0.15775657406102012,70.39461174723058,13.245710378860574
9.83,25.2,19.5,16.7,-8.250000000000004,19.5,-33.45,5.276957402341123,13581.7,Santiago,Metropolitana,5.222348211415217,0.9426414910921784,0.9328864589331363,8.18839,15771.57160667095,0.1577235375818132,0.7533632286995515,19.5,0.15775657406102012,51.872491265013245,9.17027389131273
3.74,33.5,22.8,18.1,0.0499999999999971,22.80000000000001,-33.45,5.276957402341123,5103.8,Santiago,Metropolitana,5.276955393024815,0.9218631515885004,0.9218628005690543,3.06306,5899.727556397475,0.15578223817546943,1.0014947683109117,22.8,0.15775657406102012,19.735820684755804,3.447766874128263
11.02,32.5,7.1,18.8,-0.9500000000000028,7.099999999999994,-33.45,5.276957402341123,15184.1,Santiago,Metropolitana,5.276232055725738,0.9923319378854887,0.9921955364409433,8.94824,17235.110676662604,0.15729081205612047,0.9715994020926756,7.1,0.15775657406102012,58.15207057379918,10.933994811579195
13.02,48.2,14.6,15.5,14.75,14.599999999999994,-33.45,5.276957402341123,17952.9,Santiago,Metropolitana,5.103060225755854,0.9677091704819712,0.9358192233643708,11.0019,21190.64354035813,0.1574053616143762,1.4409566517189836,14.6,0.15775657406102012,68.70598537848143,12.184366288204108
5.09,48.8,1.6,18.2,15.349999999999994,1.5999999999999943,-33.45,5.276957402341123,6823.3,Santiago,Metropolitana,5.088711332262606,0.9996101150403544,0.9639508020272157,4.16362,8019.504563530476,0.1530285903957083,1.458893871449925,1.6,0.15775657406102012,26.85971317791632,4.906509582318528
3.96,20.1,343.2,15.1,-13.35,-16.799999999999955,-33.45,5.276957402341123,5499.9,Santiago,Metropolitana,5.134362118939556,0.9573194975320675,0.9314505668873234,3.36204,6475.589780712938,0.15854607721046077,0.600896860986547,16.80000000000001,0.15775657406102012,20.896751313270848,3.6885442448738006
2.11,53.4,353.5,14.7,19.949999999999996,-6.5,-33.45,5.276957402341123,2873.6,Santiago,Metropolitana,4.960291050410022,0.9935718556765875,0.9339483357332705,1.7998299999999998,3466.633578131303,0.15546754961154755,1.5964125560538114,6.5,0.15775657406102012,11.13438011893977,1.9706309883972006
2.61,26.1,0.5,18.7,-7.350000000000001,0.5,-33.45,5.276957402341123,3586.9,Santiago,Metropolitana,5.233597593902195,0.9999619230641713,0.9917454160650719,2.12193,4087.02699057364,0.15688255567802098,0.780269058295964,0.5,0.15775657406102012,13.772858820110331,2.5884555359298376
11.91,41.3,359.1,13.9,7.849999999999994,-0.8999999999999773,-33.45,5.276957402341123,17281.3,Santiago,Metropolitana,5.22750718786386,0.9998766324816606,0.9905068176135159,10.25451,19751.10354493659,0.1656382150757776,1.2346786248131538,0.8999999999999773,0.15775657406102012,62.84856266188278,11.796936197776974
14.83,41.2,312.9,14.0,7.75,-47.10000000000002,-33.45,5.276957402341123,19711.4,Santiago,Metropolitana,5.228757131943088,0.6807208689589176,0.6745030946909562,12.7538,24564.95965106205,0.15173026415047863,1.2316890881913303,47.10000000000002,0.15775657406102012,78.25727827671886,10.00288089426688
2.58,25.5,350.1,13.0,-7.950000000000003,-9.899999999999975,-33.45,5.276957402341123,3769.0,Santiago,Metropolitana,5.226241319891159,0.985109326154774,0.9756415813923603,2.2446,4323.300383632633,0.1667640083536866,0.7623318385650224,9.899999999999977,0.15775657406102012,13.614550098040098,2.5171552799922896
11.72,37.4,1.4,15.2,3.949999999999996,1.4000000000000057,-33.45,5.276957402341123,16869.8,Santiago,Metropolitana,5.264422224407708,0.9997014897811831,0.9973267432939086,9.93856,19142.55558262316,0.1643153801798432,1.1180866965620329,1.4,0.15775657406102012,61.84594075543797,11.688669431404609
2.93,32.6,353.0,15.4,-0.8500000000000014,-7.0,-33.45,5.276957402341123,4210.6,Santiago,Metropolitana,5.276376720541443,0.992546151641322,0.9924369308457656,2.47878,4774.352011467922,0.1640484984493587,0.9745889387144993,7.0,0.15775657406102012,15.461485188859493,2.907840207378093
9.7,37.9,353.8,16.6,4.449999999999996,-6.2000000000000455,-33.45,5.276957402341123,13692.5,Santiago,Metropolitana,5.26104960583589,0.9941509639723153,0.991154018948022,8.089799999999999,15581.678447612612,0.16114131713976368,1.1330343796711508,6.199999999999989,0.15775657406102012,51.18648680270889,9.614193983795813
11.83,35.3,12.2,14.3,1.8499999999999943,12.199999999999989,-33.45,5.276957402341123,17132.2,Santiago,Metropolitana,5.274206887116865,0.9774158942860959,0.9769064345552909,10.13831,19527.291950631097,0.1653195768053513,1.0553064275037367,12.2,0.15775657406102012,62.42640606969549,11.556803120789091
6.67,43.0,333.0,12.2,9.549999999999995,-27.0,-33.45,5.276957402341123,9551.6,Santiago,Metropolitana,5.203825077645872,0.8910065241883679,0.8786582383364445,5.85626,11279.680613317492,0.16347305799155218,1.2855007473841553,27.0,0.15775657406102012,35.19730587361529,5.860650449704085
2.14,34.1,319.3,18.7,0.6499999999999986,-40.69999999999999,-33.45,5.276957402341123,2777.8,Santiago,Metropolitana,5.276617831505506,0.7581343361976524,0.7580855504504075,1.73982,3351.0489501255133,0.14817778346775914,1.0194319880418534,40.69999999999999,0.15775657406102012,11.292688841010005,1.622303077963872
9.74,32.1,351.3,13.5,-1.3500000000000014,-8.700000000000045,-33.45,5.276957402341123,14285.4,Santiago,Metropolitana,5.275492678425335,0.9884938868086834,0.9882195107760142,8.4251,16227.496240819435,0.16742848302438748,0.9596412556053812,8.699999999999989,0.15775657406102012,51.397565098802545,9.625258034958378
14.89,42.2,19.1,19.2,8.75,19.09999999999999,-33.45,5.276957402341123,19928.3,Santiago,Metropolitana,5.215541588851903,0.9449489121575309,0.9339511341348845,12.031120000000001,23173.01332599584,0.1527817388397717,1.2615844544095665,19.1,0.15775657406102012,78.57389572085933,13.906532387268431
5.35,38.1,42.2,12.1,4.649999999999999,42.19999999999999,-33.45,5.276957402341123,7437.8,Santiago,Metropolitana,5.259588361195831,0.7408045962867502,0.738366246962987,4.702649999999999,9057.72456076361,0.1587035377459139,1.1390134529147982,42.2,0.15775657406102012,28.23172210252501,3.9502594212519804
4.46,39.3,19.6,15.6,5.849999999999994,19.59999999999999,-33.45,5.276957402341123,6280.3,Santiago,Metropolitana,5.249475756260323,0.9420574527872968,0.9371513511208716,3.76424,7250.262958248821,0.1607464627229355,1.1748878923766815,19.6,0.15775657406102012,23.53523001444141,4.179695025999087
3.61,28.1,323.3,15.4,-5.350000000000001,-36.69999999999999,-33.45,5.276957402341123,4911.7,Santiago,Metropolitana,5.253969448253398,0.8017756442437541,0.7982828774288552,3.0540599999999998,5882.392751330784,0.15531754765428352,0.8400597907324364,36.69999999999999,0.15775657406102012,19.049816222451454,2.881801187518167
9.22,25.1,354.2,18.3,-8.350000000000001,-5.7999999999999545,-33.45,5.276957402341123,12657.5,Santiago,Metropolitana,5.221018686914052,0.9948807088287883,0.9843344139448525,7.53274,14508.731057562543,0.15671584504600874,0.750373692077728,5.800000000000011,0.15775657406102012,48.65354724958516,9.075563296571541
9.75,28.9,6.4,11.4,-4.550000000000004,6.400000000000006,-33.45,5.276957402341123,14629.1,Santiago,Metropolitana,5.26032699545001,0.9937679191605964,0.9906360453191202,8.6385,16638.523729845187,0.17128088045896264,0.8639760837070253,6.4,0.15775657406102012,51.45033467282595,9.658701441861423
12.3,28.5,4.4,19.1,-4.950000000000003,4.400000000000006,-33.45,5.276957402341123,16845.4,Santiago,Metropolitana,5.257276337967604,0.9970527522269202,0.9933341208444371,9.9507,19165.93830856867,0.156340720941456,0.8520179372197308,4.4,0.15775657406102012,64.90657604879583,12.218009686386576
11.79,39.7,13.5,15.3,6.25,13.5,-33.45,5.276957402341123,16760.6,Santiago,Metropolitana,5.245592952326381,0.9723699203976766,0.9665904824680428,9.98613,19234.17965784788,0.16228248535056022,1.186846038863976,13.5,0.15775657406102012,62.21532777360184,11.396101788298223
13.6,41.3,337.1,15.9,7.849999999999994,-22.899999999999977,-33.45,5.276957402341123,18899.0,Santiago,Metropolitana,5.22750718786386,0.9211854055657214,0.9125530038983627,11.4376,22029.840714531143,0.15863383024442654,1.2346786248131538,22.899999999999977,0.15775657406102012,71.76662067183928,12.410720853017732
12.48,32.2,1.6,15.1,-1.25,1.5999999999999943,-33.45,5.276957402341123,18005.2,Santiago,Metropolitana,5.275701629378893,0.9996101150403544,0.9993722349023259,10.59552,20407.9193089135,0.1646945615267533,0.9626307922272048,1.6,0.15775657406102012,65.85642838121723,12.472165491581027
5.21,44.9,10.5,10.4,11.449999999999996,10.5,-33.45,5.276957402341123,7758.2,Santiago,Metropolitana,5.171937046831298,0.9832549075639546,0.9636864759705263,4.66816,8991.29373556915,0.16998834345612143,1.3423019431988041,10.5,0.15775657406102012,27.492948066197254,5.020806539806442
9.23,44.4,20.6,15.0,10.949999999999996,20.59999999999999,-33.45,5.276957402341123,12886.7,Santiago,Metropolitana,5.180881537628471,0.9360595357389734,0.919017001099837,7.8455,15111.134794524558,0.15938076650984234,1.327354260089686,20.6,0.15775657406102012,48.706316823608574,8.482526920151496
5.87,35.4,339.9,12.6,1.9499999999999955,-20.100000000000023,-33.45,5.276957402341123,8576.5,Santiago,Metropolitana,5.273901527030479,0.939094252094709,0.9385504245212533,5.13038,9881.57080200534,0.16678918422751704,1.0582959641255605,20.100000000000023,0.15775657406102012,30.975739951742394,5.509290991939757
6.29,26.9,351.4,13.4,-6.550000000000004,-8.600000000000023,-33.45,5.276957402341123,9169.5,Santiago,Metropolitana,5.242513059845606,0.9887563810470058,0.9823024605703495,5.44714,10491.678896774776,0.16641439989546356,0.8041853512705529,8.600000000000023,0.15775657406102012,33.19206206072567,6.178682476987499
14.12,46.1,292.4,16.5,12.65,-67.60000000000002,-33.45,5.276957402341123,16256.9,Santiago,Metropolitana,5.148864667490219,0.38107037635027385,0.3718202833599999,11.790199999999999,22708.979855255042,0.13143133868860518,1.3781763826606874,67.60000000000002,0.15775657406102012,74.51063852105666,5.250102401043198
10.86,33.0,344.5,15.0,-0.4500000000000028,-15.5,-33.45,5.276957402341123,15564.5,Santiago,Metropolitana,5.276794648546491,0.963630453208623,0.9636007325758936,9.231,17779.731730068983,0.16360675933634386,0.9865470852017937,15.5,0.15775657406102012,57.307757389424594,10.464703955774205
14.67,34.5,346.9,10.9,1.0499999999999972,-13.100000000000025,-33.45,5.276957402341123,22071.3,Santiago,Metropolitana,5.276071318592163,0.9739759672790516,0.9738124214683348,13.07097,25175.857442506745,0.1717487930825186,1.0313901345291479,13.100000000000023,0.15775657406102012,77.41296509234428,14.285828222940472
7.42,30.7,334.5,10.7,-2.7500000000000036,-25.5,-33.45,5.276957402341123,10974.4,Santiago,Metropolitana,5.270880386878248,0.9025852843498606,0.9015458549379187,6.62606,12762.384273355096,0.1688390010953981,0.9177877428998504,25.5,0.15775657406102012,39.15502392537113,6.689470243639357
8.99,26.3,4.1,11.9,-7.150000000000002,4.099999999999994,-33.45,5.276957402341123,13358.2,Santiago,Metropolitana,5.23592218482987,0.997440782930944,0.989684381588002,7.92019,15254.994415683572,0.1696227670521787,0.7862481315396113,4.1,0.15775657406102012,47.4398470470467,8.897262590476139
8.33,21.7,358.6,11.9,-11.750000000000004,-1.3999999999999773,-33.45,5.276957402341123,12220.3,Santiago,Metropolitana,5.1663812532560875,0.9997014897811831,0.9787532174063608,7.33873,14135.050443008247,0.16746835720589603,0.6487294469357249,1.3999999999999773,0.15775657406102012,43.95705516150156,8.153014300994986
3.39,38.5,303.5,16.1,5.049999999999997,-56.5,-33.45,5.276957402341123,4251.3,Santiago,Metropolitana,5.2564736312283245,0.5519369853120581,0.5497945100154403,2.84421,5478.202879859116,0.14315876671919828,1.1509715994020926,56.5,0.15775657406102012,17.888885593936408,1.8638033889523429
5.08,27.2,5.4,11.8,-6.2500000000000036,5.400000000000006,-33.45,5.276957402341123,7563.3,Santiago,Metropolitana,5.245592952326381,0.99556196460308,0.9896446810067563,4.48056,8629.959354401244,0.1699587423147449,0.8131539611360238,5.4,0.15775657406102012,26.806943603892908,5.027394979514322
8.86,57.9,336.8,18.8,24.449999999999996,-23.200000000000045,-33.45,5.276957402341123,10904.4,Santiago,Metropolitana,4.803734703765462,0.9191353392552342,0.8367098670682407,7.19432,13856.90386526594,0.14049599554717215,1.7309417040358743,23.19999999999999,0.15775657406102012,46.75384258474235,7.413249422224612
2.88,24.8,12.1,12.1,-8.650000000000002,12.099999999999994,-33.45,5.276957402341123,4225.9,Santiago,Metropolitana,5.216934705082385,0.9777832367586062,0.9666614514702516,2.53152,4875.933969158729,0.16750301243023843,0.7414050822122571,12.1,0.15775657406102012,15.197637318742435,2.7839849802343246
14.11,23.4,328.0,10.9,-10.050000000000004,-32.0,-33.45,5.276957402341123,20229.5,Santiago,Metropolitana,5.195986931152629,0.848048096156426,0.835035511687613,12.57201,24214.815849609422,0.16366432692898913,0.6995515695067264,32.0,0.15775657406102012,74.45786894703325,11.78235106991222
3.61,37.5,0.8,18.8,4.049999999999997,0.8000000000000114,-33.45,5.276957402341123,4974.8,Santiago,Metropolitana,5.2637797654048075,0.9999025240093042,0.9974055638429676,2.93132,5645.984532010162,0.15731289290276884,1.1210762331838564,0.8,0.15775657406102012,19.049816222451454,3.600634085473113
4.57,45.7,352.9,13.0,12.25,-7.100000000000023,-33.45,5.276957402341123,6604.2,Santiago,Metropolitana,5.15680692104624,0.9923319378854887,0.9697376376380904,3.9759,7657.9390516283465,0.16496807649650788,1.366218236173393,7.100000000000023,0.15775657406102012,24.115695328698937,4.431701004006073
11.95,34.0,7.6,14.3,0.5499999999999972,7.599999999999994,-33.45,5.276957402341123,17385.4,Santiago,Metropolitana,5.276714276919398,0.9912155402515417,0.9911698719472765,10.24115,19725.370989859814,0.1660782178406985,1.0164424514200299,7.6,0.15775657406102012,63.05964095797642,11.844479969769953
3.26,38.0,3.1,19.6,4.549999999999997,3.0999999999999943,-33.45,5.276957402341123,4442.2,Santiago,Metropolitana,5.26032699545001,0.9985366703262117,0.9953897676970839,2.62104,5048.357496888744,0.1555522873070566,1.1360239162929744,3.1,0.15775657406102012,17.20288113163206,3.2449706426924934
13.7,18.7,353.6,19.4,-14.750000000000004,-6.399999999999977,-33.45,5.276957402341123,18126.5,Santiago,Metropolitana,5.103060225755854,0.9937679191605964,0.9610192304472144,11.0422,21268.264945267867,0.15103906276039064,0.5590433482810164,6.399999999999977,0.15775657406102012,72.29431641207339,13.165963457126836
11.43,28.0,321.6,17.1,-5.450000000000003,-38.39999999999998,-33.45,5.276957402341123,15145.8,Santiago,Metropolitana,5.25310270815181,0.7836934573258401,0.7801507401239958,9.47547,18250.602818363855,0.15126619446541784,0.8370702541106128,38.39999999999998,0.15775657406102012,60.31562310875904,8.917122959617272
2.89,24.9,323.1,10.7,-8.550000000000004,-36.89999999999998,-33.45,5.276957402341123,4119.7,Santiago,Metropolitana,5.21831192962501,0.7996846584870908,0.7907973620309942,2.5807700000000002,4970.793874662565,0.1627285080027176,0.7443946188340806,36.89999999999998,0.15775657406102012,15.250406892765847,2.285404376269573
10.99,18.3,345.4,15.9,-15.150000000000002,-14.600000000000025,-33.45,5.276957402341123,15047.5,Santiago,Metropolitana,5.093556379563795,0.9677091704819711,0.9340763707290954,9.24259,17802.055106815977,0.15630128676546964,0.547085201793722,14.600000000000023,0.15775657406102012,57.99376185172895,10.265499314312759
10.21,34.4,359.8,19.9,0.9499999999999956,-0.2000000000000454,-33.45,5.276957402341123,13909.2,Santiago,Metropolitana,5.276232055725738,0.9999939076577904,0.9998564530336534,8.178210000000002,15751.964016051077,0.15551500677552224,1.0284005979073243,0.19999999999998863,0.15775657406102012,53.87773507790288,10.208534385473602
11.85,15.5,344.8,19.5,-17.950000000000003,-15.200000000000044,-33.45,5.276957402341123,15297.9,Santiago,Metropolitana,5.020105840157719,0.9650164944723113,0.9180451101613447,9.53925,18373.448803603133,0.14737009421420727,0.46337817638266066,15.199999999999989,0.15775657406102012,62.53194521774231,10.878834555411935
12.77,22.9,15.6,11.1,-10.550000000000004,15.599999999999994,-33.45,5.276957402341123,18805.2,Santiago,Metropolitana,5.187753090137497,0.9631625667976582,0.94688078777982,11.35253,21865.98828486188,0.16810589888544428,0.6846038863976083,15.6,0.15775657406102012,67.38674602789614,12.091667659948302
11.34,29.2,353.0,14.0,-4.2500000000000036,-7.0,-33.45,5.276957402341123,16513.3,Santiago,Metropolitana,5.262446746246787,0.992546151641322,0.9898168334440905,9.7524,18783.994770265923,0.16623279617952375,0.8729446935724962,7.0,0.15775657406102012,59.84069694254834,11.224522891255987
9.62,26.8,335.9,13.2,-6.650000000000002,-24.100000000000023,-33.45,5.276957402341123,13800.8,Santiago,Metropolitana,5.24145448559237,0.9128341772330426,0.9066927071909795,8.350159999999999,16083.155097297453,0.16376650623225966,0.8011958146487294,24.100000000000023,0.15775657406102012,50.76433021052161,8.722383843177223
6.19,36.6,353.0,11.3,3.1499999999999986,-7.0,-33.45,5.276957402341123,9309.1,Santiago,Metropolitana,5.268984433948524,0.992546151641322,0.9910465111303484,5.490530000000001,10575.251918090744,0.17167732607460848,1.094170403587444,7.0,0.15775657406102012,32.66436632049155,6.134577903896857
11.06,35.9,5.6,16.9,2.4499999999999957,5.599999999999994,-33.45,5.276957402341123,15594.2,Santiago,Metropolitana,5.272133768634756,0.9952273999818312,0.9943176688496596,9.19086,17702.418499471543,0.16095477552907758,1.0732436472346785,5.6,0.15775657406102012,58.363148869892825,10.997153417477236
14.44,40.6,8.1,12.7,7.149999999999999,8.099999999999994,-33.45,5.276957402341123,21209.4,Santiago,Metropolitana,5.23592218482987,0.9900236577165575,0.9823249341836251,12.606119999999999,24280.514760812173,0.1676706636815543,1.2137518684603885,8.1,0.15775657406102012,76.19926488980582,14.184772049611546
9.64,39.5,47.0,13.4,6.049999999999997,47.0,-33.45,5.276957402341123,12939.5,Santiago,Metropolitana,5.2475663242631665,0.6819983600624985,0.6781998327064235,8.34824,16079.457005549897,0.15322737262926542,1.1808669656203288,47.0,0.15775657406102012,50.86986935856843,6.537846387289923
10.64,42.6,343.3,10.9,9.15,-16.700000000000045,-33.45,5.276957402341123,15743.0,Santiago,Metropolitana,5.209810292650746,0.9578224948453147,0.9456345980666225,9.48024,18259.7902650492,0.16890471040615235,1.2735426008968609,16.69999999999999,0.15775657406102012,56.146826760909555,10.061552123428864
7.68,33.4,358.2,15.0,-0.0500000000000042,-1.7999999999999543,-33.45,5.276957402341123,11106.6,Santiago,Metropolitana,5.276955393024815,0.9995065603657316,0.999506179781869,6.528,12573.51194170624,0.1650881135844749,0.9985052316890881,1.8000000000000114,0.15775657406102012,40.527032849979825,7.676207460724753
11.83,35.9,10.7,11.6,2.4499999999999957,10.699999999999989,-33.45,5.276957402341123,17694.7,Santiago,Metropolitana,5.272133768634756,0.9826127965436152,0.981714596341428,10.45772,20142.50418244795,0.17074749977805825,1.0732436472346785,10.7,0.15775657406102012,62.42640606969549,11.613683674719093
14.97,37.5,359.4,14.3,4.049999999999997,-0.6000000000000227,-33.45,5.276957402341123,21755.8,Santiago,Metropolitana,5.2637797654048075,0.9999451693655121,0.9974481027050393,12.82929,24710.36014378255,0.1659010562982891,1.1210762331838564,0.6000000000000227,0.15775657406102012,78.99605231304662,14.931798097494438
4.09,34.6,347.5,11.4,1.1499999999999986,-12.5,-33.45,5.276957402341123,6114.9,Santiago,Metropolitana,5.275894509630351,0.9762960071199334,0.9760993601071939,3.6237399999999997,6979.6473902632615,0.1706718692433935,1.0343796711509716,12.5,0.15775657406102012,21.582755775575194,3.992246382838423
4.63,30.3,321.3,19.5,-3.150000000000002,-38.69999999999999,-33.45,5.276957402341123,5969.4,Santiago,Metropolitana,5.268984433948524,0.7804304073383299,0.7792512530462047,3.7271499999999995,7178.824300479536,0.14717891061865737,0.905829596412556,38.69999999999999,0.15775657406102012,24.4323127728394,3.6079333016039277
9.01,30.8,347.2,11.4,-2.650000000000002,-12.799999999999956,-33.45,5.276957402341123,13473.3,Santiago,Metropolitana,5.271314238558655,0.9751493543055634,0.9741065322588526,7.98286,15375.702441631294,0.17070454441792227,0.9207772795216741,12.800000000000011,0.15775657406102012,47.54538619509352,8.77669985565226
8.26,26.9,333.2,15.2,-6.550000000000004,-26.799999999999955,-33.45,5.276957402341123,11505.6,Santiago,Metropolitana,5.242513059845606,0.8925858184521258,0.8867596331538008,7.00448,13491.255043725878,0.15901024909615577,0.8041853512705529,26.80000000000001,0.15775657406102012,43.58766814333768,7.324634569850394
9.43,36.8,316.8,12.0,3.3499999999999943,-43.19999999999999,-33.45,5.276957402341123,13105.2,Santiago,Metropolitana,5.267940150143854,0.7289686274214117,0.7277229675730984,8.298399999999999,15983.460707269463,0.15864553523438749,1.100149476831091,43.19999999999999,0.15775657406102012,49.76170830407679,6.862427584214318
2.64,32.7,340.1,10.8,-0.75,-19.899999999999977,-33.45,5.276957402341123,3942.7,Santiago,Metropolitana,5.276505312598603,0.9402881270104191,0.9402075702454457,2.35488,4535.709528383149,0.17048481389234812,0.9775784753363229,19.899999999999977,0.15775657406102012,13.931167542180566,2.4821479854479764
7.26,28.1,333.8,12.0,-5.350000000000001,-26.200000000000045,-33.45,5.276957402341123,10528.0,Santiago,Metropolitana,5.253969448253398,0.897258369674328,0.8933496524658566,6.3888,12305.400290008094,0.16554083801904476,0.8400597907324364,26.19999999999999,0.15775657406102012,38.310710740996555,6.485718476902119
9.58,28.2,14.6,10.5,-5.2500000000000036,14.599999999999994,-33.45,5.276957402341123,14391.6,Santiago,Metropolitana,5.254820183852877,0.9677091704819712,0.9636495604251354,8.5741,16514.483569145752,0.17149026224726172,0.84304932735426,14.6,0.15775657406102012,50.55325191442796,9.231762788872796
9.61,23.8,15.0,11.4,-9.650000000000002,15.0,-33.45,5.276957402341123,14148.1,Santiago,Metropolitana,5.202289132994722,0.9659258262890683,0.9522580999333469,8.51446,16399.61159423715,0.16806242546054104,0.7115097159940209,15.0,0.15775657406102012,50.71156063649819,9.151200340359463
10.55,41.3,337.4,14.9,7.849999999999994,-22.600000000000023,-33.45,5.276957402341123,14819.9,Santiago,Metropolitana,5.22750718786386,0.9232102171129808,0.9145588409954506,8.97805,17292.527403222382,0.16035728970546861,1.2346786248131538,22.600000000000023,0.15775657406102012,55.671900594698855,9.648595772502004
11.36,34.1,353.5,16.5,0.6499999999999986,-6.5,-33.45,5.276957402341123,16104.7,Santiago,Metropolitana,5.276617831505506,0.9935718556765875,0.993507919586232,9.4856,18270.11410451114,0.16183416136085924,1.0194319880418534,6.5,0.15775657406102012,59.94623609059516,11.286249966499595
10.34,26.5,313.5,10.9,-6.950000000000003,-46.5,-33.45,5.276957402341123,14297.6,Santiago,Metropolitana,5.238182977698079,0.6883545756937539,0.6832966321501712,9.21294,17744.94655456849,0.15784778711039277,0.7922272047832585,46.5,0.15775657406102012,54.563739540207216,7.06528717643277
12.27,39.9,347.6,14.4,6.449999999999996,-12.399999999999975,-33.45,5.276957402341123,17647.2,Santiago,Metropolitana,5.243555664494878,0.976672278334168,0.9704902023924257,10.50312,20229.94864356214,0.16418260374451554,1.1928251121076232,12.399999999999977,0.15775657406102012,64.74826732672558,11.907914783355062
10.12,29.0,10.0,15.8,-4.450000000000003,10.0,-33.45,5.276957402341123,14392.4,Santiago,Metropolitana,5.26104960583589,0.984807753012208,0.981838973820482,8.52104,16412.28526283035,0.16234862021044272,0.8669656203288489,10.0,0.15775657406102012,53.40280891169216,9.936210415063277
8.99,22.2,20.6,12.3,-11.250000000000004,20.59999999999999,-33.45,5.276957402341123,12928.1,Santiago,Metropolitana,5.175562145531041,0.9360595357389734,0.9180734142338667,7.8842300000000005,15185.732238994886,0.16416134619389375,0.663677130044843,20.6,0.15775657406102012,47.4398470470467,8.253479993962461
9.88,41.6,342.2,13.7,8.149999999999999,-17.799999999999955,-33.45,5.276957402341123,14177.0,Santiago,Metropolitana,5.223661827738047,0.9521293927421389,0.9425131917358246,8.526440000000001,16422.68614587037,0.16380354204795444,1.2436472346786247,17.80000000000001,0.15775657406102012,52.13633913513031,9.312030334349947
3.32,29.2,26.3,10.7,-4.2500000000000036,26.30000000000001,-33.45,5.276957402341123,4888.3,Santiago,Metropolitana,5.262446746246787,0.8964864303834404,0.8940212586390632,2.96476,5710.392963280177,0.16807985366122025,0.8729446935724962,26.3,0.15775657406102012,17.51949857577253,2.9681505786816897
5.55,30.2,322.1,12.2,-3.2500000000000036,-37.89999999999998,-33.45,5.276957402341123,7826.5,Santiago,Metropolitana,5.268470316383322,0.789084084834691,0.7878149776683239,4.8729,9385.641289941841,0.16097947262330825,0.9028400597907323,37.89999999999998,0.15775657406102012,29.287113582993236,4.372373126059197
8.86,33.8,328.8,14.7,0.3499999999999943,-31.19999999999999,-33.45,5.276957402341123,12378.4,Santiago,Metropolitana,5.276858946141958,0.8553642601605067,0.8553483009803322,7.55758,14556.575119546607,0.15948751249780968,1.0104633781763825,31.19999999999999,0.15775657406102012,46.75384258474235,7.578385946685743
13.35,42.6,17.7,19.9,9.15,17.69999999999999,-33.45,5.276957402341123,17736.9,Santiago,Metropolitana,5.209810292650746,0.9526614812535863,0.9405392562473447,10.69335,20596.348639988424,0.15166743625262943,1.2735426008968609,17.7,0.15775657406102012,70.447381321254,12.556199070902052
10.83,33.6,41.8,20.0,0.1499999999999985,41.80000000000001,-33.45,5.276957402341123,13769.0,Santiago,Metropolitana,5.276939318503535,0.745475999682862,0.7454734449783464,8.664,16687.639010867475,0.14513422465078823,1.0044843049327354,41.8,0.15775657406102012,57.14944866735437,8.073477409115492
3.18,23.9,12.3,19.8,-9.550000000000004,12.300000000000011,-33.45,5.276957402341123,4245.7,Santiago,Metropolitana,5.203825077645872,0.9770455744352636,0.9635048901462531,2.5503600000000004,4912.221494431668,0.15241161942505957,0.7144992526158445,12.3,0.15775657406102012,16.780724539444773,3.063945550665085
9.7,37.8,359.0,14.2,4.349999999999994,-1.0,-33.45,5.276957402341123,14106.4,Santiago,Metropolitana,5.2617561901522745,0.9998476951563913,0.9969674564484077,8.3226,16030.072072004346,0.16601233347455632,1.130044843049327,1.0,0.15775657406102012,51.18648680270889,9.670584327549554
4.88,29.6,305.1,10.8,-3.8500000000000014,-54.89999999999998,-33.45,5.276957402341123,6557.7,Santiago,Metropolitana,5.265048647067534,0.5750052520432789,0.5737076109396054,4.35296,8384.190340344609,0.15340079721536043,0.8849028400597907,54.89999999999998,0.15775657406102012,25.75155212342468,2.7996931413852746
11.54,48.6,309.4,13.2,15.15,-50.60000000000002,-33.45,5.276957402341123,14867.7,Santiago,Metropolitana,5.093556379563795,0.6347305132022673,0.612670409920473,10.01672,19293.09873418011,0.14707331259941597,1.452914798206278,50.60000000000002,0.15775657406102012,60.89608842301656,7.0702165304822575
12.76,33.4,3.2,12.4,-0.0500000000000042,3.1999999999999886,-33.45,5.276957402341123,19001.4,Santiago,Metropolitana,5.276955393024815,0.998440764181981,0.9984403840039434,11.17776,21529.365631361266,0.1699929145016533,0.9985052316890881,3.2,0.15775657406102012,67.33397645387274,12.740099299890318
9.71,15.6,351.0,10.1,-17.85,-9.0,-33.45,5.276957402341123,14085.6,Santiago,Metropolitana,5.022936602889952,0.9876883405951378,0.9401432567983141,8.72929,16813.39339117906,0.16559682857666858,0.46636771300448426,9.0,0.15775657406102012,51.239256376732314,9.128791023511631
9.69,36.3,332.4,11.0,2.8499999999999943,-27.600000000000023,-33.45,5.276957402341123,14227.9,Santiago,Metropolitana,5.270430479182083,0.8862035792312145,0.8851074584510197,8.6241,16610.78804173848,0.16761501524426162,1.085201793721973,27.600000000000023,0.15775657406102012,51.133717228685484,8.57669127239038
6.4,49.0,1.6,14.5,15.549999999999995,1.5999999999999943,-33.45,5.276957402341123,8962.9,Santiago,Metropolitana,5.0838042806197326,0.9996101150403544,0.9630212628850073,5.472,10539.56148054788,0.15986907819634702,1.4648729446935724,1.6,0.15775657406102012,33.77252737498319,6.163336082464047
7.8,46.1,2.9,13.4,12.65,2.9000000000000057,-33.45,5.276957402341123,11208.9,Santiago,Metropolitana,5.148864667490219,0.9987193571841861,0.9744764679477667,6.7547999999999995,13010.349029386842,0.16404548647699332,1.3781763826606874,2.9,0.15775657406102012,41.160267738260764,7.60091644999258
13.23,48.1,23.6,11.8,14.65,23.59999999999999,-33.45,5.276957402341123,18797.1,Santiago,Metropolitana,5.10539734326346,0.9163627295622396,0.8865707050993323,11.66886,22475.26816116702,0.16219105602667244,1.4379671150971598,23.6,0.15775657406102012,69.81414643297306,11.729330428464166
11.4,25.3,3.4,17.2,-8.150000000000002,3.4000000000000057,-33.45,5.276957402341123,15894.7,Santiago,Metropolitana,5.223661827738047,0.9982398279237653,0.9881579263345521,9.439200000000001,18180.743553945093,0.1591634623087399,0.7563527653213752,3.4,0.15775657406102012,60.15731438668881,11.265000360213895
8.76,40.7,30.7,13.6,7.25,30.69999999999999,-33.45,5.276957402341123,12310.9,Santiago,Metropolitana,5.234767862371406,0.8598522715968736,0.8529777094174452,7.568639999999999,14577.877668884117,0.16042852526010717,1.2167414050822123,30.7,0.15775657406102012,46.22614684450824,7.4720847344968195
6.79,27.7,0.2,18.5,-5.7500000000000036,0.1999999999999886,-33.45,5.276957402341123,9356.8,Santiago,Metropolitana,5.250406487480528,0.9999939076577904,0.9949624565622107,5.533849999999999,10658.69011314508,0.15730896228001154,0.8281016442451419,0.2,0.15775657406102012,35.83054076189623,6.7557950800574105
2.65,35.2,357.1,12.4,1.75,-2.8999999999999773,-33.45,5.276957402341123,3951.5,Santiago,Metropolitana,5.2744961810543955,0.9987193571841863,0.9982535453244433,2.3214,4471.22405353506,0.17022055656069612,1.0523168908819134,2.8999999999999773,0.15775657406102012,13.983937116203977,2.6453718951097747
3.86,23.3,26.6,15.4,-10.150000000000002,26.59999999999999,-33.45,5.276957402341123,5319.0,Santiago,Metropolitana,5.1943717988797395,0.8941542368393682,0.8801605162904451,3.26556,6289.760670398014,0.15730357016111862,0.6965620328849028,26.6,0.15775657406102012,20.369055573036736,3.397419592881118
4.51,28.3,335.5,11.8,-5.150000000000002,-24.5,-33.45,5.276957402341123,6580.3,Santiago,Metropolitana,5.255654912358763,0.9099612708765432,0.9062878584573745,3.97782,7661.637143375907,0.16655782684850512,0.8460388639760836,24.5,0.15775657406102012,23.799077884558464,4.087358241642758
6.85,28.0,70.4,15.0,-5.450000000000003,70.4,-33.45,5.276957402341123,8066.2,Santiago,Metropolitana,5.25310270815181,0.33545156975025486,0.3339351476907993,5.8225,11214.655833422885,0.13442322434423223,0.8370702541106128,70.4,0.15775657406102012,36.14715820603669,2.287455761681975
14.27,40.6,9.4,11.5,7.149999999999999,9.400000000000006,-33.45,5.276957402341123,21236.5,Santiago,Metropolitana,5.23592218482987,0.9865721616069694,0.9789002779521707,12.62895,24324.487382998013,0.16988493278679606,1.2137518684603885,9.4,0.15775657406102012,75.30218213140783,13.968906966377476
8.57,39.9,9.5,11.6,6.449999999999996,9.5,-33.45,5.276957402341123,12752.2,Santiago,Metropolitana,5.243555664494878,0.9862856015372314,0.9800426758146442,7.575880000000001,14591.822556515546,0.1698635465119377,1.1928251121076232,9.5,0.15775657406102012,45.22352493806343,8.3989657317315
5.05,35.7,13.1,16.1,2.25,13.099999999999994,-33.45,5.276957402341123,7155.0,Santiago,Metropolitana,5.27288905942467,0.9739759672790517,0.9732250671058726,4.236949999999999,8160.744703034965,0.16173877661738775,1.0672645739910314,13.1,0.15775657406102012,26.648634881822673,4.914786588884657
3.37,22.6,46.9,12.6,-10.85,46.900000000000006,-33.45,5.276957402341123,4517.7,Santiago,Metropolitana,5.182623111753937,0.683273773680799,0.6710591314537436,2.94538,5673.065349703237,0.1530323970570302,0.6756352765321375,46.9,0.15775657406102012,17.78334644588959,2.261469272999116
6.4,31.0,19.8,11.7,-2.450000000000003,19.80000000000001,-33.45,5.276957402341123,9452.6,Santiago,Metropolitana,5.272133768634756,0.9408807689542255,0.9400207157370463,5.6512,10884.716710320208,0.1686037385844749,0.9267563527653213,19.8,0.15775657406102012,33.77252737498319,6.0161325807170964
12.6,27.5,319.9,19.3,-5.950000000000003,-40.10000000000002,-33.45,5.276957402341123,16160.8,Santiago,Metropolitana,5.248529034226576,0.7649214009184315,0.7608005665993299,10.168199999999999,19584.862764347028,0.14641588751177792,0.8221225710014947,40.10000000000002,0.15775657406102012,66.48966326949815,9.586087139151557
6.98,40.4,35.1,10.4,6.949999999999996,35.099999999999994,-33.45,5.276957402341123,10067.9,Santiago,Metropolitana,5.238182977698079,0.8181497174250235,0.8121380553731468,6.25408,12045.917519054254,0.16465668380630893,1.2077727952167412,35.1,0.15775657406102012,36.833162668341046,5.668723626504565
12.04,42.9,351.5,15.7,9.449999999999996,-8.5,-33.45,5.276957402341123,16993.9,Santiago,Metropolitana,5.205345170543364,0.9890158633619168,0.975594183431866,10.149719999999999,19549.268631276755,0.16112482743973666,1.2825112107623318,8.5,0.15775657406102012,63.53456712418712,11.746153968519666
12.44,41.9,2.7,15.5,8.449999999999996,2.6999999999999886,-33.45,5.276957402341123,17674.2,Santiago,Metropolitana,5.219673258284513,0.99888987496197,0.9880464007530205,10.5118,20246.667100004237,0.1621867154120601,1.2526158445440956,2.7,0.15775657406102012,65.64535008512357,12.291297225367575
3.44,27.4,328.0,12.5,-6.050000000000004,-32.0,-33.45,5.276957402341123,4894.0,Santiago,Metropolitana,5.2475663242631665,0.848048096156426,0.843324721319832,3.01,5797.529250082075,0.16240575554847617,0.819133034379671,32.0,0.15775657406102012,18.152733464053465,2.901037041340222
9.91,11.5,13.2,14.5,-21.950000000000003,13.199999999999989,-33.45,5.276957402341123,13279.1,Santiago,Metropolitana,4.894432910091661,0.9735789028731603,0.9030045648424759,8.47305,16319.852230035858,0.1529645807703118,0.34379671150971597,13.2,0.15775657406102012,52.29464785720053,8.948775237588936
14.47,19.3,343.7,10.9,-14.150000000000002,-16.299999999999955,-33.45,5.276957402341123,21050.0,Santiago,Metropolitana,5.116849511189087,0.9598052919751872,0.9306838893376492,12.89277,24832.628302186273,0.16606551738283898,0.5769805680119581,16.30000000000001,0.15775657406102012,76.35757361187606,13.466995878715785
7.23,44.8,2.5,17.2,11.349999999999994,2.5,-33.45,5.276957402341123,9973.7,Santiago,Metropolitana,5.173757476262434,0.9990482215818578,0.9795101251457273,5.986440000000001,11530.418938159915,0.15747582687558814,1.3393124065769804,2.5,0.15775657406102012,38.152402018926324,7.081858204803609
2.66,30.2,352.9,12.2,-3.2500000000000036,-7.100000000000023,-33.45,5.276957402341123,3960.5,Santiago,Metropolitana,5.268470316383322,0.9923319378854887,0.9907359412129043,2.33548,4498.343393017171,0.16996686922786416,0.9028400597907323,7.100000000000023,0.15775657406102012,14.036706690227389,2.6353576036263258
14.0,27.4,48.1,11.9,-6.050000000000004,48.099999999999994,-33.45,5.276957402341123,19044.0,Santiago,Metropolitana,5.2475663242631665,0.6678325554710467,0.6641129274194458,12.334,23756.38729917353,0.15528375733855185,0.819133034379671,48.1,0.15775657406102012,73.87740363277572,9.297580983872242
13.49,46.6,49.6,13.1,13.15,49.599999999999994,-33.45,5.276957402341123,17613.5,Santiago,Metropolitana,5.138584000885236,0.648119901063131,0.6311247751935207,11.72281,22579.18068709457,0.14904918576588103,1.3931240657698056,49.6,0.15775657406102012,71.18615535758175,8.513873217360596
8.79,43.6,1.2,19.0,10.15,1.1999999999999886,-33.45,5.276957402341123,11912.6,Santiago,Metropolitana,5.1943717988797395,0.9997806834748455,0.9841338846135975,7.1198999999999995,13713.564288258925,0.15470828722967675,1.303437967115097,1.2,0.15775657406102012,46.384455566578474,8.650536845753521
9.18,33.6,1.6,18.0,0.1499999999999985,1.5999999999999943,-33.45,5.276957402341123,12804.6,Santiago,Metropolitana,5.276939318503535,0.9996101150403544,0.999606689432453,7.5276000000000005,14498.83095778001,0.15922792252365178,1.0044843049327354,1.6,0.15775657406102012,48.44246895349151,9.176389408989918
4.75,31.1,350.7,19.5,-2.3500000000000014,-9.299999999999956,-33.45,5.276957402341123,6481.8,Santiago,Metropolitana,5.272519444534018,0.9868557164068074,0.9860257638987256,3.8237499999999995,7364.884541528681,0.15577505407354003,0.929745889387145,9.300000000000011,0.15775657406102012,25.065547661120338,4.683622378518947
12.65,32.4,27.7,16.5,-1.0500000000000045,27.69999999999999,-33.45,5.276957402341123,17439.5,Santiago,Metropolitana,5.276071318592163,0.8853936257544159,0.8852449543054355,10.56275,20344.801357576223,0.15737632429115456,0.9686098654708519,27.7,0.15775657406102012,66.75351113961521,11.198348671963759
8.48,35.3,351.8,16.6,1.8499999999999943,-8.200000000000045,-33.45,5.276957402341123,11988.5,Santiago,Metropolitana,5.274206887116865,0.9897762309077889,0.9892603285829922,7.07232,13621.92095213969,0.16138564013095544,1.0553064275037367,8.199999999999989,0.15775657406102012,44.74859877185273,8.388927586383774
2.44,46.3,349.5,14.8,12.849999999999994,-10.5,-33.45,5.276957402341123,3433.5,Santiago,Metropolitana,5.144799410390853,0.9832549075639546,0.9586299230792872,2.07888,4004.108839671303,0.16063608803054122,1.3841554559043345,10.5,0.15775657406102012,12.87577606171234,2.339057012313461
10.88,36.8,24.5,19.1,3.3499999999999943,24.5,-33.45,5.276957402341123,14610.9,Santiago,Metropolitana,5.267940150143854,0.9099612708765432,0.9084063312316636,8.80192,16953.28526806725,0.15330063960515714,1.100149476831091,24.5,0.15775657406102012,57.413296537471425,9.8834608838005
14.36,39.3,346.5,15.1,5.849999999999994,-13.5,-33.45,5.276957402341123,20477.4,Santiago,Metropolitana,5.249475756260323,0.9723699203976766,0.9673059556970841,12.19164,23482.189204807517,0.16278570610905485,1.1748878923766815,13.5,0.15775657406102012,75.77710829761853,13.890513523810128
12.78,42.8,359.1,13.6,9.349999999999994,-0.8999999999999773,-33.45,5.276957402341123,18536.6,Santiago,Metropolitana,5.206849407056731,0.9998766324816606,0.9865925862235083,11.04192,21267.72564022135,0.16557513523556355,1.279521674140508,0.8999999999999773,0.15775657406102012,67.43951560191955,12.608653251936436
5.6,24.1,320.5,16.4,-9.35,-39.5,-33.45,5.276957402341123,7397.1,Santiago,Metropolitana,5.206849407056731,0.77162458338772,0.7613730220183849,4.6816,9017.180377802075,0.15078889432485323,0.7204783258594918,39.5,0.15775657406102012,29.55096145311029,4.263688923302955
2.69,39.5,17.6,15.5,6.049999999999997,17.599999999999994,-33.45,5.276957402341123,3805.1,Santiago,Metropolitana,5.2475663242631665,0.953190667792947,0.9478816802070603,2.27305,4378.097628537895,0.16147663424487788,1.1808669656203288,17.6,0.15775657406102012,14.195015412297622,2.549801719756992
14.22,31.1,48.5,11.2,-2.3500000000000014,48.5,-33.45,5.276957402341123,19558.5,Santiago,Metropolitana,5.272519444534018,0.6626200482157375,0.662062780155393,12.627360000000001,24321.42490076957,0.15701163709226826,0.929745889387145,48.5,0.15775657406102012,75.03833426129079,9.414532733809688
14.18,13.3,18.0,13.9,-20.15,18.0,-33.45,5.276957402341123,19250.0,Santiago,Metropolitana,4.953975920625939,0.9510565162951535,0.8928461463020942,12.20898,23515.587595902678,0.15497098621120492,0.39760837070254107,18.0,0.15775657406102012,74.82725596519712,12.660558354563696
8.92,16.4,36.5,13.1,-17.050000000000004,36.5,-33.45,5.276957402341123,11966.2,Santiago,Metropolitana,5.045031163714922,0.8038568606172173,0.7685267482319807,7.75148,14930.043864261199,0.1531395253598706,0.4902840059790732,36.5,0.15775657406102012,47.07046002888282,6.8552585942292685
10.35,25.3,338.8,18.5,-8.150000000000002,-21.200000000000045,-33.45,5.276957402341123,13964.6,Santiago,Metropolitana,5.223661827738047,0.932323801215512,0.922907630321303,8.43525,16247.046048755756,0.15402245604747095,0.7563527653213752,21.19999999999999,0.15775657406102012,54.616509114230624,9.552093973825485
8.01,37.7,5.9,13.8,4.25,5.900000000000006,-33.45,5.276957402341123,11701.3,Santiago,Metropolitana,5.262446746246787,0.9947028171171742,0.9919675684890819,6.9046199999999995,13298.915751063687,0.16676215233241554,1.1270553064275037,5.9,0.15775657406102012,42.268428792752395,7.945660223597545
7.46,34.4,336.4,18.2,0.9499999999999956,-23.600000000000023,-33.45,5.276957402341123,10151.3,Santiago,Metropolitana,5.276232055725738,0.9163627295622394,0.9162367705002886,6.10228,11753.537140262739,0.15533836473367854,1.0284005979073243,23.600000000000023,0.15775657406102012,39.36610222146478,6.835126307932153
3.55,34.9,354.3,14.4,1.4499999999999955,-5.7000000000000455,-33.45,5.276957402341123,5162.4,Santiago,Metropolitana,5.275267657406179,0.9950555699612262,0.9947369412551116,3.0387999999999997,5853.000626295484,0.16600424464595792,1.0433482810164423,5.699999999999989,0.15775657406102012,18.73319877831099,3.5313161414556458
3.26,49.1,19.3,17.5,15.65,19.30000000000001,-33.45,5.276957402341123,4338.0,Santiago,Metropolitana,5.081327521825321,0.9438009515832294,0.9088119127657066,2.6895,5180.2175807627045,0.15190352130431128,1.467862481315396,19.3,0.15775657406102012,17.20288113163206,2.9627268356162033
5.03,23.3,2.5,11.4,-10.150000000000002,2.5,-33.45,5.276957402341123,7455.7,Santiago,Metropolitana,5.1943717988797395,0.9990482215818578,0.9834128859185917,4.456580000000001,8583.771729345774,0.1692062238441497,0.6965620328849028,2.5,0.15775657406102012,26.543095733775854,4.946566816170517
12.88,33.2,324.7,19.2,-0.25,-35.30000000000001,-33.45,5.276957402341123,16849.7,Santiago,Metropolitana,5.276907169509938,0.8161375900801602,0.8161298210385212,10.407040000000002,20044.889969027965,0.14933864403414732,0.992526158445441,35.30000000000001,0.15775657406102012,67.96721134215367,10.511752094976153
3.9,35.9,327.1,14.8,2.4499999999999957,-32.89999999999998,-33.45,5.276957402341123,5408.7,Santiago,Metropolitana,5.272133768634756,0.8396198645344134,0.8388523732756613,3.3228,6400.010030622167,0.15831577098700386,1.0732436472346785,32.89999999999998,0.15775657406102012,20.580133869130382,3.271524255775079
4.95,27.6,325.5,12.6,-5.850000000000001,-34.5,-33.45,5.276957402341123,6984.8,Santiago,Metropolitana,5.249475756260323,0.8241261886220157,0.8198342562612235,4.3263,8332.840795558166,0.16108113094414464,0.8251121076233183,34.5,0.15775657406102012,26.12093914158856,4.058179568493056
9.13,33.7,12.3,12.4,0.25,12.300000000000011,-33.45,5.276957402341123,13523.6,Santiago,Metropolitana,5.276907169509938,0.9770455744352636,0.9770362736655854,7.99788,15404.63230519815,0.16908980879933183,1.007473841554559,12.3,0.15775657406102012,48.17862108337446,8.920341178566796
4.8,20.7,51.6,12.7,-12.750000000000004,51.599999999999994,-33.45,5.276957402341123,6255.7,Santiago,Metropolitana,5.146839878023965,0.6211477802783104,0.605831717395359,4.1903999999999995,8071.085239051137,0.1487752092846271,0.6188340807174887,51.6,0.15775657406102012,25.32939553123739,2.907992243497723
4.12,44.7,34.1,13.7,11.25,34.099999999999994,-33.45,5.276957402341123,5674.2,Santiago,Metropolitana,5.175562145531041,0.8280603346224944,0.812149387483516,3.55556,6848.326611435821,0.15721838010373718,1.3363228699551568,34.1,0.15775657406102012,21.74106449764543,3.346055476432086
11.33,35.0,356.0,19.8,0.8299999999999983,-4.0,-34.17,5.265409702304033,15401.5,Rancagua,O'Higgins,5.2648572363763755,0.9975640502598242,0.9974593822131606,9.08666,17463.420519821357,0.15517759050808658,1.0242903131401815,4.0,0.15409451865098134,59.65709192710469,11.301214800475108
14.34,25.5,47.2,16.8,-8.670000000000002,47.19999999999999,-34.17,5.265409702304033,18354.5,Rancagua,O'Higgins,5.205241609129999,0.6794413042615166,0.6716772953785601,11.93088,22929.654527794177,0.14611314902912312,0.7462686567164178,47.2,0.15409451865098134,75.50597513103983,9.631852415728552
10.7,37.6,34.6,18.5,3.4299999999999997,34.599999999999994,-34.17,5.265409702304033,14098.8,Rancagua,O'Higgins,5.255977449260402,0.8231363685344419,0.8216618336062227,8.7205,16759.706937763945,0.15041607988733835,1.1003804506877377,34.6,0.15409451865098134,56.33988381465315,8.791781619586581
9.11,34.3,8.9,17.5,0.1299999999999954,8.900000000000006,-34.17,5.265409702304033,12717.1,Rancagua,O'Higgins,5.265396149054723,0.9879598657693891,0.9879573227447954,7.515749999999999,14444.328584083407,0.15935496644261665,1.0038045068773778,8.9,0.15409451865098134,47.96788238798973,9.000291210205086
7.83,45.4,359.4,17.0,11.229999999999997,-0.6000000000000227,-34.17,5.265409702304033,10823.0,Rancagua,O'Higgins,5.1645945877606945,0.9999451693655121,0.9807995392082748,6.4989,12490.070456720841,0.15779084075415362,1.3286508633304066,0.6000000000000227,0.15409451865098134,41.22815796904057,7.679660392000792
12.77,34.2,21.1,13.8,0.0300000000000011,21.09999999999999,-34.17,5.265409702304033,18349.3,Rancagua,O'Higgins,5.265408980533066,0.9329535348254892,0.9329534069382377,11.00774,21155.495263700668,0.16403045808705477,1.0008779631255487,21.1,0.15409451865098134,67.23928189842249,11.913815006601295
13.05,28.0,28.2,13.2,-6.170000000000002,28.19999999999999,-34.17,5.265409702304033,18518.4,Rancagua,O'Higgins,5.234909163819435,0.8813034520649923,0.8761983925585013,11.3274,21769.84167958573,0.16199023775783342,0.8194322505121451,28.2,0.15409451865098134,68.71359661506763,11.434389022888443
5.81,32.2,339.3,17.2,-1.9699999999999989,-20.700000000000045,-34.17,5.265409702304033,8027.7,Rancagua,O'Higgins,5.262297652233099,0.935444030829867,0.9348911491307991,4.8106800000000005,9245.523418538189,0.15772876240775235,0.9423470880889669,20.69999999999999,0.15409451865098134,30.59203037038643,5.431717576449942
14.39,23.4,358.1,17.2,-10.770000000000003,-1.8999999999999773,-34.17,5.265409702304033,19875.5,Rancagua,O'Higgins,5.172660714603898,0.9994502159417572,0.9818451289634892,11.914920000000002,22898.98141011438,0.15767148673133613,0.6848112379280069,1.8999999999999773,0.15409451865098134,75.76924561615503,14.12875140578461
7.14,37.4,314.5,19.5,3.229999999999997,-45.5,-34.17,5.265409702304033,8973.8,Rancagua,O'Higgins,5.257045068489,0.7009092642998509,0.6997957993151857,5.747699999999999,11046.358301265502,0.14347428469104537,1.0945273631840795,45.5,0.15409451865098134,37.59502527445079,4.996542007110425
12.4,38.9,28.1,15.7,4.729999999999997,28.09999999999999,-34.17,5.265409702304033,17154.9,Rancagua,O'Higgins,5.247477545536396,0.8821268660176679,0.8791226482749438,10.4532,20089.738955545447,0.1579291869200177,1.1384255194615158,28.1,0.15409451865098134,65.29108030857,10.901120838609303
14.57,53.9,51.6,12.9,19.729999999999997,51.599999999999994,-34.17,5.265409702304033,18234.6,Rancagua,O'Higgins,4.956298102760617,0.6211477802783104,0.5846826247120391,12.69047,24389.491210651366,0.1428672163669014,1.5774070822358792,51.6,0.15409451865098134,76.71701936256976,8.51882584205441
11.15,29.2,2.0,14.9,-4.970000000000002,2.0,-34.17,5.265409702304033,16036.4,Rancagua,O'Higgins,5.245612794757936,0.9993908270190958,0.9956333135636364,9.48865,18235.99486669501,0.16418289411716527,0.8545507755340942,2.0,0.15409451865098134,58.70931818068997,11.101311446234545
4.1,32.0,306.9,16.1,-2.1700000000000017,-53.10000000000002,-34.17,5.265409702304033,5215.5,Rancagua,O'Higgins,5.261633767711038,0.6004202253258837,0.5999896515192243,3.4398999999999997,6611.056234758809,0.14521383227530907,0.9364940005853087,53.10000000000002,0.15409451865098134,21.58817977944653,2.4599575712288195
9.62,29.6,15.2,14.3,-4.57,15.199999999999989,-34.17,5.265409702304033,13827.4,Rancagua,O'Higgins,5.248669563611781,0.9650164944723115,0.9619484502229327,8.24434,15844.587156159027,0.1640821538081812,0.8662569505414106,15.2,0.15409451865098134,50.65324133616479,9.253944091144612
3.54,35.9,337.4,17.9,1.7299999999999969,-22.600000000000023,-34.17,5.265409702304033,4839.2,Rancagua,O'Higgins,5.263009675346922,0.9232102171129808,0.9227894085656076,2.9063399999999997,5585.62085448092,0.15605087325542397,1.0506292069066432,22.600000000000023,0.15409451865098134,18.639550346156277,3.2666745063222513
12.26,37.2,343.4,15.8,3.030000000000001,-16.600000000000023,-34.17,5.265409702304033,17299.0,Rancagua,O'Higgins,5.258048632282461,0.9583225744651331,0.9569828345450269,10.32292,19839.357140299544,0.16107436292803565,1.0886742756804215,16.600000000000023,0.15409451865098134,64.55392295024744,11.73260955152203
5.66,33.7,15.7,10.1,-0.4699999999999988,15.699999999999989,-34.17,5.265409702304033,8550.2,Rancagua,O'Higgins,5.265232548619502,0.9626917464264788,0.9626593568500567,5.0883400000000005,9779.151103686921,0.1724470368039757,0.9862452443664033,15.7,0.15409451865098134,29.802218915040825,5.448651959771321
11.04,42.9,6.4,15.7,8.729999999999997,6.400000000000006,-34.17,5.265409702304033,15585.1,Rancagua,O'Higgins,5.204407568478959,0.9937679191605964,0.982254671944682,9.306719999999999,17886.34823138885,0.16115226490635962,1.2554872695346795,6.4,0.15409451865098134,58.13012311343652,10.844091578269287
13.83,29.2,347.8,16.3,-4.970000000000002,-12.200000000000044,-34.17,5.265409702304033,19453.3,Rancagua,O'Higgins,5.245612794757936,0.9774158942860958,0.97374100226681,11.575709999999999,22247.0623469461,0.16057095784757508,0.8545507755340942,12.199999999999989,0.15409451865098134,72.82061618286477,13.466838061349982
4.35,42.1,343.8,19.2,7.93,-16.200000000000045,-34.17,5.265409702304033,5856.5,Rancagua,O'Higgins,5.215058493654707,0.9602936856769428,0.9511107444689696,3.5148,6755.004637905248,0.15368970765758674,1.2320749195200469,16.19999999999999,0.15409451865098134,22.90453220502254,4.137331738440017
7.11,38.5,3.1,14.1,4.329999999999998,3.0999999999999943,-34.17,5.265409702304033,10322.5,Rancagua,O'Higgins,5.250380843820501,0.9985366703262117,0.9956865851177649,6.10749,11737.829542494574,0.16573383683666323,1.1267193444541996,3.1,0.15409451865098134,37.43706298338167,7.079331620187308
10.41,34.1,349.8,15.7,-0.0700000000000002,-10.200000000000044,-34.17,5.265409702304033,14828.5,Rancagua,O'Higgins,5.265405772662503,0.9841956079692418,0.9841948734516728,8.77563,16865.65988122807,0.16260817882348813,0.9979514193737197,10.199999999999989,0.15409451865098134,54.81291500098498,10.245468632631914
7.46,31.7,332.3,14.7,-2.4700000000000024,-27.700000000000045,-34.17,5.265409702304033,10461.4,Rancagua,O'Higgins,5.260517734893828,0.8853936257544155,0.8845710275128202,6.36338,12229.618018878315,0.16008361183542058,0.9277143693298214,27.69999999999999,0.15409451865098134,39.279956379188086,6.598899865245639
4.27,53.6,351.7,15.3,19.43,-8.299999999999955,-34.17,5.265409702304033,5775.7,Rancagua,O'Higgins,4.965537298198632,0.9895257890689696,0.9331709194445675,3.6166899999999997,6950.82443492248,0.15440901265064752,1.5686274509803921,8.300000000000011,0.15409451865098134,22.48329942883822,3.984639826028303
2.38,27.6,8.5,10.7,-6.57,8.5,-34.17,5.265409702304033,3571.4,Rancagua,O'Higgins,5.230830758359522,0.9890158633619168,0.9825208086495629,2.12534,4084.6368376936216,0.1713000268600591,0.8077260755048288,8.5,0.15409451865098134,12.531675091483597,2.3383995245859595
7.29,36.6,355.5,19.0,2.4299999999999997,-4.5,-34.17,5.265409702304033,10001.9,Rancagua,O'Higgins,5.260674872674297,0.996917333733128,0.996020872869296,5.9049000000000005,11348.476979164307,0.15662131774934074,1.071115013169447,4.5,0.15409451865098134,38.3848367297964,7.260992163217168
10.44,28.2,324.7,19.1,-5.970000000000002,-35.30000000000001,-34.17,5.265409702304033,13580.6,Rancagua,O'Higgins,5.236852700204499,0.8161375900801602,0.811711259710611,8.44596,16232.075501184194,0.14849586241886667,0.8252853380158033,35.30000000000001,0.15409451865098134,54.9708772920541,8.474265551378778
9.46,48.5,24.7,15.5,14.329999999999998,24.69999999999999,-34.17,5.265409702304033,12846.3,Rancagua,O'Higgins,5.1015831675484815,0.9085081775267219,0.8802410995714859,7.9937000000000005,15362.88852111733,0.15501824553274057,1.4193737196371086,24.7,0.15409451865098134,49.81077578379615,8.327080801946257
4.03,41.3,291.5,15.6,7.1299999999999955,-68.5,-34.17,5.265409702304033,4738.6,Rancagua,O'Higgins,5.224692732844045,0.3665012267242973,0.363667103626706,3.40132,6536.910314953874,0.13422731341423344,1.208662569505414,68.5,0.15409451865098134,21.219601100285253,1.4655784276156254
7.86,28.7,348.8,10.6,-5.470000000000002,-11.200000000000044,-34.17,5.265409702304033,11816.5,Rancagua,O'Higgins,5.2414323251635135,0.9809551553491914,0.9764881275113668,7.02684,13504.704902076395,0.1716177512867882,0.8399180567749487,11.199999999999989,0.15409451865098134,41.3861202601097,7.675196682239344
6.8,38.3,344.5,16.0,4.1299999999999955,-15.5,-34.17,5.265409702304033,9586.7,Rancagua,O'Higgins,5.25173654026118,0.963630453208623,0.9611281075069421,5.712,10977.74738013963,0.1609370803115767,1.1208662569505412,15.5,0.15409451865098134,35.80478597566742,6.535671131047206
5.56,36.2,3.7,14.3,2.030000000000001,3.6999999999999886,-34.17,5.265409702304033,8084.1,Rancagua,O'Higgins,5.26210521906433,0.997915618272179,0.9972893430872158,4.764919999999999,9157.578439526422,0.16597886074701884,1.0594088381621305,3.7,0.15409451865098134,29.27567794481042,5.54492874756492
11.48,30.0,14.0,17.1,-4.170000000000002,14.0,-34.17,5.265409702304033,15989.9,Rancagua,O'Higgins,5.251470519715863,0.9702957262759965,0.9677270507012993,9.51692,18290.326259978723,0.15900096256344168,0.8779631255487269,14.0,0.15409451865098134,60.446903382450294,11.109506542050916
6.03,40.2,28.2,10.5,6.030000000000001,28.19999999999999,-34.17,5.265409702304033,8829.5,Rancagua,O'Higgins,5.236276338213247,0.8813034520649923,0.8764272248015677,5.396850000000001,10372.068618436026,0.16715319899740264,1.1764705882352942,28.2,0.15409451865098134,31.75042050489332,5.284856165553453
9.02,37.3,342.2,17.1,3.1299999999999955,-17.799999999999955,-34.17,5.265409702304033,12519.1,Rancagua,O'Higgins,5.257554858097674,0.9521293927421389,0.9507090231095513,7.47758,14370.970632840423,0.15843913576122062,1.0916008194322504,17.80000000000001,0.15409451865098134,47.49399551478237,8.575395388448152
14.0,35.9,14.7,12.9,1.7299999999999969,14.699999999999989,-34.17,5.265409702304033,20524.6,Rancagua,O'Higgins,5.263009675346922,0.9672677527758768,0.9668268623584816,12.193999999999999,23435.338157111808,0.16735649054142204,1.0506292069066432,14.7,0.15409451865098134,73.71573583225646,13.535576073018742
9.01,33.8,4.9,16.5,-0.3700000000000045,4.900000000000006,-34.17,5.265409702304033,12753.4,Rancagua,O'Higgins,5.265299913299388,0.9963452961909064,0.9963245214051754,7.52335,14458.934830597602,0.16158352718187302,0.9891717881182323,4.9,0.15409451865098134,47.44134141775933,8.976883937860629
10.02,37.6,317.2,16.3,3.4299999999999997,-42.80000000000001,-34.17,5.265409702304033,13233.7,Rancagua,O'Higgins,5.255977449260402,0.7337298645028764,0.7324154889577728,8.38674,16118.262090845981,0.150768098506184,1.1003804506877377,42.80000000000001,0.15409451865098134,52.7594052170864,7.3388031993568825
2.95,36.0,47.5,12.3,1.8299999999999983,47.5,-34.17,5.265409702304033,4020.7,Rancagua,O'Higgins,5.262724220783928,0.6755902076156602,0.6752456408829097,2.5871500000000003,4972.177719630296,0.15558780280164072,1.0535557506584723,47.5,0.15409451865098134,15.532958621796897,1.9919746406045837
4.32,34.6,324.0,14.4,0.4299999999999997,-36.0,-34.17,5.265409702304033,5962.3,Rancagua,O'Higgins,5.265261419161418,0.8090169943749475,0.8089942110419995,3.6979200000000003,7106.938303915607,0.15755274395399965,1.012584138132865,36.0,0.15409451865098134,22.746569913953422,3.4948549917014384
3.31,29.0,10.5,18.4,-5.170000000000002,10.5,-34.17,5.265409702304033,4551.7,Rancagua,O'Higgins,5.2439885266200825,0.9832549075639546,0.9792547485435051,2.7009600000000002,5190.906261180312,0.15697898991571133,0.848697688030436,10.5,0.15409451865098134,17.428506114626348,3.241333217679002
11.94,47.7,9.7,16.1,13.53,9.699999999999989,-34.17,5.265409702304033,16479.0,Rancagua,O'Higgins,5.119281711277254,0.9857034690888536,0.958347788177062,10.01766,19252.6857178098,0.15755145590968542,1.395961369622476,9.7,0.15409451865098134,62.868991845510145,11.44267259083412
12.87,25.8,6.9,10.7,-8.370000000000001,6.900000000000006,-34.17,5.265409702304033,19257.2,Rancagua,O'Higgins,5.209326171527091,0.9927573419294455,0.9821831720000341,11.49291,22087.93113492307,0.1708088968362941,0.7550482879719052,6.9,0.15409451865098134,67.76582286865289,12.640697423640438
4.42,37.6,347.6,14.4,3.4299999999999997,-12.399999999999975,-34.17,5.265409702304033,6375.3,Rancagua,O'Higgins,5.255977449260402,0.976672278334168,0.9749227050643205,3.7835199999999998,7271.450764654394,0.16465474493274657,1.1003804506877377,12.399999999999977,0.15409451865098134,23.273110884183826,4.309158356384296
4.85,31.6,20.7,13.1,-2.5700000000000003,20.69999999999999,-34.17,5.265409702304033,7028.3,Rancagua,O'Higgins,5.260113673496346,0.9354440308298674,0.9345031470591162,4.21465,8100.028535662726,0.1654262580614791,0.9247878255779924,20.7,0.15409451865098134,25.537237056174558,4.532340263236713
6.2,48.2,321.0,16.4,14.03,-39.0,-34.17,5.265409702304033,8042.7,Rancagua,O'Higgins,5.108336861446129,0.7771459614569709,0.7539628606483332,5.1832,9961.460122678525,0.14808329650905877,1.4105940883816213,39.0,0.15409451865098134,32.645540154285,4.674569736019666
9.68,26.9,358.4,16.1,-7.270000000000003,-1.6000000000000227,-34.17,5.265409702304033,13669.4,Rancagua,O'Higgins,5.223080218045129,0.9996101150403544,0.9915740868826355,8.12152,15608.542524991532,0.1612018378052002,0.7872402692420251,1.6000000000000227,0.15409451865098134,50.969165918303034,9.598437161023911
10.08,28.3,345.9,10.1,-5.870000000000001,-14.100000000000025,-34.17,5.265409702304033,15185.7,Rancagua,O'Higgins,5.237800541322685,0.9698720152847466,0.9647864940973673,9.06192,17415.873343668583,0.1719769243313764,0.8282118817676324,14.100000000000023,0.15409451865098134,53.07532979922465,9.725047860501462
10.93,26.4,343.1,16.1,-7.770000000000003,-16.899999999999977,-34.17,5.265409702304033,15252.4,Rancagua,O'Higgins,5.217066739330922,0.9568135840576075,0.9480288538501886,9.170269999999999,17624.108450222873,0.15929931861952565,0.7726075504828797,16.899999999999977,0.15409451865098134,57.550928046183074,10.361955372582562
13.77,36.8,10.7,17.3,2.6299999999999955,10.699999999999989,-34.17,5.265409702304033,19206.0,Rancagua,O'Higgins,5.259863545432181,0.9826127965436152,0.9815777916680145,11.387789999999999,21885.903683137305,0.1592204613961262,1.0769681006731049,10.7,0.15409451865098134,72.50469160072653,13.51632619126856
5.84,23.2,26.9,17.7,-10.970000000000002,26.90000000000001,-34.17,5.265409702304033,7781.8,Rancagua,O'Higgins,5.169194640400142,0.891797529605214,0.8755016743217863,4.8063199999999995,9237.14404553794,0.1521118721461187,0.6789581504243488,26.9,0.15409451865098134,30.74999266145555,5.1129297780392315
10.56,30.3,351.4,10.6,-3.870000000000001,-8.600000000000023,-34.17,5.265409702304033,15947.7,Rancagua,O'Higgins,5.253403277085843,0.9887563810470058,0.9865017740516842,9.44064,18143.725669965235,0.1723971305520963,0.8867427568042142,8.600000000000023,0.15409451865098134,55.602726456330586,10.417458733985786
9.28,17.0,19.5,13.0,-17.17,19.5,-34.17,5.265409702304033,12886.9,Rancagua,O'Higgins,5.030746522669352,0.9426414910921784,0.9006308476547887,8.073599999999999,15516.44629697047,0.15852449417414582,0.49751243781094523,19.5,0.15409451865098134,48.86300203738142,8.357854266236439
5.98,36.1,1.2,14.2,1.9299999999999995,1.1999999999999886,-34.17,5.265409702304033,8694.3,Rancagua,O'Higgins,5.262422735050271,0.9997806834748455,0.9992135268182276,5.13084,9860.830771693913,0.1659698996655518,1.0564822944103014,1.2,0.15409451865098134,31.487150019778117,5.975296890373001
13.8,30.2,337.7,11.8,-3.9700000000000024,-22.299999999999955,-34.17,5.265409702304033,20210.3,Rancagua,O'Higgins,5.2527750248387,0.9252097183857824,0.9229896202280871,12.171600000000002,23392.288167385777,0.16718201972073324,0.8838162130523851,22.30000000000001,0.15409451865098134,72.66265389179566,12.737256759147602
3.24,22.3,353.6,14.2,-11.87,-6.399999999999977,-34.17,5.265409702304033,4610.1,Rancagua,O'Higgins,5.152818494779687,0.9937679191605964,0.9725180000957444,2.77992,5342.657474964595,0.16242812447150348,0.652619256657887,6.399999999999977,0.15409451865098134,17.059927435465067,3.1509583203102123
11.26,42.9,352.5,10.7,8.729999999999997,-7.5,-34.17,5.265409702304033,16823.7,Rancagua,O'Higgins,5.204407568478959,0.9914448613738104,0.979958527824639,10.05518,19324.794450600915,0.17056071923891095,1.2554872695346795,7.5,0.15409451865098134,59.288513247943406,11.034333023305434
11.46,23.7,342.6,11.1,-10.470000000000002,-17.399999999999977,-34.17,5.265409702304033,16802.8,Rancagua,O'Higgins,5.177741636849662,0.954240328516277,0.9383524093781026,10.187940000000001,19579.942514709343,0.16737590348004175,0.6935908691834942,17.399999999999977,0.15409451865098134,60.34159518840422,10.753518611473057
13.9,40.5,10.7,16.7,6.329999999999998,10.699999999999989,-34.17,5.265409702304033,19444.1,Rancagua,O'Higgins,5.233308407832952,0.9826127965436152,0.9766221624778377,11.5787,22252.808751824712,0.15968677113104035,1.1852502194907812,10.7,0.15409451865098134,73.18919486202606,13.575048058441945
8.74,28.6,5.9,12.6,-5.57,5.900000000000006,-34.17,5.265409702304033,12882.4,Rancagua,O'Higgins,5.240548321878239,0.9947028171171742,0.9900061863619003,7.63876,14680.738371413765,0.1682601381356906,0.8369915130231197,5.9,0.15409451865098134,46.019680798137244,8.65265406880301
6.18,47.0,320.2,17.1,12.829999999999998,-39.80000000000001,-34.17,5.265409702304033,7972.2,Rancagua,O'Higgins,5.133949366744143,0.7682835235935233,0.7491019564359772,5.12322,9846.186087688895,0.14726027397260275,1.3754755633596722,39.80000000000001,0.15409451865098134,32.54023196023892,4.6294500907743386
12.76,40.2,318.7,10.5,6.030000000000001,-41.30000000000001,-34.17,5.265409702304033,18041.0,Rancagua,O'Higgins,5.236276338213247,0.751264133503511,0.7471074101396805,11.4202,21948.191637022166,0.16140085312262922,1.1764705882352942,41.30000000000001,0.15409451865098134,67.18662780139945,9.533090553382323
12.02,26.1,10.6,15.6,-8.07,10.599999999999994,-34.17,5.265409702304033,16967.7,Rancagua,O'Higgins,5.213267917615719,0.9829353491495543,0.9732016330219257,10.144879999999999,19497.186596959196,0.16114409773664898,0.7638279192273925,10.6,0.15409451865098134,63.29022462169447,11.697883628923547
8.5,26.8,339.6,13.9,-7.370000000000001,-20.399999999999977,-34.17,5.265409702304033,12127.2,Rancagua,O'Higgins,5.221909328706317,0.9372819894918917,0.9295386002753856,7.3185,14065.238830803904,0.1628686543110395,0.7843137254901961,20.399999999999977,0.15409451865098134,44.755982469584275,7.901078102340778
11.98,39.0,7.6,18.0,4.829999999999998,7.599999999999994,-34.17,5.265409702304033,16584.0,Rancagua,O'Higgins,5.246711753499524,0.9912155402515417,0.9876956437052677,9.8236,18879.726744317173,0.1580259336336817,1.141352063213345,7.6,0.15409451865098134,63.079608233602315,11.832593811589108
5.48,32.1,19.5,17.8,-2.0700000000000003,19.5,-34.17,5.265409702304033,7528.1,Rancagua,O'Higgins,5.261973724414329,0.9426414910921784,0.9420263641591511,4.50456,8657.199183942887,0.15681973469319735,0.9394205443371378,19.5,0.15409451865098134,28.8544451686261,5.162304475592149
9.66,32.8,328.2,13.8,-1.3700000000000043,-31.80000000000001,-34.17,5.265409702304033,13599.2,Rancagua,O'Higgins,5.26390456073158,0.8498926929868639,0.8496497472529777,8.32692,16003.295555782965,0.16070601359463776,0.9599063505999413,31.80000000000001,0.15409451865098134,50.86385772425696,8.207616558463764
13.25,44.3,324.7,16.2,10.129999999999995,-35.30000000000001,-34.17,5.265409702304033,17664.3,Rancagua,O'Higgins,5.183328405810124,0.8161375900801602,0.8034150033682694,11.1035,21339.533969779484,0.1521866115275265,1.2964588820602867,35.30000000000001,0.15409451865098134,69.76667855552843,10.64524879462957
6.13,28.2,41.9,12.3,-5.970000000000002,41.900000000000006,-34.17,5.265409702304033,8482.1,Rancagua,O'Higgins,5.236852700204499,0.744311546231154,0.7402747651276571,5.37601,10332.01675299448,0.1579569748299776,0.8252853380158033,41.9,0.15409451865098134,32.27696147512372,4.537884310232538
8.29,34.9,8.8,15.8,0.7299999999999969,8.800000000000011,-34.17,5.265409702304033,11803.4,Rancagua,O'Higgins,5.264982339466579,0.9882283814465528,0.9881481726671747,6.980179999999999,13415.030235977423,0.16253559605840784,1.0213637693883522,8.8,0.15409451865098134,43.650246432100424,8.191748351410878
14.36,41.8,349.5,10.8,7.6299999999999955,-10.5,-34.17,5.265409702304033,21456.3,Rancagua,O'Higgins,5.218790581449193,0.9832549075639546,0.9745493211122906,12.80912,24617.52162498147,0.17056750104933796,1.2232952882645594,10.5,0.15409451865098134,75.6112833250859,13.994528251172493
12.38,40.6,336.7,14.3,6.43,-23.299999999999955,-34.17,5.265409702304033,17505.6,Rancagua,O'Higgins,5.232287210509477,0.9184463813430874,0.9126688190165577,10.60966,20390.435446283656,0.16141810697767056,1.1881767632426106,23.30000000000001,0.15409451865098134,65.18577211452393,11.298839979424985
13.53,32.9,347.2,11.8,-1.2700000000000031,-12.799999999999956,-34.17,5.265409702304033,20116.5,Rancagua,O'Higgins,5.26411626146464,0.9751493543055634,0.9749098101730689,11.93346,22934.612964110835,0.1697268373680001,0.9628328943517704,12.800000000000011,0.15409451865098134,71.24099327217355,13.190529731641622
7.01,31.9,330.2,18.8,-2.270000000000003,-29.80000000000001,-34.17,5.265409702304033,9321.6,Rancagua,O'Higgins,5.261277783158794,0.8677654533689283,0.8670844927422968,5.69212,10939.540514257773,0.15179880014851582,0.9335674568334795,29.80000000000001,0.15409451865098134,36.910522013151265,6.0782622941235
14.95,20.3,22.1,14.4,-13.87,22.09999999999999,-34.17,5.265409702304033,20683.9,Rancagua,O'Higgins,5.111881579225021,0.9265286308718373,0.8995130310003829,12.797199999999998,24594.612880448683,0.15793818054092026,0.5940883816213053,22.1,0.15409451865098134,78.71787504944528,13.447719813455723
3.98,25.7,340.6,15.9,-8.470000000000002,-19.399999999999977,-34.17,5.265409702304033,5542.1,Rancagua,O'Higgins,5.20798051375742,0.9432226579476011,0.9329350421822016,3.34718,6432.860027285674,0.15895975310341662,0.752121744220076,19.399999999999977,0.15409451865098134,20.95633061517005,3.7130814678851625
8.74,36.7,27.3,13.6,2.530000000000001,27.30000000000001,-34.17,5.265409702304033,12444.5,Rancagua,O'Higgins,5.260277220911577,0.8886172326549487,0.887751049077701,7.55136,14512.766536500561,0.16254062046121853,1.074041556921276,27.3,0.15409451865098134,46.019680798137244,7.758944168939107
8.23,33.1,350.0,12.9,-1.0700000000000005,-10.0,-34.17,5.265409702304033,12118.4,Rancagua,O'Higgins,5.2644915561015475,0.984807753012208,0.9846360289584825,7.16833,13776.63093093073,0.16808979288381407,0.9686859818554288,10.0,0.15409451865098134,43.334321849962194,8.10355451832831
12.38,34.8,333.9,12.0,0.6299999999999955,-26.100000000000023,-34.17,5.265409702304033,18003.2,Rancagua,O'Higgins,5.265091404507498,0.8980275757606154,0.8979732893489679,10.894400000000001,20937.670003185085,0.1660064472820354,1.018437225636523,26.100000000000023,0.15409451865098134,65.18577211452393,11.116909322140224
13.81,42.5,349.3,19.1,8.329999999999998,-10.700000000000044,-34.17,5.265409702304033,18677.3,Rancagua,O'Higgins,5.209859991679822,0.9826127965436151,0.9722462990458497,11.17229,21471.739719478326,0.15438898422491806,1.243781094527363,10.699999999999989,0.15409451865098134,72.7153079888187,13.426721389823184
11.5,24.7,294.4,18.0,-9.470000000000002,-65.60000000000002,-34.17,5.265409702304033,13272.9,Rancagua,O'Higgins,5.1936520936734265,0.4131044298245413,0.4074745951725582,9.430000000000001,18123.276924845366,0.1317540202501489,0.7228563067017851,65.60000000000002,0.15409451865098134,60.552211576496376,4.685957844484419
10.15,32.3,357.0,11.3,-1.8700000000000043,-3.0,-34.17,5.265409702304033,15256.7,Rancagua,O'Higgins,5.262605550180609,0.9986295347545738,0.9980977035602853,9.00305,17302.732589419837,0.17158940099421915,0.9452736318407959,3.0,0.15409451865098134,53.443908478385936,10.130691691136896
7.56,35.7,355.7,17.5,1.5300000000000011,-4.2999999999999545,-34.17,5.265409702304033,10572.5,Rancagua,O'Higgins,5.263532487531584,0.9971851335251158,0.9968296188036876,6.236999999999999,11986.731514343639,0.15964370273731007,1.0447761194029852,4.300000000000011,0.15409451865098134,39.806497349418485,7.536031918155878
8.63,28.5,20.6,14.2,-5.670000000000002,20.59999999999999,-34.17,5.265409702304033,12311.0,Rancagua,O'Higgins,5.239648354973936,0.9360595357389734,0.9314798057302585,7.404540000000001,14230.59691634088,0.16284650020899802,0.8340649692712906,20.6,0.15409451865098134,45.44048573088381,8.038670723452132
8.62,45.6,312.8,10.2,11.43,-47.19999999999999,-34.17,5.265409702304033,11806.8,Rancagua,O'Higgins,5.160983712444906,0.6794413042615166,0.6659663166043096,7.74076,14876.769574630542,0.1563582620856244,1.334503950834065,47.19999999999999,0.15409451865098134,45.387831633860756,5.740629649129148
2.26,41.4,29.0,15.3,7.229999999999997,29.0,-34.17,5.265409702304033,3126.5,Rancagua,O'Higgins,5.223544119064479,0.8746197071393957,0.8676655542391616,1.9142199999999998,3678.8906845257147,0.1579231826079929,1.2115891132572432,29.0,0.15409451865098134,11.899825927207113,1.960924152580505
8.54,36.5,20.5,11.3,2.3299999999999983,20.5,-34.17,5.265409702304033,12638.1,Rancagua,O'Higgins,5.261056499509024,0.9366721892483976,0.9358977910110755,7.574979999999999,14558.161213167034,0.16893506785152868,1.0681884694176178,20.5,0.15409451865098134,44.96659885767644,7.992567135234584
13.13,48.5,31.3,12.1,14.329999999999998,31.30000000000001,-34.17,5.265409702304033,18267.3,Rancagua,O'Higgins,5.1015831675484815,0.8544588301328073,0.8278734289681674,11.54127,22180.87298774232,0.15882012331897044,1.4193737196371086,31.3,0.15409451865098134,69.13482939125196,10.86997812235204
11.22,22.2,358.7,17.0,-11.970000000000002,-1.2999999999999543,-34.17,5.265409702304033,15465.6,Rancagua,O'Higgins,5.15092036581061,0.9997426093226983,0.9780045348941361,9.3126,17897.648853691935,0.1573511098088052,0.6496927129060579,1.3000000000000114,0.15409451865098134,59.07789685985125,10.973210881512207
12.34,34.1,25.3,12.6,-0.0700000000000002,25.30000000000001,-34.17,5.265409702304033,17868.2,Rancagua,O'Higgins,5.265405772662503,0.9040825496607783,0.9040818749325931,10.78516,20727.724428288995,0.1652956935532811,0.9979514193737197,25.3,0.15409451865098134,64.97515572643177,11.156370336668198
7.08,37.1,323.2,18.9,2.9299999999999997,-36.80000000000001,-34.17,5.265409702304033,9227.2,Rancagua,O'Higgins,5.258526389539238,0.8007313709487334,0.799684598754651,5.74188,11035.1729914349,0.1487758945386064,1.0857477319285924,36.80000000000001,0.15409451865098134,37.279100692312554,5.66176695918293
8.88,26.9,17.8,16.6,-7.270000000000003,17.80000000000001,-34.17,5.265409702304033,12314.4,Rancagua,O'Higgins,5.223080218045129,0.9521293927421387,0.9444750698268901,7.40592,14233.24910320793,0.1583055658398124,0.7872402692420251,17.8,0.15409451865098134,46.756838156459814,8.386938620062786
2.44,36.6,340.7,18.3,2.4299999999999997,-19.299999999999955,-34.17,5.265409702304033,3324.8,Rancagua,O'Higgins,5.260674872674297,0.9438009515832297,0.9429522547176898,1.99348,3831.2184606724004,0.15555056516206306,1.071115013169447,19.30000000000001,0.15409451865098134,12.84759967362184,2.300803501511163
6.98,25.3,318.7,16.2,-8.870000000000001,-41.30000000000001,-34.17,5.265409702304033,9182.1,Rancagua,O'Higgins,5.202439280276245,0.751264133503511,0.7422795677781969,5.84924,11241.505442193267,0.15016976096086665,0.7404155692127597,41.30000000000001,0.15409451865098134,36.752559722082154,5.181111383091815
8.17,39.7,331.9,18.7,5.530000000000001,-28.100000000000023,-34.17,5.265409702304033,10881.7,Rancagua,O'Higgins,5.24090383897852,0.8821268660176675,0.8780213392616143,6.6422099999999995,12765.494297240415,0.15204445487723772,1.1618378694761486,28.100000000000023,0.15409451865098134,43.01839726782395,7.173434341767389
5.32,42.6,0.1,13.6,8.43,0.0999999999999943,-34.17,5.265409702304033,7710.4,Rancagua,O'Higgins,5.208520680825342,0.9999984769132877,0.9891942018334425,4.596480000000001,8833.857891782953,0.1654478662409448,1.2467076382791922,0.1,0.15409451865098134,28.011979616257456,5.262513153753915
2.41,36.3,339.4,15.5,2.1299999999999955,-20.600000000000023,-34.17,5.265409702304033,3392.5,Rancagua,O'Higgins,5.261771673793314,0.9360595357389732,0.935412784304368,2.03645,3913.8014097138216,0.16069364709448833,1.0623353819139594,20.600000000000023,0.15409451865098134,12.68963738255272,2.254344810173527
10.98,19.3,9.4,15.2,-14.87,9.400000000000006,-34.17,5.265409702304033,15224.4,Rancagua,O'Higgins,5.089074191956961,0.9865721616069694,0.9535324333717564,9.31104,17894.650729407444,0.15828280559922148,0.5648229441030144,9.4,0.15409451865098134,57.81419853129828,10.469786118421887
7.66,26.4,314.8,19.0,-7.770000000000003,-45.19999999999999,-34.17,5.265409702304033,9622.6,Rancagua,O'Higgins,5.217066739330922,0.7046342099635948,0.6981647978099781,6.2046,11924.462779204196,0.14340343598364272,0.7726075504828797,45.19999999999999,0.15409451865098134,40.33303831964889,5.347942351224432
7.4,38.7,306.8,11.6,4.530000000000001,-53.19999999999999,-34.17,5.265409702304033,9895.7,Rancagua,O'Higgins,5.24896117314616,0.599023598515586,0.5971523182765334,6.541600000000001,12572.134499636104,0.1526548809083056,1.1325724319578578,53.19999999999999,0.15409451865098134,38.96403179704984,4.418927155246347
5.25,34.3,34.3,15.8,0.1299999999999954,34.30000000000001,-34.17,5.265409702304033,7169.2,Rancagua,O'Higgins,5.265396149054723,0.8260982944957638,0.8260961681054594,4.4205,8495.646409997766,0.15588606218743203,1.0038045068773778,34.3,0.15409451865098134,27.64340093709617,4.337004882553662
8.99,12.6,22.6,17.5,-21.57,22.59999999999999,-34.17,5.265409702304033,11475.4,Rancagua,O'Higgins,4.896668364068048,0.923210217112981,0.8585569820983512,7.4167499999999995,14254.063004490652,0.1457149242435786,0.36874451273046527,22.6,0.15409451865098134,47.33603322371326,7.718427269064177
7.69,44.1,333.8,13.7,9.93,-26.200000000000045,-34.17,5.265409702304033,10809.5,Rancagua,O'Higgins,5.186529490755141,0.897258369674328,0.883816693904453,6.63647,12754.46273737312,0.1604630932658793,1.2906057945566285,26.19999999999999,0.15409451865098134,40.49100061071801,6.796550376125245
8.16,35.3,359.9,18.7,1.1299999999999957,-0.1000000000000227,-34.17,5.265409702304033,11261.7,Rancagua,O'Higgins,5.264385702865189,0.9999984769132877,0.9998040005216869,6.63408,12749.869457219316,0.15754683722804189,1.0330699443956686,0.10000000000002274,0.15409451865098134,42.965743170800906,8.158400644256966
9.55,27.6,25.5,13.7,-6.57,25.5,-34.17,5.265409702304033,13549.5,Rancagua,O'Higgins,5.230830758359522,0.9025852843498606,0.8966578356388861,8.24165,15839.41731364282,0.16196299218245716,0.8077260755048288,25.5,0.15409451865098134,50.284662657003516,8.563082330351364
2.08,42.1,10.5,11.7,7.93,10.5,-34.17,5.265409702304033,3075.9,Rancagua,O'Higgins,5.215058493654707,0.9832549075639546,0.9738523964954309,1.83664,3529.791657608483,0.16881256585879875,1.2320749195200469,10.5,0.15409451865098134,10.95205218079239,2.0256129847104964
13.8,28.7,3.7,15.8,-5.470000000000002,3.6999999999999886,-34.17,5.265409702304033,19610.5,Rancagua,O'Higgins,5.2414323251635135,0.997915618272179,0.9933713566692773,11.6196,22331.413420565557,0.16222040235589968,0.8399180567749487,3.7,0.15409451865098134,72.66265389179566,13.708524722036028
2.92,28.7,27.4,14.2,-5.470000000000002,27.40000000000001,-34.17,5.265409702304033,4117.3,Rancagua,O'Higgins,5.2414323251635135,0.8878153851364012,0.8837724928404312,2.50536,4814.987600894017,0.160962813535998,0.8399180567749487,27.4,0.15409451865098134,15.374996330727775,2.580615679094059
7.86,37.0,341.7,10.2,2.8299999999999983,-18.299999999999955,-34.17,5.265409702304033,11820.5,Rancagua,O'Higgins,5.258988128412676,0.9494254776419041,0.94826757992763,7.058280000000001,13565.128637656157,0.1716758455621783,1.082821188176763,18.30000000000001,0.15409451865098134,41.3861202601097,7.453383178231172
4.7,48.4,0.8,10.7,14.229999999999997,0.8000000000000114,-34.17,5.265409702304033,6897.2,Rancagua,O'Higgins,5.103849948345656,0.9999025240093042,0.9692222892517667,4.1971,8066.299637462193,0.16752161663266296,1.4164471758852795,0.8,0.15409451865098134,24.747425600828954,4.555344759483304
8.81,47.2,359.6,12.0,13.03,-0.3999999999999772,-34.17,5.265409702304033,12825.3,Rancagua,O'Higgins,5.12983670798596,0.9999756307053947,0.9742284052918602,7.752800000000001,14899.908944108289,0.1661833532878267,1.3813286508633305,0.39999999999997726,0.15409451865098134,46.38825947729853,8.582952250621288
5.64,37.0,353.2,17.7,2.8299999999999983,-6.7999999999999545,-34.17,5.265409702304033,7857.9,Rancagua,O'Higgins,5.258988128412676,0.992965508106537,0.9917545099615902,4.641719999999999,8920.803496033215,0.15904619644418538,1.082821188176763,6.800000000000011,0.15409451865098134,29.696910720994744,5.593495436183368
13.18,37.9,350.3,18.9,3.729999999999997,-9.700000000000044,-34.17,5.265409702304033,18031.4,Rancagua,O'Higgins,5.254255945146322,0.9857034690888534,0.9836154459823288,10.68898,20542.878534902822,0.156174430609544,1.109160081943225,9.699999999999989,0.15409451865098134,69.39809987636716,12.964051578047092
7.15,40.5,1.8,15.5,6.329999999999998,1.8000000000000114,-34.17,5.265409702304033,10198.0,Rancagua,O'Higgins,5.233308407832952,0.9995065603657316,0.9934129311451912,6.04175,11611.485510146818,0.16281891624357378,1.1852502194907812,1.8,0.15409451865098134,37.647679371473835,7.102902457688118
10.3,24.1,0.9,11.1,-10.07,0.9000000000000057,-34.17,5.265409702304033,15312.9,Rancagua,O'Higgins,5.184295364591397,0.9998766324816606,0.984473399794449,9.1567,17598.02861269688,0.16971339273839606,0.7052970441908106,0.9,0.15409451865098134,54.23371993373154,10.140076017882826
5.24,39.3,333.8,15.3,5.1299999999999955,-26.200000000000045,-34.17,5.265409702304033,7295.7,Rancagua,O'Higgins,5.244318492599808,0.897258369674328,0.8936642971322823,4.43828,8529.817339342808,0.15893940186134056,1.1501316944688322,26.19999999999999,0.15409451865098134,27.590746840073134,4.68280091697316
2.25,28.3,20.0,18.6,-5.870000000000001,20.0,-34.17,5.265409702304033,3049.3,Rancagua,O'Higgins,5.237800541322685,0.9396926207859084,0.9347653451687975,1.8315,3519.9132224659897,0.15470826991374936,0.8282118817676324,20.0,0.15409451865098134,11.847171830184074,2.1032220266297945
7.25,36.7,335.6,17.5,2.530000000000001,-24.399999999999977,-34.17,5.265409702304033,9917.0,Rancagua,O'Higgins,5.260277220911577,0.9106836608061772,0.909795967880505,5.981249999999999,11495.212100395687,0.15614863800976225,1.074041556921276,24.399999999999977,0.15409451865098134,38.174220341704235,6.596020767133661
8.97,32.4,354.5,12.9,-1.7700000000000031,-5.5,-34.17,5.265409702304033,13241.3,Rancagua,O'Higgins,5.262897417318949,0.9953961983671789,0.9949212649688769,7.81287,15015.355947806638,0.16851325829884492,0.948200175592625,5.5,0.15409451865098134,47.23072502966718,8.924443746770827
7.97,38.2,352.6,11.2,4.030000000000001,-7.399999999999977,-34.17,5.265409702304033,11956.8,Rancagua,O'Higgins,5.252390392951336,0.9916711623830905,0.989219145470985,7.07736,13601.79800390494,0.17125865832488268,1.1179397131987123,7.399999999999977,0.15409451865098134,41.965315327363136,7.88407658940375
14.51,35.1,9.0,19.0,0.9299999999999996,9.0,-34.17,5.265409702304033,19874.4,Rancagua,O'Higgins,5.264716095617975,0.9876883405951378,0.9875582334856229,11.7531,22587.98367183458,0.15635886445814415,1.0272168568920106,9.0,0.15409451865098134,76.4010947804315,14.329469967876388
11.19,9.6,307.0,18.5,-24.57,-53.0,-34.17,5.265409702304033,12588.4,Rancagua,O'Higgins,4.788647644304979,0.6018150231520483,0.5473230490807491,9.11985,17527.20753584846,0.12842108699466664,0.2809482001755926,53.0,0.15409451865098134,58.919934568782125,6.124544919213583
14.94,35.6,22.3,10.5,1.4299999999999995,22.30000000000001,-34.17,5.265409702304033,22253.0,Rancagua,O'Higgins,5.263769843560674,0.925209718385782,0.9249215711509198,13.3713,25697.96105463254,0.17003325325655744,1.0418495756511559,22.3,0.15409451865098134,78.66522095242225,13.81832827299474
5.84,39.3,343.1,18.2,5.1299999999999955,-16.899999999999977,-34.17,5.265409702304033,7976.9,Rancagua,O'Higgins,5.244318492599808,0.9568135840576075,0.9529809561919393,4.77712,9181.025308930784,0.15592551760805654,1.1501316944688322,16.899999999999977,0.15409451865098134,30.74999266145555,5.565408784160925
12.26,37.7,30.5,11.0,3.530000000000001,30.5,-34.17,5.265409702304033,17832.1,Rancagua,O'Higgins,5.2554196228926315,0.8616291604415258,0.8599943885581104,10.9114,20970.34187038788,0.1660381610017356,1.1033069944395668,30.5,0.15409451865098134,64.55392295024744,10.543531203722432
9.22,33.3,348.0,10.6,-0.8700000000000045,-12.0,-34.17,5.265409702304033,13908.5,Rancagua,O'Higgins,5.264802704570217,0.9781476007338057,0.9780348396362746,8.24268,15841.396844420402,0.17220480591131052,0.9745390693590867,12.0,0.15409451865098134,48.54707745524318,9.017481221446452
9.95,47.3,358.8,17.6,13.129999999999995,-1.2000000000000457,-34.17,5.265409702304033,13554.6,Rancagua,O'Higgins,5.127756935904617,0.9997806834748455,0.9736435764586925,8.198799999999999,15757.064989546358,0.15551042885661184,1.3842551946151593,1.1999999999999886,0.15409451865098134,52.39082653792512,9.68775358576399
14.82,36.7,47.8,15.4,2.530000000000001,47.80000000000001,-34.17,5.265409702304033,19433.6,Rancagua,O'Higgins,5.260277220911577,0.6717205893229901,0.6710658267080085,12.53772,24095.92487446153,0.14969281299490383,1.074041556921276,47.8,0.15409451865098134,78.03337178814577,9.945195551812686
10.5,37.7,353.1,14.1,3.530000000000001,-6.899999999999977,-34.17,5.265409702304033,15244.0,Rancagua,O'Higgins,5.2554196228926315,0.9927573419294455,0.9908737801094059,9.0195,17334.347425624896,0.16573168080017395,1.1033069944395668,6.899999999999977,0.15409451865098134,55.28680187419234,10.40417469114876
13.68,42.5,31.0,19.0,8.329999999999998,31.0,-34.17,5.265409702304033,17926.4,Rancagua,O'Higgins,5.209859991679822,0.8571673007021123,0.8481242445673347,11.0808,21295.90741769104,0.14959010921519936,1.243781094527363,31.0,0.15409451865098134,72.03080472751917,11.60233966568114
11.43,37.1,1.0,18.4,2.9299999999999997,1.0,-34.17,5.265409702304033,15814.6,Rancagua,O'Higgins,5.258526389539238,0.9998476951563913,0.9985406241415927,9.326880000000001,17925.093222142288,0.15794572482092706,1.0857477319285924,1.0,0.15409451865098134,60.183632897335094,11.413319333938405
3.66,27.0,10.4,10.6,-7.170000000000002,10.400000000000006,-34.17,5.265409702304033,5481.9,Rancagua,O'Higgins,5.224235196975786,0.9835714708133859,0.9758801284382624,3.27204,6288.450374249314,0.17098023804176957,0.7901668129938543,10.4,0.15409451865098134,19.27139951043276,3.5717212700840406
11.09,14.7,1.7,16.2,-19.47,1.6999999999999886,-34.17,5.265409702304033,14874.2,Rancagua,O'Higgins,4.9643132654284505,0.999559860119384,0.942401171747213,9.29342,17860.787299989013,0.15310802854190086,0.43020193151887615,1.7,0.15409451865098134,58.393393598551725,10.451228994676592
8.3,30.4,21.2,17.7,-3.770000000000003,21.19999999999999,-34.17,5.265409702304033,11360.4,Rancagua,O'Higgins,5.254015526555533,0.9323238012155123,0.9303062827608876,6.830900000000001,13128.132804446048,0.15624690542993894,0.8896693005560432,21.2,0.15409451865098134,43.702900529123475,7.721542146915367
13.94,40.3,342.9,15.5,6.1299999999999955,-17.100000000000023,-34.17,5.265409702304033,19659.7,Rancagua,O'Higgins,5.235302974722736,0.95579301479833,0.9503279510050894,11.7793,22638.336784817708,0.16099411699193544,1.179397131987123,17.100000000000023,0.15409451865098134,73.39981125011822,13.247571637010946
12.49,31.3,335.4,19.8,-2.870000000000001,-24.600000000000023,-34.17,5.265409702304033,16580.5,Rancagua,O'Higgins,5.258805355160413,0.9092361090470684,0.9080956639081016,10.01698,19251.37884312169,0.15154132438370788,0.9160081943225051,24.600000000000023,0.15409451865098134,65.76496718177737,11.342114842212188
3.35,40.6,344.0,16.9,6.43,-16.0,-34.17,5.265409702304033,4656.6,Rancagua,O'Higgins,5.232287210509477,0.9612616959383189,0.955214800362044,2.78385,5350.210441912065,0.15867920670619506,1.1881767632426106,16.0,0.15409451865098134,17.63912250271851,3.1999695812128475
3.74,35.4,2.5,11.0,1.2299999999999969,2.5,-34.17,5.265409702304033,5644.8,Rancagua,O'Higgins,5.264196451877238,0.9990482215818578,0.9988180218918522,3.3286000000000002,6397.15159830756,0.1722950699582448,1.0359964881474977,2.5,0.15409451865098134,19.692632286617084,3.7355794018755275
2.9,44.5,354.5,12.0,10.329999999999998,-5.5,-34.17,5.265409702304033,4264.0,Rancagua,O'Higgins,5.18006416364424,0.9953961983671789,0.9792621025355889,2.552,4904.62382950216,0.1678475830577862,1.302311969563945,5.5,0.15409451865098134,15.269688136681694,2.8398600973532075
8.41,31.8,17.8,18.3,-2.370000000000001,17.80000000000001,-34.17,5.265409702304033,11518.7,Rancagua,O'Higgins,5.260905771841986,0.9521293927421387,0.9513149595226488,6.87097,13205.142317317577,0.15635197280906074,0.9306409130816505,17.8,0.15409451865098134,44.28209559637692,8.000558809585476
3.05,37.9,32.6,20.0,3.729999999999997,32.599999999999994,-34.17,5.265409702304033,3967.2,Rancagua,O'Higgins,5.254255945146322,0.8424523970071476,0.8406678237290155,2.44,4689.373880871972,0.14848416797664496,1.109160081943225,32.6,0.15409451865098134,16.059499592027297,2.5640368623734973
11.41,38.2,335.6,11.0,4.030000000000001,-24.399999999999977,-34.17,5.265409702304033,16801.6,Rancagua,O'Higgins,5.252390392951336,0.9106836608061772,0.908431894472155,10.1549,19516.443779863435,0.16809735912181492,1.1179397131987123,24.399999999999977,0.15409451865098134,60.07832470328901,10.36520791592729
9.18,46.2,341.7,11.0,12.03,-18.299999999999955,-34.17,5.265409702304033,13388.1,Rancagua,O'Higgins,5.149773956570694,0.9494254776419041,0.9285747690869152,8.1702,15702.099377664008,0.16648386904228968,1.3520632133450394,18.30000000000001,0.15409451865098134,48.33646106715102,8.524316380217881
12.87,20.5,324.1,17.6,-13.670000000000002,-35.89999999999998,-34.17,5.265409702304033,16624.9,Rancagua,O'Higgins,5.116256415220946,0.8100416404457962,0.7870955868283925,10.60488,20381.248885976045,0.14746073307717145,0.5999414691249634,35.89999999999998,0.15409451865098134,67.76582286865289,10.129920202481411
5.64,30.5,50.8,10.6,-3.6700000000000017,50.80000000000001,-34.17,5.265409702304033,7707.4,Rancagua,O'Higgins,5.254611771382756,0.6320293026648507,0.6307331815391932,5.04216,9690.398937367796,0.1560000323844684,0.8925958443078723,50.8,0.15409451865098134,29.696910720994744,3.5573351438810494
8.75,41.0,7.6,10.7,6.829999999999998,7.599999999999994,-34.17,5.265409702304033,13138.1,Rancagua,O'Higgins,5.228043068508723,0.9912155402515417,0.9841812560839504,7.81375,15017.047197403017,0.1714037834311807,1.1998829382499268,7.6,0.15409451865098134,46.07233489516029,8.611585990734566
3.53,46.5,12.0,18.9,12.329999999999998,12.0,-34.17,5.265409702304033,4716.5,Rancagua,O'Higgins,5.143957225352973,0.9781476007338057,0.9555855484625697,2.86283,5502.0000931871755,0.15252499773629813,1.3608428446005267,12.0,0.15409451865098134,18.586896249133236,3.3732169860728707
13.5,36.1,326.5,18.0,1.9299999999999995,-33.5,-34.17,5.265409702304033,17977.1,Rancagua,O'Higgins,5.262422735050271,0.8338858220671682,0.8334127744251585,11.07,21275.15117264456,0.1520133603923558,1.0564822944103014,33.5,0.15409451865098134,71.08303098110444,11.25107245473964
4.28,31.8,360.0,18.8,-2.370000000000001,0.0,-34.17,5.265409702304033,5884.8,Rancagua,O'Higgins,5.260905771841986,1.0,0.9991446191812813,3.4753600000000002,6679.2059059947605,0.15695813596210473,0.9306409130816505,0.0,0.15409451865098134,22.53595352586126,4.2763389700958845
3.33,40.2,12.7,16.5,6.030000000000001,12.699999999999989,-34.17,5.265409702304033,4664.0,Rancagua,O'Higgins,5.236276338213247,0.9755345439458566,0.970136938695979,2.78055,5343.868255925639,0.15988591331057084,1.1764705882352942,12.7,0.15409451865098134,17.53381430867243,3.23055600585761
4.67,41.1,353.7,13.2,6.93,-6.2999999999999545,-34.17,5.265409702304033,6809.6,Rancagua,O'Higgins,5.226942210992317,0.9939609554551798,0.9866993772343197,4.05356,7790.4337657981105,0.16645644500503556,1.2028094820017559,6.300000000000011,0.15409451865098134,24.589463309759832,4.607886091684272
12.48,31.3,26.9,19.1,-2.870000000000001,26.90000000000001,-34.17,5.265409702304033,16651.6,Rancagua,O'Higgins,5.258805355160413,0.891797529605214,0.8906789574901594,10.09632,19403.860369231683,0.1523131073644772,0.9160081943225051,26.9,0.15409451865098134,65.71231308475433,11.11567338947719
3.38,36.8,57.8,13.0,2.6299999999999955,57.80000000000001,-34.17,5.265409702304033,4359.1,Rancagua,O'Higgins,5.259863545432181,0.5328762760707297,0.532314987284582,2.9406,5651.464276267262,0.14722312285536734,1.0769681006731049,57.8,0.15409451865098134,17.79708479378763,1.7992246570218873
9.99,43.6,336.3,12.8,9.43,-23.700000000000045,-34.17,5.265409702304033,14276.2,Rancagua,O'Higgins,5.19425563620637,0.9156625933395608,0.9032887952168561,8.71128,16741.987254492782,0.16313345308779098,1.2759730757974832,23.69999999999999,0.15409451865098134,52.601442926017285,9.023855064216393
11.7,49.3,334.4,18.9,15.129999999999995,-25.600000000000023,-34.17,5.265409702304033,15166.8,Rancagua,O'Higgins,5.082890060072962,0.9018325264051136,0.870571492719591,9.4887,18236.09096042208,0.14798033017211099,1.4427860696517412,25.600000000000023,0.15409451865098134,61.60529351695718,10.185686464819215
11.76,40.1,338.1,16.8,5.93,-21.899999999999977,-34.17,5.265409702304033,16216.8,Rancagua,O'Higgins,5.237233751097933,0.9278362538989201,0.9228712710210129,9.78432,18804.235512333296,0.15741776162519802,1.173544044483465,21.899999999999977,0.15409451865098134,61.92121809909543,10.85296614720711
4.47,34.5,40.2,19.0,0.3299999999999983,40.19999999999999,-34.17,5.265409702304033,5774.9,Rancagua,O'Higgins,5.265322368256524,0.7637960286346424,0.7637833600290783,3.6207000000000003,6958.531151833257,0.1474799015251346,1.009657594381036,40.2,0.15409451865098134,23.536381369299026,3.41411161932998
2.8,33.7,26.1,11.6,-0.4699999999999988,26.09999999999999,-34.17,5.265409702304033,4095.6,Rancagua,O'Higgins,5.265232548619502,0.8980275757606156,0.8979973617976288,2.4752,4757.023864727174,0.1669765166340509,0.9862452443664033,26.1,0.15409451865098134,14.74314716645129,2.5143926130333605
7.83,38.6,356.6,19.5,4.43,-3.3999999999999773,-34.17,5.265409702304033,10662.4,Rancagua,O'Higgins,5.249679004199666,0.9982398279237653,0.9952575320993867,6.30315,12113.863515253346,0.15544941887250183,1.1296458882060287,3.3999999999999773,0.15409451865098134,41.22815796904057,7.792866476338198
4.63,33.2,0.9,16.1,-0.9699999999999988,0.9000000000000057,-34.17,5.265409702304033,6592.1,Rancagua,O'Higgins,5.264655148862184,0.9998766324816606,0.9997333463183573,3.8845699999999996,7465.6561870568985,0.16253192895253313,0.9716125256072579,0.9,0.15409451865098134,24.37884692166767,4.628765393453994
11.09,35.7,339.6,16.7,1.5300000000000011,-20.399999999999977,-34.17,5.265409702304033,15427.6,Rancagua,O'Higgins,5.263532487531584,0.9372819894918917,0.9369478313359071,9.237969999999999,17754.219356671656,0.15880446821563712,1.0447761194029852,20.399999999999977,0.15409451865098134,58.393393598551725,10.390751449515209
6.64,25.7,22.3,19.1,-8.470000000000002,22.30000000000001,-34.17,5.265409702304033,8838.7,Rancagua,O'Higgins,5.20798051375742,0.925209718385782,0.9151185675795901,5.371759999999999,10323.848786193777,0.15195542443747595,0.752121744220076,22.3,0.15409451865098134,34.96232042329878,6.076387288728478
7.84,44.5,350.5,13.8,10.329999999999998,-9.5,-34.17,5.265409702304033,11243.4,Rancagua,O'Higgins,5.18006416364424,0.9862856015372314,0.9702991767963876,6.75808,12988.181900345595,0.16371086105675148,1.302311969563945,9.5,0.15409451865098134,41.28081206606362,7.607145546083678
3.48,25.0,353.5,17.2,-9.170000000000002,-6.5,-34.17,5.265409702304033,4813.9,Rancagua,O'Higgins,5.198116941475716,0.9935718556765875,0.980873851716794,2.8814400000000004,5537.766178401531,0.15791148375583897,0.7316359379572724,6.5,0.15409451865098134,18.323625764018033,3.413441003974443
9.38,30.7,15.2,16.4,-3.4700000000000024,15.199999999999989,-34.17,5.265409702304033,13162.9,Rancagua,O'Higgins,5.255756239893489,0.9650164944723115,0.9632472588417267,7.841680000000001,15070.725153342675,0.16019340674319205,0.8984489318115305,15.2,0.15409451865098134,49.389543007611834,9.035259287935396
4.41,35.0,355.3,17.9,0.8299999999999983,-4.7000000000000455,-34.17,5.265409702304033,6142.6,Rancagua,O'Higgins,5.2648572363763755,0.9966373868180365,0.9965328160002699,3.62061,6958.3581831245365,0.15900454550161008,1.0242903131401815,4.699999999999989,0.15409451865098134,23.220456787160785,4.394709718561191
10.83,50.1,354.1,19.0,15.93,-5.899999999999977,-34.17,5.265409702304033,14297.3,Rancagua,O'Higgins,5.063206033109036,0.9947028171171742,0.9565039739594079,8.772300000000001,16859.26003900541,0.1507028506136767,1.466198419666374,5.899999999999977,0.15409451865098134,57.024387075952674,10.358938037980387
2.93,30.8,0.3,16.8,-3.370000000000001,0.3000000000000113,-34.17,5.265409702304033,4122.8,Rancagua,O'Higgins,5.2563044600907505,0.9999862922474267,0.9982570597820232,2.43776,4685.068881899368,0.16062773699876884,0.9013754755633596,0.3,0.15409451865098134,15.427650427750816,2.924893185161328
14.69,28.8,19.9,10.7,-5.370000000000001,19.90000000000001,-34.17,5.265409702304033,21833.0,Rancagua,O'Higgins,5.242300362136932,0.9402881270104189,0.936161299391922,13.11817,25211.476951982895,0.16966314487226114,0.8428446005267779,19.9,0.15409451865098134,77.34886852684623,13.752209488067335
10.9,29.8,41.2,11.8,-4.370000000000001,41.19999999999999,-34.17,5.265409702304033,15221.0,Rancagua,O'Higgins,5.250102027082006,0.7524149088957245,0.7502274773929971,9.613800000000001,18476.51746554384,0.1594089062041808,0.8721100380450687,41.2,0.15409451865098134,57.392965755113956,8.177479503583669
4.36,47.4,14.6,19.5,13.229999999999997,14.599999999999994,-34.17,5.265409702304033,5750.2,Rancagua,O'Higgins,5.125661543786368,0.9677091704819712,0.9420253999491035,3.5098,6745.395265198543,0.15055401952159522,1.3871817383669884,14.6,0.15409451865098134,22.957186302045585,4.107230743778092
2.18,11.7,20.1,19.7,-22.47,20.09999999999999,-34.17,5.265409702304033,2707.0,Rancagua,O'Higgins,4.865658631076466,0.9390942520947092,0.867798008405592,1.7505400000000002,3364.318259599025,0.1417514976331113,0.34240561896400346,20.1,0.15409451865098134,11.478593151022793,1.8917996583241905
6.35,26.1,355.0,19.7,-8.07,-5.0,-34.17,5.265409702304033,8560.3,Rancagua,O'Higgins,5.213267917615719,0.9961946980917455,0.986329678579055,5.09905,9799.734380024684,0.15389026714126486,0.7638279192273925,5.0,0.15409451865098134,33.43535160963061,6.263193458976999
3.99,56.0,342.3,10.4,21.83,-17.700000000000045,-34.17,5.265409702304033,5561.1,Rancagua,O'Higgins,4.887833764165414,0.9526614812535861,0.8843473190421535,3.5750400000000004,6870.77836027563,0.15910495416623752,1.6388645010242902,17.69999999999999,0.15409451865098134,21.00898471219309,3.5285458029781926
4.84,38.9,16.3,13.8,4.729999999999997,16.30000000000001,-34.17,5.265409702304033,6981.2,Rancagua,O'Higgins,5.247477545536396,0.9598052919751868,0.9565365284913927,4.17208,8018.214336437843,0.16465715687384427,1.1384255194615158,16.3,0.15409451865098134,25.484582959151517,4.629636797898341
13.35,25.3,4.3,17.6,-8.870000000000001,4.300000000000011,-34.17,5.265409702304033,18427.4,Rancagua,O'Higgins,5.202439280276245,0.9971851335251157,0.9852595337621123,11.000399999999999,21141.388704567227,0.15757187077796592,0.7404155692127597,4.3,0.15409451865098134,70.29321952575883,13.153214775724198
9.84,33.8,324.4,17.5,-0.3700000000000045,-35.60000000000002,-34.17,5.265409702304033,13115.3,Rancagua,O'Higgins,5.265299913299388,0.8131007610470274,0.8130838070912522,8.118,15601.777526606013,0.15215247614804916,0.9891717881182323,35.60000000000002,0.15409451865098134,51.81163147067168,8.00074466177792
4.29,34.7,351.8,10.9,0.5300000000000011,-8.200000000000045,-34.17,5.265409702304033,6478.6,Rancagua,O'Higgins,5.265184431166903,0.9897762309077889,0.9897338851019263,3.82239,7346.154028076317,0.17239305595469978,1.0155106818846942,8.199999999999989,0.15409451865098134,22.5886076228843,4.245958367087264
9.24,40.9,357.9,16.1,6.729999999999997,-2.1000000000000227,-34.17,5.265409702304033,13057.7,Rancagua,O'Higgins,5.229128000499271,0.9993283937786562,0.9924424462763672,7.7523599999999995,14899.063319310097,0.1613208899167803,1.1969563944980977,2.1000000000000227,0.15409451865098134,48.652385649289265,9.170168203593633
5.33,48.9,347.2,11.4,14.729999999999997,-12.799999999999956,-34.17,5.265409702304033,7693.4,Rancagua,O'Higgins,5.092360711049126,0.9751493543055634,0.9431008297602443,4.72238,9075.82189653778,0.16477336006236773,1.4310798946444248,12.800000000000011,0.15409451865098134,28.064633713280493,5.026727422622103
14.69,37.3,37.0,14.9,3.1299999999999955,37.0,-34.17,5.265409702304033,20079.2,Rancagua,O'Higgins,5.257554858097674,0.7986355100472928,0.7974441198490443,12.50119,24025.718797466343,0.1560344532826046,1.0916008194322504,37.0,0.15409451865098134,77.34886852684623,11.71445412058246
2.43,29.9,12.0,12.4,-4.270000000000003,12.0,-34.17,5.265409702304033,3576.4,Rancagua,O'Higgins,5.250794270813917,0.9781476007338057,0.9754325130095798,2.12868,4091.0558986617007,0.16801022229738616,0.8750365817968978,12.0,0.15409451865098134,12.794945576598801,2.3703010066132792
11.52,40.5,34.3,10.5,6.329999999999998,34.30000000000001,-34.17,5.265409702304033,16610.8,Rancagua,O'Higgins,5.233308407832952,0.8260982944957638,0.821061872619217,10.3104,19815.295271041956,0.164601566463724,1.1852502194907812,34.3,0.15409451865098134,60.65751977054246,9.45863277257338
12.05,28.6,6.6,10.8,-5.57,6.599999999999994,-34.17,5.265409702304033,18122.0,Rancagua,O'Higgins,5.240548321878239,0.9933727656003964,0.9886824148724356,10.748600000000001,20657.460695057573,0.17167812955910494,0.8369915130231197,6.6,0.15409451865098134,63.448186912763596,11.913623099212849
2.87,25.9,2.0,19.1,-8.270000000000003,2.0,-34.17,5.265409702304033,3902.4,Rancagua,O'Higgins,5.210655960785819,0.9993908270190958,0.9889983998174038,2.32183,4462.265966321709,0.15521932127344756,0.7579748317237341,2.0,0.15409451865098134,15.111725845612574,2.838425407475949
4.23,20.1,336.6,17.4,-14.07,-23.399999999999977,-34.17,5.265409702304033,5634.0,Rancagua,O'Higgins,5.107444456565264,0.9177546256839813,0.8902214719180693,3.4939800000000005,6714.991209954531,0.15204507918002524,0.5882352941176471,23.399999999999977,0.15409451865098134,22.27268304074606,3.7656368262134334
7.0,21.6,0.3,19.3,-12.57,0.3000000000000113,-34.17,5.265409702304033,9350.8,Rancagua,O'Higgins,5.139202295180596,0.9999862922474267,0.976017468501707,5.648999999999999,10856.66928403515,0.15249184605348987,0.6321334503950834,0.3,0.15409451865098134,36.85786791612823,6.832122279511949
13.29,27.0,0.3,14.7,-7.170000000000002,0.3000000000000113,-34.17,5.265409702304033,19081.4,Rancagua,O'Higgins,5.224235196975786,0.9999862922474267,0.9921665890816316,11.336369999999999,21787.08089422155,0.16390082837715728,0.7901668129938543,0.3,0.15409451865098134,69.97729494362059,13.185893968894883
8.98,24.7,325.8,14.1,-9.470000000000002,-34.19999999999999,-34.17,5.265409702304033,12340.1,Rancagua,O'Higgins,5.1936520936734265,0.8270805742745619,0.8158090251434845,7.71382,14824.994274486817,0.15686940029085436,0.7228563067017851,34.19999999999999,0.15409451865098134,47.283379126690214,7.325965045788491
10.52,36.7,346.5,13.6,2.530000000000001,-13.5,-34.17,5.265409702304033,15304.3,Rancagua,O'Higgins,5.260277220911577,0.9723699203976766,0.9714220985176734,9.089279999999999,17468.455831119667,0.1660709325138462,1.074041556921276,13.5,0.15409451865098134,55.39211006823842,10.219360476405923
12.18,24.6,351.9,16.2,-9.57,-8.100000000000023,-34.17,5.265409702304033,17042.4,Rancagua,O'Higgins,5.192132163449726,0.9900236577165575,0.9762457180790658,10.20684,19616.265943540686,0.159727377015993,0.7199297629499561,8.100000000000023,0.15409451865098134,64.13269017406311,11.890672846203021
12.77,9.0,10.3,13.5,-25.17,10.300000000000011,-34.17,5.265409702304033,16890.1,Rancagua,O'Higgins,4.765458345188584,0.9838850379335415,0.8904650216819636,11.04605,21229.12227737944,0.15098618694643196,0.2633889376646181,10.3,0.15409451865098134,67.23928189842249,11.371238326878675
8.19,25.8,11.5,17.5,-8.370000000000001,11.5,-34.17,5.265409702304033,11294.5,Rancagua,O'Higgins,5.209326171527091,0.9799247046208296,0.9694872191376698,6.756749999999999,12985.625807205612,0.1574269211255513,0.7550482879719052,11.5,0.15409451865098134,43.123705461870024,7.940100324737515
8.61,30.4,345.5,18.0,-3.770000000000003,-14.5,-34.17,5.265409702304033,11863.1,Rancagua,O'Higgins,5.254015526555533,0.9681476403781077,0.966052600297915,7.0602,13568.818636775532,0.15728631356763667,0.8896693005560432,14.5,0.15409451865098134,45.33517753683772,8.317712888565048
11.33,29.3,11.7,18.8,-4.870000000000001,11.699999999999989,-34.17,5.265409702304033,15488.6,Rancagua,O'Higgins,5.246400961482212,0.9792228106217659,0.9756877024979328,9.19996,17681.16890535529,0.15605516529841573,0.8574773192859233,11.7,0.15409451865098134,59.65709192710469,11.054541669301578
5.42,46.3,355.4,12.4,12.129999999999995,-4.600000000000023,-34.17,5.265409702304033,7872.8,Rancagua,O'Higgins,5.147850725442106,0.9967788784562471,0.974524142028497,4.74792,9124.906572323627,0.16581576774671858,1.3549897570968685,4.600000000000023,0.15409451865098134,28.538520586487856,5.281920849794454
13.11,29.3,288.3,15.3,-4.870000000000001,-71.69999999999999,-34.17,5.265409702304033,15217.3,Rancagua,O'Higgins,5.246400961482212,0.3139924559674051,0.31285890671806943,11.10417,21340.82162572218,0.13250455401955355,0.8574773192859233,71.69999999999999,0.15409451865098134,69.02952119720587,4.10158026707389
2.27,41.2,347.9,12.2,7.030000000000001,-12.100000000000025,-34.17,5.265409702304033,3336.9,Rancagua,O'Higgins,5.225825431303456,0.9777832367586061,0.9704324627805171,1.99306,3830.4112733650377,0.1678082191780822,1.205736025753585,12.100000000000023,0.15409451865098134,11.952480024230155,2.2028816905117736
4.55,34.0,27.0,10.4,-0.1700000000000017,27.0,-34.17,5.265409702304033,6721.9,Rancagua,O'Higgins,5.265386525452806,0.8910065241883679,0.8910026022284786,4.0767999999999995,7835.098130138874,0.16864619398865974,0.9950248756218905,27.0,0.15409451865098134,23.957614145483348,4.054061840139577
12.4,33.8,318.0,17.1,-0.3700000000000045,-42.0,-34.17,5.265409702304033,16290.6,Rancagua,O'Higgins,5.265299913299388,0.7431448254773942,0.7431293301721267,10.2796,19756.101535168655,0.14997238179407865,0.9891717881182323,42.0,0.15409451865098134,65.29108030857,9.214803694134371
6.42,27.5,2.8,15.5,-6.670000000000002,2.8000000000000114,-34.17,5.265409702304033,9146.5,Rancagua,O'Higgins,5.229771314064335,0.998806137341434,0.9920458199281107,5.4249,10425.977199320638,0.16263567049317915,0.8047995317529997,2.8,0.15409451865098134,33.80393028879189,6.36893416393847
3.95,33.7,39.6,17.2,-0.4699999999999988,39.599999999999994,-34.17,5.265409702304033,5216.0,Rancagua,O'Higgins,5.265232548619502,0.7705132427757894,0.7704873190077153,3.2706000000000004,6285.682874909784,0.15074273163400959,0.9862452443664033,39.6,0.15409451865098134,20.79836832410093,3.0434249100804753
4.43,28.0,341.0,10.9,-6.170000000000002,-19.0,-34.17,5.265409702304033,6567.1,Rancagua,O'Higgins,5.234909163819435,0.9455185755993168,0.9400415420286244,3.94713,7585.888658363191,0.16922549656245817,0.8194322505121451,19.0,0.15409451865098134,23.325764981206863,4.164384031186806
8.9,35.5,0.1,20.0,1.3299999999999983,0.0999999999999943,-34.17,5.265409702304033,12085.6,Rancagua,O'Higgins,5.2639911652339535,0.9999984769132877,0.9997290705442251,7.120000000000001,13683.746734347722,0.15501513519060078,1.0389230318993268,0.1,0.15409451865098134,46.862146350505895,8.897588727843603
13.0,32.3,327.4,19.9,-1.8700000000000043,-32.60000000000002,-34.17,5.265409702304033,16942.4,Rancagua,O'Higgins,5.262605550180609,0.8424523970071474,0.8420037396734328,10.413,20012.47959898354,0.14877414822620302,0.9452736318407959,32.60000000000002,0.15409451865098134,68.45032612995243,10.946048615754627
2.92,26.6,40.7,14.6,-7.57,40.69999999999999,-34.17,5.265409702304033,3929.0,Rancagua,O'Higgins,5.219519833119613,0.7581343361976524,0.7515269328844584,2.49368,4792.540106251155,0.15360136360793145,0.7784606379865379,40.7,0.15409451865098134,15.374996330727775,2.1944586440226184
2.4,42.1,357.9,18.7,7.93,-2.1000000000000227,-34.17,5.265409702304033,3275.4,Rancagua,O'Higgins,5.215058493654707,0.9993283937786562,0.9897721777747379,1.9511999999999998,3749.961605064504,0.1557933789954338,1.2320749195200469,2.1000000000000227,0.15409451865098134,12.636983285529679,2.375453226659371
8.05,37.6,1.2,12.4,3.4299999999999997,1.1999999999999886,-34.17,5.265409702304033,11935.9,Rancagua,O'Higgins,5.255977449260402,0.9997806834748455,0.9979897146940986,7.051800000000001,13552.674890628266,0.1692603306957089,1.1003804506877377,1.2,0.15409451865098134,42.38654810354747,8.033817203287494
14.43,30.6,33.9,17.4,-3.5700000000000003,33.900000000000006,-34.17,5.265409702304033,19318.6,Rancagua,O'Higgins,5.255192009751243,0.8300122850953674,0.828401620242368,11.91918,22907.16859566049,0.152828803513735,0.8955223880597015,33.9,0.15409451865098134,75.9798620042472,11.95383538009737
5.63,35.3,16.5,18.8,1.1299999999999957,16.5,-34.17,5.265409702304033,7672.5,Rancagua,O'Higgins,5.264385702865189,0.958819734868193,0.9586332667819533,4.57156,8785.964778212734,0.15556947857612108,1.0330699443956686,16.5,0.15409451865098134,29.644256623971703,5.397105291982397
14.47,33.5,338.1,18.1,-0.6700000000000017,-21.899999999999977,-34.17,5.265409702304033,19731.3,Rancagua,O'Higgins,5.265049703079401,0.9278362538989201,0.9277728171768276,11.85093,22776.000658213965,0.15566216356940668,0.9803921568627451,21.899999999999977,0.15409451865098134,76.19047839233936,13.424872664548696
13.54,27.2,343.8,18.1,-6.970000000000002,-16.200000000000045,-34.17,5.265409702304033,18490.2,Rancagua,O'Higgins,5.226497409588047,0.9602936856769428,0.953196948461219,11.08926,21312.166476310787,0.15589020861577063,0.7960199004975124,16.19999999999999,0.15409451865098134,71.29364736919659,12.906286682164906
5.68,34.7,12.4,14.6,0.5300000000000011,12.400000000000006,-34.17,5.265409702304033,8181.4,Rancagua,O'Higgins,5.265184431166903,0.9766722783341679,0.9766304931574803,4.85072,9322.47527517348,0.1644277767058975,1.0155106818846942,12.4,0.15409451865098134,29.907527109086903,5.5472612011344875
12.62,29.2,344.4,18.2,-4.970000000000002,-15.600000000000025,-34.17,5.265409702304033,17291.4,Rancagua,O'Higgins,5.245612794757936,0.963162566797658,0.9595412644936017,10.32316,19839.818390189466,0.15641078522892563,0.8545507755340942,15.600000000000023,0.15409451865098134,66.44947044307689,12.109410757909252
10.92,26.6,307.1,16.9,-7.57,-52.89999999999998,-34.17,5.265409702304033,13659.9,Rancagua,O'Higgins,5.219519833119613,0.6032079877452827,0.5979508212162441,9.07452,17440.088962889477,0.14279755632495358,0.7784606379865379,52.89999999999998,0.15409451865098134,57.49827394916004,6.5296229676813855
8.65,21.2,358.7,11.3,-12.970000000000002,-1.2999999999999543,-34.17,5.265409702304033,12688.4,Rancagua,O'Higgins,5.131077070979567,0.9997426093226983,0.9742368912588714,7.67255,14745.678512165676,0.16745057671496819,0.620427275387767,1.3000000000000114,0.15409451865098134,45.54579392492988,8.427149109389237
7.5,31.3,323.0,11.1,-2.870000000000001,-37.0,-34.17,5.265409702304033,10708.3,Rancagua,O'Higgins,5.258805355160413,0.7986355100472928,0.7976337900581976,6.6675,12814.098504390933,0.16298782343987822,0.9160081943225051,37.0,0.15409451865098134,39.49057276728025,5.982253425436482
12.6,38.7,40.4,17.7,4.530000000000001,40.400000000000006,-34.17,5.265409702304033,16461.1,Rancagua,O'Higgins,5.24896117314616,0.7615383075367367,0.7591593501973156,10.3698,19929.45461879761,0.1491365876639849,1.1325724319578578,40.4,0.15409451865098134,66.34416224903082,9.565407812486177
12.31,28.6,4.4,16.3,-5.57,4.400000000000006,-34.17,5.265409702304033,17399.2,Rancagua,O'Higgins,5.240548321878239,0.9970527522269202,0.9923450259189652,10.30347,19801.976680470467,0.16134931321381807,0.8369915130231197,4.4,0.15409451865098134,64.81719343536264,12.215767269062463
11.84,54.3,337.4,15.2,20.129999999999995,-22.600000000000023,-34.17,5.265409702304033,15684.3,Rancagua,O'Higgins,4.943767851845714,0.9232102171129808,0.8668151672720711,10.04032,19296.235394916588,0.15122003424657535,1.5891132572431956,22.600000000000023,0.15409451865098134,62.342450875279745,10.263091580501321
14.98,41.3,342.5,19.1,7.1299999999999955,-17.5,-34.17,5.265409702304033,20175.0,Rancagua,O'Higgins,5.224692732844045,0.9537169507482269,0.9463419379472106,12.11882,23290.851629093795,0.15374380452475445,1.208662569505414,17.5,0.15409451865098134,78.87583734051441,14.176202230449215
8.22,44.6,312.8,16.6,10.43,-47.19999999999999,-34.17,5.265409702304033,10484.3,Rancagua,O'Higgins,5.178408371002726,0.6794413042615166,0.6682147708379197,6.85548,13175.372480672206,0.14560071770600713,1.305238513315774,47.19999999999999,0.15409451865098134,43.28166775293915,5.4927254162877
12.49,40.5,332.5,14.0,6.329999999999998,-27.5,-34.17,5.265409702304033,17605.0,Rancagua,O'Higgins,5.233308407832952,0.8870108331782217,0.8816030496314955,10.7414,20643.623198359917,0.16090497969151576,1.1852502194907812,27.5,0.15409451865098134,65.76496718177737,11.011222089897378
13.21,49.0,25.4,14.1,14.829999999999998,25.40000000000001,-34.17,5.265409702304033,18154.5,Rancagua,O'Higgins,5.0900162987131345,0.9033352928633007,0.8732447471020192,11.34739,21808.259951667133,0.1568835357191003,1.4340064383962539,25.4,0.15409451865098134,69.55606216743628,11.535563109217675
4.75,27.9,55.8,16.1,-6.270000000000003,55.80000000000001,-34.17,5.265409702304033,5945.3,Rancagua,O'Higgins,5.233913474472908,0.5620833778521304,0.5587211501946753,3.9852499999999997,7659.150515879108,0.1428815188656573,0.816505706760316,55.8,0.15409451865098134,25.010696085944154,2.6539254634247076
2.55,13.7,18.2,17.6,-20.47,18.19999999999999,-34.17,5.265409702304033,3294.2,Rancagua,O'Higgins,4.932927665507834,0.9499720515246526,0.8899864738682413,2.1012,4038.24278626565,0.14747067776882442,0.4009364940005853,18.2,0.15409451865098134,13.426794740875282,2.269465508364015
7.26,30.6,357.7,15.6,-3.5700000000000003,-2.2999999999999545,-34.17,5.265409702304033,10373.0,Rancagua,O'Higgins,5.255192009751243,0.999194395114446,0.9972554270745453,6.12744,11776.170939594325,0.1631036391310364,0.8955223880597015,2.3000000000000114,0.15409451865098134,38.22687443872728,7.240074400561198
13.14,38.6,349.2,15.1,4.43,-10.799999999999956,-34.17,5.265409702304033,18789.4,Rancagua,O'Higgins,5.249679004199666,0.9822872507286888,0.9793526140970474,11.15586,21440.163320764095,0.1632350590410264,1.1296458882060287,10.800000000000011,0.15409451865098134,69.18748348827499,12.868693349235205
5.76,35.4,336.1,17.3,1.2299999999999969,-23.899999999999977,-34.17,5.265409702304033,7907.2,Rancagua,O'Higgins,5.264196451877238,0.9142539552342639,0.9140432937541323,4.76352,9154.887815168546,0.15670979198376458,1.0359964881474977,23.899999999999977,0.15409451865098134,30.32875988527123,5.264889372023802
11.1,36.4,51.5,17.1,2.229999999999997,51.5,-34.17,5.265409702304033,14063.0,Rancagua,O'Higgins,5.261422100253258,0.6225146366376195,0.6220431936194993,9.201899999999998,17684.897341965487,0.1446275042165453,1.0652619256657887,51.5,0.15409451865098134,58.44604769557476,6.9046794491764425
2.1,44.7,355.3,18.3,10.53,-4.7000000000000455,-34.17,5.265409702304033,2853.5,Rancagua,O'Higgins,5.1767368040312505,0.9966373868180365,0.97985336988247,1.7157,3297.3601505787055,0.15511524244400957,1.308165057067603,4.699999999999989,0.15409451865098134,11.057360374838469,2.057692076753187
6.62,37.2,52.9,10.6,3.030000000000001,52.900000000000006,-34.17,5.265409702304033,8976.6,Rancagua,O'Higgins,5.258048632282461,0.6032079877452824,0.6023646998557528,5.91828,11374.191660527447,0.1547924512684683,1.0886742756804215,52.9,0.15409451865098134,34.857012229252696,3.9876543130450837
10.0,40.6,34.8,17.5,6.43,34.80000000000001,-34.17,5.265409702304033,13269.4,Rancagua,O'Higgins,5.232287210509477,0.8211492091337039,0.8159837026528435,8.25,15855.464966063018,0.15147716894977167,1.1881767632426106,34.8,0.15409451865098134,52.65409702304033,8.159837026528434
3.69,26.7,316.5,15.1,-7.470000000000002,-43.5,-34.17,5.265409702304033,4888.7,Rancagua,O'Higgins,5.220722532526083,0.7253743710122877,0.7192181686457719,3.1328099999999997,6020.867781858409,0.15123869275222432,0.781387181738367,43.5,0.15409451865098134,19.42936180150188,2.6539150423028985
13.66,25.4,343.4,10.7,-8.770000000000003,-16.600000000000023,-34.17,5.265409702304033,20226.5,Rancagua,O'Higgins,5.203848370615428,0.9583225744651331,0.9471182015470085,12.19838,23443.755967602887,0.16903083361746793,0.7433421129645887,16.600000000000023,0.15409451865098134,71.9254965334731,12.937634633132136
4.03,47.1,343.3,16.8,12.93,-16.700000000000045,-34.17,5.265409702304033,5489.8,Rancagua,O'Higgins,5.131900853695051,0.9578224948453147,0.9335361077095474,3.35296,6443.968462134626,0.15550607883793918,1.3784021071115014,16.69999999999999,0.15409451865098134,21.219601100285253,3.7621505140694764
13.83,35.0,358.0,17.2,0.8299999999999983,-2.0,-34.17,5.265409702304033,19432.0,Rancagua,O'Higgins,5.2648572363763755,0.9993908270190958,0.9992859673003736,11.45124,22007.84662278539,0.16039514390330067,1.0242903131401815,2.0,0.15409451865098134,72.82061618286477,13.820124927764166
4.81,29.2,358.5,15.2,-4.970000000000002,-1.5,-34.17,5.265409702304033,6896.4,Rancagua,O'Higgins,5.245612794757936,0.9996573249755573,0.9958988095400615,4.07888,7839.095629184862,0.16367157463047874,0.8545507755340942,1.5,0.15409451865098134,25.326620668082395,4.790273273887696
14.93,29.2,74.9,17.9,-4.970000000000002,74.9,-34.17,5.265409702304033,16438.2,Rancagua,O'Higgins,5.245612794757936,0.26050450864264824,0.25952506279426857,12.25753,23557.434846723205,0.12568699593536964,0.8545507755340942,74.9,0.15409451865098134,78.61256685539921,3.87470918751843
9.86,29.0,333.1,13.0,-5.170000000000002,-26.899999999999977,-34.17,5.265409702304033,14100.9,Rancagua,O'Higgins,5.2439885266200825,0.8917975296052143,0.8881694450617025,8.578199999999999,16486.224190531124,0.1632547445052655,0.848697688030436,26.899999999999977,0.15409451865098134,51.91693966471776,8.757350728308387
3.1,28.5,5.7,12.0,-5.670000000000002,5.699999999999989,-34.17,5.265409702304033,4594.7,Rancagua,O'Higgins,5.239648354973936,0.9950555699612263,0.9901871981535584,2.728,5242.873748778172,0.1691964943290617,0.8340649692712906,5.7,0.15409451865098134,16.3227700771425,3.069580314276031
2.85,23.9,15.4,13.5,-10.270000000000003,15.400000000000006,-34.17,5.265409702304033,4077.0,Rancagua,O'Higgins,5.181050065450534,0.9640954042341101,0.9486491725462457,2.46525,4737.901213040831,0.16330209084354722,0.6994439566871524,15.4,0.15409451865098134,15.006417651566494,2.7036501417568
2.97,22.2,360.0,14.1,-11.970000000000002,0.0,-34.17,5.265409702304033,4240.4,Rancagua,O'Higgins,5.15092036581061,1.0,0.97825632895322,2.5512300000000003,4903.143986105329,0.1629844871854004,0.6496927129060579,0.0,0.15409451865098134,15.638266815842979,2.9054212969910638
9.67,32.6,2.8,17.0,-1.5700000000000005,2.8000000000000114,-34.17,5.265409702304033,13615.9,Rancagua,O'Higgins,5.263433055660637,0.998806137341434,0.9984311832713043,8.0261,15425.157256256773,0.1607369683576282,0.9540532630962832,2.8,0.15409451865098134,50.91651182128,9.654829542233513
12.52,29.4,333.9,18.5,-4.770000000000003,-26.100000000000023,-34.17,5.265409702304033,16825.3,Rancagua,O'Higgins,5.247173146759302,0.8980275757606154,0.8949172898204933,10.2038,19610.423444935008,0.15341025136038047,0.8604038630377523,26.100000000000023,0.15409451865098134,65.92292947284649,11.204364468552576
7.24,43.0,2.7,17.2,8.829999999999998,2.6999999999999886,-34.17,5.265409702304033,10045.7,Rancagua,O'Higgins,5.203004818357243,0.99888987496197,0.9870511747948496,5.994720000000001,11521.099750467554,0.15839356441888042,1.2584138132865086,2.7,0.15409451865098134,38.1215662446812,7.146250505514711
7.78,36.5,12.8,11.7,2.3299999999999983,12.800000000000011,-34.17,5.265409702304033,11574.7,Rancagua,O'Higgins,5.261056499509024,0.9751493543055632,0.9743431448869768,6.86974,13202.778411631729,0.16983454825040203,1.0681884694176178,12.8,0.15409451865098134,40.964887483925374,7.58038966722068
9.66,36.3,8.2,13.7,2.1299999999999955,8.199999999999989,-34.17,5.265409702304033,14108.5,Rancagua,O'Higgins,5.261771673793314,0.989776230907789,0.9890923650073447,8.33658,16021.86086385232,0.16672457150420222,1.0623353819139594,8.2,0.15409451865098134,50.86385772425696,9.55463224597095
8.93,28.2,14.3,11.6,-5.970000000000002,14.300000000000011,-34.17,5.265409702304033,13222.9,Rancagua,O'Higgins,5.236852700204499,0.9690157314068695,0.9637602649112312,7.89412,15171.508254290593,0.16903286341765225,0.8252853380158033,14.3,0.15409451865098134,47.020108641575014,8.606379165657295
10.94,33.2,35.3,16.9,-0.9699999999999988,35.30000000000001,-34.17,5.265409702304033,14710.8,Rancagua,O'Higgins,5.264655148862184,0.8161375900801602,0.8160206344276214,9.09114,17472.03051776656,0.153502291452756,0.9716125256072579,35.3,0.15409451865098134,57.60358214320612,8.927265740638179
8.13,37.1,23.4,12.5,2.9299999999999997,23.40000000000001,-34.17,5.265409702304033,11812.7,Rancagua,O'Higgins,5.258526389539238,0.917754625683981,0.916554872485829,7.1137500000000005,13671.735018464342,0.16586491207377826,1.0857477319285924,23.4,0.15409451865098134,42.80778087973179,7.4515911133097905
11.28,39.9,1.8,15.3,5.729999999999997,1.8000000000000114,-34.17,5.265409702304033,16139.4,Rancagua,O'Higgins,5.239100713432643,0.9995065603657316,0.9945124557356521,9.55416,18361.89686789826,0.16333309044982028,1.1676909569798068,1.8,0.15409451865098134,59.39382144198949,11.218100500698155
14.97,33.4,330.7,17.9,-0.7700000000000031,-29.30000000000001,-34.17,5.265409702304033,20165.9,Rancagua,O'Higgins,5.264934222776165,0.8720692724321205,0.8719905224184715,12.29037,23620.54920666084,0.15377711282534628,0.977465613110916,29.30000000000001,0.15409451865098134,78.82318324349137,13.053698120604519
6.55,42.8,345.0,16.7,8.629999999999995,-15.0,-34.17,5.265409702304033,9080.1,Rancagua,O'Higgins,5.205794465072647,0.9659258262890683,0.9549895648131669,5.456149999999999,10486.035778737543,0.15825054899090243,1.2525607257828504,15.0,0.15409451865098134,34.488433550091415,6.255181649526243
2.16,34.2,354.5,13.0,0.0300000000000011,-5.5,-34.17,5.265409702304033,3184.1,Rancagua,O'Higgins,5.265408980533066,0.9953961983671789,0.9953960619204223,1.8792000000000002,3611.5866380879547,0.168278581092508,1.0008779631255487,5.5,0.15409451865098134,11.373284956976711,2.1500554937481122
3.63,40.5,6.3,13.3,6.329999999999998,6.300000000000011,-34.17,5.265409702304033,5302.8,Rancagua,O'Higgins,5.233308407832952,0.9939609554551797,0.9879011357777364,3.14721,6048.54277525372,0.1667610098494283,1.1852502194907812,6.3,0.15409451865098134,19.11343721936364,3.5860811228731833
9.2,30.3,348.0,16.5,-3.870000000000001,-12.0,-34.17,5.265409702304033,12923.7,Rancagua,O'Higgins,5.253403277085843,0.9781476007338057,0.9759171843589083,7.6819999999999995,14763.840226581344,0.1603595890410959,0.8867427568042142,12.0,0.15409451865098134,48.441769261197095,8.978438096101955
6.48,19.7,336.6,15.5,-14.470000000000002,-23.399999999999977,-34.17,5.265409702304033,8803.4,Rancagua,O'Higgins,5.098383568272298,0.9177546256839813,0.8886421699047736,5.4756,10523.416238566626,0.15508554597215174,0.5765291191103307,23.399999999999977,0.15409451865098134,34.11985487093013,5.758401260982933
14.22,36.3,330.3,11.0,2.1299999999999955,-29.69999999999999,-34.17,5.265409702304033,20752.6,Rancagua,O'Higgins,5.261771673793314,0.8686315144381913,0.8680313510333469,12.655800000000001,24322.859820303074,0.16659762762589186,1.0623353819139594,29.69999999999999,0.15409451865098134,74.87412596676334,12.343405811694193
10.16,40.0,318.7,18.7,5.829999999999998,-41.30000000000001,-34.17,5.265409702304033,13039.8,Rancagua,O'Higgins,5.238175210460348,0.751264133503511,0.7473783396008254,8.26008,15874.837461439736,0.14651197281846617,1.170617500731636,41.30000000000001,0.15409451865098134,53.49656257540897,7.5933639303443865
8.76,38.8,354.1,15.1,4.6299999999999955,-5.899999999999977,-34.17,5.265409702304033,12566.4,Rancagua,O'Higgins,5.248227352846622,0.9947028171171742,0.9914568529137622,7.437239999999999,14293.44221384273,0.16375805341840247,1.1354989757096867,5.899999999999977,0.15409451865098134,46.124988992183326,8.685162031524557
12.37,37.5,323.3,14.7,3.3299999999999983,-36.69999999999999,-34.17,5.265409702304033,16963.4,Rancagua,O'Higgins,5.256519265009346,0.8017756442437541,0.800421877586919,10.551609999999998,20278.87062915881,0.15654496258808506,1.0974539069359086,36.69999999999999,0.15409451865098134,65.13311801750088,9.901218625750188
5.36,31.4,335.0,12.0,-2.770000000000003,-25.0,-34.17,5.265409702304033,7809.0,Rancagua,O'Higgins,5.259257482325585,0.9063077870366499,0.9052488371753333,4.7168,9065.097836597097,0.16631312615007154,0.9189347380743341,25.0,0.15409451865098134,28.22259600434962,4.852133767259787
12.66,27.7,350.2,13.8,-6.470000000000002,-9.799999999999956,-34.17,5.265409702304033,18335.2,Rancagua,O'Higgins,5.231874268637063,0.9854078984834902,0.9791318282282088,10.91292,20973.263119690717,0.16532854350162665,0.8106526192566579,9.800000000000011,0.15409451865098134,66.66008683116905,12.395808945369122
2.04,38.6,326.6,13.3,4.43,-33.39999999999998,-34.17,5.265409702304033,2865.1,Rancagua,O'Higgins,5.249679004199666,0.8348478632634068,0.8323537098275733,1.76868,3399.1810637789504,0.16032657355179514,1.1296458882060287,33.39999999999998,0.15409451865098134,10.741435792700226,1.6980015680482494
10.06,37.6,9.5,12.7,3.4299999999999997,9.5,-34.17,5.265409702304033,14818.7,Rancagua,O'Higgins,5.255977449260402,0.9862856015372314,0.9845188073288116,8.78238,16878.632534382123,0.16815431611245768,1.1003804506877377,9.5,0.15409451865098134,52.97002160517857,9.904259201727845
14.15,29.7,18.5,15.7,-4.470000000000002,18.5,-34.17,5.265409702304033,19926.5,Rancagua,O'Higgins,5.249393790628823,0.9483236552061993,0.945439118435082,11.92845,22924.984372658717,0.1607572163867241,0.8691834942932396,18.5,0.15409451865098134,74.50554728760207,13.37796352585641
12.24,43.0,346.3,14.6,8.829999999999998,-13.700000000000044,-34.17,5.265409702304033,17398.8,Rancagua,O'Higgins,5.203004818357243,0.971549119997646,0.9600344585543916,10.45296,20089.277705655524,0.16226833199033036,1.2584138132865086,13.699999999999989,0.15409451865098134,64.44861475620137,11.750821772705754
13.1,27.1,349.1,18.9,-7.07,-10.899999999999975,-34.17,5.265409702304033,17808.9,Rancagua,O'Higgins,5.225374261980022,0.9819587126964437,0.9744924087114759,10.6241,20418.18731466062,0.15518927114922096,0.7930933567456834,10.899999999999977,0.15409451865098134,68.97686710018283,12.765850554120334
7.16,29.5,13.4,19.4,-4.670000000000002,13.400000000000006,-34.17,5.265409702304033,9692.7,Rancagua,O'Higgins,5.247929348236998,0.9727758782093966,0.9695464112276478,5.7709600000000005,11091.061103097098,0.15453527971225225,0.8633304067895815,13.4,0.15409451865098134,37.70033346849687,6.941952304389958
12.72,47.3,342.2,12.2,13.129999999999995,-17.799999999999955,-34.17,5.265409702304033,18230.2,Rancagua,O'Higgins,5.127756935904617,0.9521293927421389,0.9272380258227136,11.16816,21463.80237762259,0.1636063725912524,1.3842551946151593,17.80000000000001,0.15409451865098134,66.9760114133073,11.794467688464918
9.16,41.1,340.4,11.0,6.93,-19.600000000000023,-34.17,5.265409702304033,13534.2,Rancagua,O'Higgins,5.226942210992317,0.9420574527872966,0.9351750658641337,8.1524,15667.890010828141,0.16866812227074235,1.2028094820017559,19.600000000000023,0.15409451865098134,48.23115287310494,8.566203603315465
10.04,31.3,29.9,17.9,-2.870000000000001,29.90000000000001,-34.17,5.265409702304033,13506.3,Rancagua,O'Higgins,5.258805355160413,0.8668967489356028,0.8658094096037477,8.24284,15841.704344347016,0.15356723789772417,0.9160081943225051,29.9,0.15409451865098134,52.864713411132485,8.692726472421626
2.77,36.5,22.1,19.9,2.3299999999999983,22.09999999999999,-34.17,5.265409702304033,3684.7,Rancagua,O'Higgins,5.261056499509024,0.9265286308718373,0.9257626188701878,2.21877,4264.197576091109,0.15185121078746516,1.0681884694176178,22.1,0.15409451865098134,14.58518487538217,2.5643624542704204
4.62,35.4,15.0,18.6,1.2299999999999969,15.0,-34.17,5.265409702304033,6322.9,Rancagua,O'Higgins,5.264196451877238,0.9659258262890683,0.9657032586281921,3.76068,7227.555150130165,0.15623208602660654,1.0359964881474977,15.0,0.15409451865098134,24.326192824644632,4.461549054862248
9.16,12.2,23.1,10.2,-21.97,23.09999999999999,-34.17,5.265409702304033,12680.8,Rancagua,O'Higgins,4.883034970564436,0.9198214973217377,0.8530239415431607,8.22568,15808.724977217607,0.15803274112181212,0.3570383377231489,23.1,0.15409451865098134,48.23115287310494,7.813699304535352
2.76,26.9,310.6,12.5,-7.270000000000003,-49.39999999999998,-34.17,5.265409702304033,3698.4,Rancagua,O'Higgins,5.223080218045129,0.6507742172658512,0.6455425375783614,2.415,4641.327017338447,0.15296803652968038,0.7872402692420251,49.39999999999998,0.15409451865098134,14.53253077835913,1.7816974037162774
11.64,33.8,33.8,10.4,-0.3700000000000045,33.80000000000001,-34.17,5.265409702304033,16923.7,Rancagua,O'Higgins,5.265299913299388,0.8309844692743282,0.8309671424255329,10.429440000000001,20044.075216443187,0.1659733010089598,0.9891717881182323,33.8,0.15409451865098134,61.289368934818945,9.672457537833203
12.92,31.3,9.8,18.2,-2.870000000000001,9.800000000000011,-34.17,5.265409702304033,17846.3,Rancagua,O'Higgins,5.258805355160413,0.9854078984834901,0.9841719118827129,10.568560000000002,20311.446402634545,0.1576818001894341,0.9160081943225051,9.8,0.15409451865098134,68.0290933537681,12.715501101524652
13.96,36.1,25.3,15.8,1.9299999999999995,25.30000000000001,-34.17,5.265409702304033,19455.6,Rancagua,O'Higgins,5.262422735050271,0.9040825496607783,0.9035696807439774,11.75432,22590.328358775012,0.15909447737174703,1.0564822944103014,25.3,0.15409451865098134,73.50511944416431,12.613832743185926
3.32,43.2,9.7,15.1,9.03,9.699999999999989,-34.17,5.265409702304033,4709.2,Rancagua,O'Higgins,5.200151774670098,0.9857034690888536,0.973486952371043,2.8186799999999996,5417.14933218697,0.16192165923969853,1.2642669007901668,9.7,0.15409451865098134,17.48116021164939,3.2319766818718625
14.22,31.6,1.2,15.5,-2.5700000000000003,1.1999999999999886,-34.17,5.265409702304033,20353.1,Rancagua,O'Higgins,5.260113673496346,0.9997806834748455,0.998775088924675,12.0159,23093.052301298987,0.16339052334804022,0.9247878255779924,1.2,0.15409451865098134,74.87412596676334,14.20258176450888
2.88,25.7,353.1,12.5,-8.470000000000002,-6.899999999999977,-34.17,5.265409702304033,4219.7,Rancagua,O'Higgins,5.20798051375742,0.9927573419294455,0.9819294573403787,2.52,4843.123844179249,0.16725726154236428,0.752121744220076,6.899999999999977,0.15409451865098134,15.164379942635614,2.827956837140291
8.16,36.8,9.2,16.0,2.6299999999999955,9.199999999999989,-34.17,5.265409702304033,11584.2,Rancagua,O'Higgins,5.259863545432181,0.9871362650729879,0.9860964955413609,6.8544,13173.296856167557,0.1620584877786731,1.0769681006731049,9.2,0.15409451865098134,42.965743170800906,8.046547403617506
12.92,31.6,352.2,10.3,-2.5700000000000003,-7.799999999999955,-34.17,5.265409702304033,19604.4,Rancagua,O'Higgins,5.260113673496346,0.9907478404714437,0.9897513312915419,11.58924,22273.06530949045,0.17321557317952416,0.9247878255779924,7.800000000000011,0.15409451865098134,68.0290933537681,12.78758720028672
2.91,32.9,21.7,16.5,-1.2700000000000031,21.69999999999999,-34.17,5.265409702304033,4056.3,Rancagua,O'Higgins,5.26411626146464,0.9291325715340563,0.9289043313626016,2.42985,4669.866854277361,0.15912300522525066,0.9628328943517704,21.7,0.15409451865098134,15.322342233704736,2.703111604265171
2.24,31.8,320.3,17.3,-2.370000000000001,-39.69999999999999,-34.17,5.265409702304033,2949.2,Rancagua,O'Higgins,5.260905771841986,0.7693995550468952,0.7687414254255773,1.8524800000000001,3560.234150343324,0.15029761904761904,0.9306409130816505,39.69999999999999,0.15409451865098134,11.794517733161035,1.7219807929532933
2.32,52.1,346.5,16.7,17.93,-13.5,-34.17,5.265409702304033,3103.1,Rancagua,O'Higgins,5.009686349512316,0.9723699203976766,0.9251451629226598,1.9325599999999998,3714.1378636139084,0.1526875688867895,1.5247292947029558,13.5,0.15409451865098134,12.215750509345355,2.1463367779805704
8.65,16.2,51.1,13.3,-17.970000000000002,51.099999999999994,-34.17,5.265409702304033,10916.7,Rancagua,O'Higgins,5.008553469989517,0.627963057649338,0.5973298810990056,7.49955,14413.194216513686,0.1440692057961834,0.4741000877963125,51.1,0.15409451865098134,45.54579392492988,5.166903471506399
12.55,31.1,344.3,18.3,-3.0700000000000003,-15.700000000000044,-34.17,5.265409702304033,17221.3,Rancagua,O'Higgins,5.257853044556769,0.9626917464264786,0.9613101384500513,10.25335,19705.652328458455,0.1566455638632684,0.9101551068188469,15.699999999999989,0.15409451865098134,66.08089176391562,12.064442237548144
3.66,34.1,354.0,17.2,-0.0700000000000002,-6.0,-34.17,5.265409702304033,5133.6,Rancagua,O'Higgins,5.265405772662503,0.9945218953682733,0.9945211531440661,3.0304800000000003,5824.202360042989,0.16011677520772513,0.9979514193737197,6.0,0.15409451865098134,19.27139951043276,3.639947420507282
3.62,27.9,337.9,11.3,-6.270000000000003,-22.100000000000023,-34.17,5.265409702304033,5317.4,Rancagua,O'Higgins,5.233913474472908,0.9265286308718372,0.9209863922807491,3.2109400000000003,6171.023839773381,0.16768208077903074,0.816505706760316,22.100000000000023,0.15409451865098134,19.0607831223406,3.3339707400563117
9.39,41.4,8.4,12.0,7.229999999999997,8.400000000000006,-34.17,5.265409702304033,13884.0,Rancagua,O'Higgins,5.223544119064479,0.9892723329629883,0.9814065702695123,8.263200000000001,15880.833710008723,0.16878929785402716,1.2115891132572432,8.4,0.15409451865098134,49.44219710463487,9.21540769483072
5.05,40.7,341.6,16.4,6.530000000000001,-18.399999999999977,-34.17,5.265409702304033,7023.2,Rancagua,O'Higgins,5.231250074731751,0.9488760116444966,0.9427201276767467,4.2218,8113.769938633315,0.15875943758759437,1.1911033069944397,18.399999999999977,0.15409451865098134,26.590318996635364,4.7607366447675705
11.49,33.8,355.4,12.9,-0.3700000000000045,-4.600000000000023,-34.17,5.265409702304033,16974.0,Rancagua,O'Higgins,5.265299913299388,0.9967788784562471,0.9967580946298966,10.00779,19233.716816086766,0.16863979398404805,0.9891717881182323,4.600000000000023,0.15409451865098134,60.49955747947334,11.452750507297512
14.35,32.0,21.2,11.2,-2.1700000000000017,21.19999999999999,-34.17,5.265409702304033,21233.7,Rancagua,O'Higgins,5.261633767711038,0.9323238012155123,0.931655212465174,12.742799999999999,24490.062905399736,0.1689155648895041,0.9364940005853087,21.2,0.15409451865098134,75.55862922806287,13.369252298875248
11.96,33.3,342.5,11.5,-0.8700000000000045,-17.5,-34.17,5.265409702304033,17739.1,Rancagua,O'Higgins,5.264802704570217,0.9537169507482269,0.9536070060220734,10.5846,20342.273270277652,0.169315335746247,0.9745390693590867,17.5,0.15409451865098134,62.97430003955623,11.405139792023999
13.4,33.3,19.7,11.7,-0.8700000000000045,19.69999999999999,-34.17,5.265409702304033,19795.2,Rancagua,O'Higgins,5.264802704570217,0.941470544812038,0.9413620118545921,11.8322,22740.003948054647,0.1686362707012881,0.9745390693590867,19.7,0.15409451865098134,70.55649001087404,12.614250958851535
8.75,33.5,20.6,14.8,-0.6700000000000017,20.59999999999999,-34.17,5.265409702304033,12457.1,Rancagua,O'Higgins,5.265049703079401,0.9360595357389734,0.9359955367861612,7.455,14327.574705696947,0.16251924331376386,0.9803921568627451,20.6,0.15409451865098134,46.07233489516029,8.18996094687891
12.82,32.7,26.4,16.1,-1.4699999999999989,26.40000000000001,-34.17,5.265409702304033,17771.0,Rancagua,O'Higgins,5.263676825232339,0.8957117602394128,0.8954169762700882,10.75598,20671.644129172666,0.15824126115729562,0.9569798068481125,26.4,0.15409451865098134,67.5025523835377,11.479245635782531
4.38,36.2,3.5,11.8,2.030000000000001,3.5,-34.17,5.265409702304033,6547.9,Rancagua,O'Higgins,5.26210521906433,0.9981347984218669,0.9975083856831003,3.86316,7424.508853126789,0.17065688788807573,1.0594088381621305,3.5,0.15409451865098134,23.062494496091663,4.369086729291979
2.89,40.2,81.0,17.1,6.030000000000001,81.0,-34.17,5.265409702304033,3071.2,Rancagua,O'Higgins,5.236276338213247,0.15643446504023092,0.15556891753604143,2.39581,4604.446244890114,0.12131266688786714,1.1764705882352942,81.0,0.15409451865098134,15.217034039658655,0.44959417167915977
10.53,24.3,26.4,12.8,-9.87,26.40000000000001,-34.17,5.265409702304033,14942.7,Rancagua,O'Higgins,5.187477494729307,0.8957117602394128,0.8824545212451601,9.18216,17646.95953851942,0.1619931311712134,0.7111501316944688,26.4,0.15409451865098134,55.44476416526146,9.292246108711536
2.68,25.8,8.1,13.1,-8.370000000000001,8.099999999999994,-34.17,5.265409702304033,3892.5,Rancagua,O'Higgins,5.209326171527091,0.9900236577165575,0.979478605115399,2.32892,4475.892056819816,0.16580198323451234,0.7550482879719052,8.1,0.15409451865098134,14.11129800217481,2.6250026617092694
13.6,20.2,338.1,12.2,-13.970000000000002,-21.899999999999977,-34.17,5.265409702304033,19300.0,Rancagua,O'Higgins,5.109670800366843,0.9278362538989201,0.900392957454865,11.9408,22948.71952324428,0.16199973139940907,0.5911618378694761,21.899999999999977,0.15409451865098134,71.60957195133484,12.245344221386164
10.99,41.1,357.6,17.9,6.93,-2.3999999999999773,-34.17,5.265409702304033,15205.4,Rancagua,O'Higgins,5.226942210992317,0.9991228300988584,0.9918235407825214,9.02279,17340.670392865908,0.15794142454119767,1.2028094820017559,2.3999999999999773,0.15409451865098134,57.86685262832132,10.90014071319991
14.38,36.2,35.7,19.6,2.030000000000001,35.69999999999999,-34.17,5.265409702304033,18664.7,Rancagua,O'Higgins,5.26210521906433,0.8120835268918064,0.8115738768255109,11.561520000000002,22219.790947204478,0.14816922920596212,1.0594088381621305,35.7,0.15409451865098134,75.716591519132,11.670432348750847
6.08,38.2,42.7,14.9,4.030000000000001,42.69999999999999,-34.17,5.265409702304033,8154.7,Rancagua,O'Higgins,5.252390392951336,0.73491459514996,0.7330974373212193,5.17408,9943.932626861497,0.15310885304013458,1.1179397131987123,42.7,0.15409451865098134,32.01369099000852,4.457232418913014
8.32,22.7,37.0,10.4,-11.470000000000002,37.0,-34.17,5.265409702304033,11757.5,Rancagua,O'Higgins,5.160253989765404,0.7986355100472928,0.782685927609116,7.45472,14327.036580825372,0.16131975544432736,0.6643254316652033,37.0,0.15409451865098134,43.80820872316956,6.511946917707846
11.64,48.4,19.6,12.6,14.229999999999997,19.59999999999999,-34.17,5.265409702304033,16487.5,Rancagua,O'Higgins,5.103849948345656,0.9420574527872968,0.9131520914019573,10.17336,19551.92158389659,0.16169542123679956,1.4164471758852795,19.6,0.15409451865098134,61.289368934818945,10.629090343918783
5.16,29.3,328.6,11.6,-4.870000000000001,-31.399999999999977,-34.17,5.265409702304033,7421.2,Rancagua,O'Higgins,5.246400961482212,0.8535507972753276,0.8504693797217104,4.56144,8766.515407854364,0.16418002902552123,0.8574773192859233,31.399999999999977,0.15409451865098134,27.16951406388881,4.388421999364026
9.04,35.5,12.2,18.4,1.3299999999999983,12.199999999999989,-34.17,5.265409702304033,12445.3,Rancagua,O'Higgins,5.2639911652339535,0.9774158942860959,0.9771525718178893,7.37664,14176.976616637467,0.15715667555663312,1.0389230318993268,12.2,0.15409451865098134,47.59930370882845,8.833459249233718
10.57,41.0,329.0,10.8,6.829999999999998,-31.0,-34.17,5.265409702304033,15303.2,Rancagua,O'Higgins,5.228043068508723,0.8571673007021123,0.851084306512195,9.42844,18120.278800560875,0.16527347580599872,1.1998829382499268,31.0,0.15409451865098134,55.65538055335363,8.995961119833902
14.72,26.3,322.8,19.7,-7.870000000000001,-37.19999999999999,-34.17,5.265409702304033,18845.5,Rancagua,O'Higgins,5.21581635242125,0.7965299180241964,0.7890276363120263,11.820160000000001,22716.864578576908,0.14614896639864997,0.7696810067310507,37.19999999999999,0.15409451865098134,77.50683081791537,11.614486806513028
11.68,29.8,6.0,15.9,-4.370000000000001,6.0,-34.17,5.265409702304033,16602.7,Rancagua,O'Higgins,5.250102027082006,0.9945218953682733,0.9916306069337133,9.82288,18878.342994647406,0.1622675845999875,0.8721100380450687,6.0,0.15409451865098134,61.4999853229111,11.582245488985771
3.54,35.6,13.1,15.2,1.4299999999999995,13.099999999999994,-34.17,5.265409702304033,5054.7,Rancagua,O'Higgins,5.263769843560674,0.9739759672790517,0.973672632287842,3.00192,5769.31362314229,0.1630001547867812,1.0418495756511559,13.1,0.15409451865098134,18.639550346156277,3.4468011182989606
8.18,57.0,22.6,18.5,22.83,22.59999999999999,-34.17,5.265409702304033,10225.4,Rancagua,O'Higgins,4.85291815147082,0.923210217112981,0.8508860418383839,6.6667,12812.561004757858,0.14269964609081062,1.6681299385425812,22.6,0.15409451865098134,43.07105136484699,6.96024782223798
9.65,36.6,12.4,10.3,2.4299999999999997,12.400000000000006,-34.17,5.265409702304033,14600.0,Rancagua,O'Higgins,5.260674872674297,0.9766722783341679,0.9757940224901878,8.65605,16635.842123574523,0.17271157167530224,1.071115013169447,12.4,0.15409451865098134,50.811203627233915,9.416412317030312
3.91,47.0,13.3,17.8,12.829999999999998,13.300000000000011,-34.17,5.265409702304033,5278.4,Rancagua,O'Higgins,5.133949366744143,0.9731788727770881,0.9488817281277192,3.21402,6176.943213360711,0.15410666946945545,1.3754755633596722,13.3,0.15409451865098134,20.587751936008768,3.710127556979382
7.62,43.8,335.4,11.2,9.629999999999995,-24.600000000000023,-34.17,5.265409702304033,11058.0,Rancagua,O'Higgins,5.191212613272376,0.9092361090470684,0.8964236829780691,6.76656,13004.479396456169,0.1656599431920325,1.2818261633011412,24.600000000000023,0.15409451865098134,40.12242193155673,6.830748464292887
5.69,37.1,357.4,18.4,2.9299999999999997,-2.6000000000000227,-34.17,5.265409702304033,7868.8,Rancagua,O'Higgins,5.258526389539238,0.9989705697907146,0.9976646454156967,4.643040000000001,8923.340370427788,0.15786728298464822,1.0857477319285924,2.6000000000000227,0.15409451865098134,29.960181206109947,5.6767118324153145
3.54,26.3,322.3,15.3,-7.870000000000001,-37.69999999999999,-34.17,5.265409702304033,4776.6,Rancagua,O'Higgins,5.21581635242125,0.7912235329674902,0.7837712305400498,2.99838,5762.510187265943,0.15403219565049145,0.7696810067310507,37.69999999999999,0.15409451865098134,18.639550346156277,2.7745501561117765
8.66,42.6,309.9,10.6,8.43,-50.10000000000002,-34.17,5.265409702304033,11766.8,Rancagua,O'Higgins,5.208520680825342,0.6414496315691576,0.6345192227442055,7.74204,14879.229574043458,0.1551087770360762,1.2467076382791922,50.10000000000002,0.15409451865098134,45.598448021952926,5.494936468964819
4.15,22.2,18.5,18.3,-11.970000000000002,18.5,-34.17,5.265409702304033,5557.1,Rancagua,O'Higgins,5.15092036581061,0.9483236552061993,0.9277036176015158,3.39055,6516.211726143632,0.15286075810089675,0.6496927129060579,18.5,0.15409451865098134,21.851450264561738,3.8499700130462906
9.68,47.0,341.2,10.3,12.829999999999998,-18.799999999999955,-34.17,5.265409702304033,14174.6,Rancagua,O'Higgins,5.133949366744143,0.9466492601156966,0.9230144745190743,8.68296,16687.559767482006,0.1671596097965961,1.3754755633596722,18.80000000000001,0.15409451865098134,50.969165918303034,8.934780113344639
4.21,35.8,21.8,11.4,1.6299999999999957,21.80000000000001,-34.17,5.265409702304033,6208.4,Rancagua,O'Higgins,5.2632790978697095,0.9284858268809135,0.9281101227796557,3.73006,7168.707351674305,0.1683423898306923,1.047702663154814,21.8,0.15409451865098134,22.16737484669998,3.90734361690235
11.41,13.0,27.7,18.0,-21.17,27.69999999999999,-34.17,5.265409702304033,14371.7,Rancagua,O'Higgins,4.910063100863764,0.8853936257544159,0.8256410834762647,9.356200000000001,17981.442583694406,0.14378659271087207,0.3804506877377817,27.7,0.15409451865098134,60.07832470328901,9.420564762464181
4.54,31.4,344.5,14.6,-2.770000000000003,-15.5,-34.17,5.265409702304033,6505.8,Rancagua,O'Higgins,5.259257482325585,0.963630453208623,0.9625045262891133,3.87716,7451.415096705562,0.16358397199927585,0.9189347380743341,15.5,0.15409451865098134,23.90496004846031,4.369770549352575
13.65,39.4,14.8,18.8,5.229999999999997,14.800000000000011,-34.17,5.265409702304033,18574.7,Rancagua,O'Higgins,5.2434887854705226,0.9668233886044594,0.9627983162373429,11.083800000000002,21301.67304131507,0.1553406258885711,1.1530582382206613,14.8,0.15409451865098134,71.87284243645004,13.14219701663973
2.34,32.3,343.5,16.4,-1.8700000000000043,-16.5,-34.17,5.265409702304033,3286.2,Rancagua,O'Higgins,5.262605550180609,0.958819734868193,0.9583091048227601,1.95624,3759.6478527528634,0.16031495141084184,0.9452736318407959,16.5,0.15409451865098134,12.321058703391436,2.2424433052852586
8.79,39.9,313.9,16.2,5.729999999999997,-46.10000000000002,-34.17,5.265409702304033,11432.7,Rancagua,O'Higgins,5.239100713432643,0.6934018282758128,0.6899371974085269,7.366019999999999,14156.566309008424,0.14847585207349576,1.1676909569798068,46.10000000000002,0.15409451865098134,46.282951283252444,6.06454796522095
6.16,27.4,3.1,12.9,-6.770000000000003,3.0999999999999943,-34.17,5.265409702304033,9037.3,Rancagua,O'Higgins,5.228695938978755,0.9985366703262117,0.9915742417482559,5.36536,10311.548789129196,0.16747650180869358,0.8018729880011706,3.1,0.15409451865098134,32.434923766192846,6.108097329169257
4.93,23.7,348.2,11.3,-10.470000000000002,-11.799999999999956,-34.17,5.265409702304033,7250.3,Rancagua,O'Higgins,5.177741636849662,0.9788673887616852,0.9625694337760442,4.37291,8404.18440057535,0.16788231589281913,0.6935908691834942,11.800000000000011,0.15409451865098134,25.95846983235888,4.745467308515898
8.13,33.6,349.0,19.6,-0.5700000000000003,-11.0,-34.17,5.265409702304033,11040.3,Rancagua,O'Higgins,5.265149145128153,0.981627183447664,0.9815786079291106,6.536520000000001,12562.371376966094,0.15501946115351564,0.9833187006145742,11.0,0.15409451865098134,42.80778087973179,7.98023408246367
12.95,34.4,49.4,11.0,0.2299999999999968,49.400000000000006,-34.17,5.265409702304033,17755.4,Rancagua,O'Higgins,5.26536727826656,0.6507742172658508,0.6507689738999325,11.5255,22150.565026225373,0.15651522363851134,1.0067310506292069,49.4,0.15409451865098134,68.18705564483722,8.427458212004126
13.9,31.4,321.9,15.3,-2.770000000000003,-38.10000000000002,-34.17,5.265409702304033,18860.3,Rancagua,O'Higgins,5.259257482325585,0.7869350219613371,0.7860155498523135,11.7733,22626.805537569668,0.15489225058309516,0.9189347380743341,38.10000000000002,0.15409451865098134,73.18919486202606,10.925616142947158
5.94,44.0,9.6,12.7,9.829999999999998,9.599999999999994,-34.17,5.265409702304033,8641.5,Rancagua,O'Higgins,5.188106337050936,0.985996037070505,0.971520276189369,5.18562,9966.111059068571,0.16607282874406162,1.2876792508047994,9.6,0.15409451865098134,31.276533631685957,5.770830440564852
4.01,27.4,335.1,12.6,-6.770000000000003,-24.899999999999977,-34.17,5.265409702304033,5757.4,Rancagua,O'Higgins,5.228695938978755,0.9070440142914651,0.9007195303198313,3.50474,6735.670580019358,0.16389961170134026,0.8018729880011706,24.899999999999977,0.15409451865098134,21.11429290623917,3.6118853165825233
11.36,36.7,22.7,15.9,2.530000000000001,22.69999999999999,-34.17,5.265409702304033,15874.0,Rancagua,O'Higgins,5.260277220911577,0.9225380894562465,0.921638841373824,9.553759999999999,18361.12811808172,0.15951588526593352,1.074041556921276,22.7,0.15409451865098134,59.815054218173806,10.469817238006641
9.57,34.7,7.5,18.0,0.5300000000000011,7.5,-34.17,5.265409702304033,13285.9,Rancagua,O'Higgins,5.265184431166903,0.9914448613738104,0.9914024441785776,7.847400000000001,15081.718275719146,0.15848017253307758,1.0155106818846942,7.5,0.15409451865098134,50.3899708510496,9.487721390788987
4.61,21.7,9.5,17.8,-12.470000000000002,9.5,-34.17,5.265409702304033,6264.3,Rancagua,O'Higgins,5.1411944793273605,0.9862856015372314,0.9630183359605338,3.7894200000000002,7282.789824448306,0.15511990015748967,0.6350599941469125,9.5,0.15409451865098134,24.27353872762159,4.439514528778061
11.88,23.6,336.4,18.7,-10.57,-23.600000000000023,-34.17,5.265409702304033,15779.3,Rancagua,O'Higgins,5.176063761569239,0.9163627295622394,0.9008134570922899,9.65844,18562.309945069297,0.1516237335301262,0.6906643254316652,23.600000000000023,0.15409451865098134,62.553067263371915,10.701663870256404
8.75,34.3,340.9,12.9,0.1299999999999954,-19.100000000000023,-34.17,5.265409702304033,12743.2,Rancagua,O'Higgins,5.265396149054723,0.9449489121575307,0.9449464798438238,7.62125,14647.086348194882,0.16625179386823224,1.0038045068773778,19.100000000000023,0.15409451865098134,46.07233489516029,8.268281698633459
10.49,50.0,23.2,14.7,15.829999999999998,23.19999999999999,-34.17,5.265409702304033,14322.2,Rancagua,O'Higgins,5.065720598079548,0.9191353392552345,0.8842774036084354,8.94797,17196.875739682775,0.15585837348899365,1.4632718759145449,23.2,0.15409451865098134,55.234147777169305,9.276069963852487
6.67,38.8,44.3,10.1,4.6299999999999955,44.30000000000001,-34.17,5.265409702304033,9397.6,Rancagua,O'Higgins,5.248227352846622,0.7156927337037358,0.7133572492210666,5.99633,11524.19396847911,0.1608373895244159,1.1354989757096867,44.3,0.15409451865098134,35.120282714367896,4.758092852304514
7.71,20.4,12.0,17.5,-13.770000000000003,12.0,-34.17,5.265409702304033,10426.4,Rancagua,O'Higgins,5.114076786405383,0.9781476007338057,0.9500347022192719,6.3607499999999995,12224.563488834587,0.15437461874218975,0.5970149253731343,12.0,0.15409451865098134,40.59630880476409,7.324767554110586
4.34,9.3,337.6,13.0,-24.87,-22.399999999999977,-34.17,5.265409702304033,5705.9,Rancagua,O'Higgins,4.777118478304895,0.9245460336123132,0.8388076504816406,3.7758,7256.613893195242,0.15008259158723142,0.2721685689201054,22.399999999999977,0.15409451865098134,22.8518781079995,3.64042520309032
11.83,40.0,8.5,15.6,5.829999999999998,8.5,-34.17,5.265409702304033,16812.5,Rancagua,O'Higgins,5.238175210460348,0.9890158633619168,0.9839003365583295,9.98452,19188.99479550976,0.16223458662868567,1.170617500731636,8.5,0.15409451865098134,62.28979677825671,11.63954098148504
4.04,33.4,60.7,11.7,-0.7700000000000031,60.69999999999999,-34.17,5.265409702304033,5225.8,Rancagua,O'Higgins,5.264934222776165,0.4893824517488464,0.4893382593022449,3.56732,6855.941488816476,0.14766151272661512,0.977465613110916,60.7,0.15409451865098134,21.272255197308294,1.9769265675810694
12.12,43.3,2.6,18.2,9.129999999999995,2.5999999999999943,-34.17,5.265409702304033,16605.3,Rancagua,O'Higgins,5.198701489795531,0.9989705697907147,0.986314471817906,9.91416,19053.771702781014,0.1564011709390117,1.2671934445419957,2.6,0.15409451865098134,63.81676559192487,11.95413139843302
12.37,27.1,36.5,18.2,-7.07,36.5,-34.17,5.265409702304033,16193.0,Rancagua,O'Higgins,5.225374261980022,0.8038568606172173,0.7977447506026433,10.11866,19446.795046485237,0.1494354067692126,0.7930933567456834,36.5,0.15409451865098134,65.13311801750088,9.868102564954697
11.71,37.0,341.5,18.8,2.8299999999999983,-18.5,-34.17,5.265409702304033,15906.1,Rancagua,O'Higgins,5.258988128412676,0.9483236552061993,0.9471671012495027,9.50852,18274.18251383146,0.1550610452760588,1.082821188176763,18.5,0.15409451865098134,61.65794761398023,11.091326755631677
2.25,40.9,358.9,10.5,6.729999999999997,-1.1000000000000227,-34.17,5.265409702304033,3398.6,Rancagua,O'Higgins,5.229128000499271,0.9998157121216442,0.9929264067156395,2.01375,3870.1748576253817,0.17243023845763572,1.1969563944980977,1.1000000000000227,0.15409451865098134,11.847171830184074,2.2340844151101886
5.55,30.6,15.5,19.9,-3.5700000000000003,15.5,-34.17,5.265409702304033,7459.3,Rancagua,O'Higgins,5.255192009751243,0.963630453208623,0.9617604981126153,4.44555,8543.789367258358,0.1534267143856185,0.8955223880597015,15.5,0.15409451865098134,29.22302384778738,5.337770764525015
8.09,30.8,9.9,12.5,-3.370000000000001,9.900000000000006,-34.17,5.265409702304033,11946.9,Rancagua,O'Higgins,5.2563044600907505,0.9851093261547739,0.9834058197747713,7.078749999999999,13604.469409517404,0.1685786612933268,0.9013754755633596,9.9,0.15409451865098134,42.597164491639624,7.9557530819779
9.74,34.4,340.8,13.1,0.2299999999999968,-19.200000000000045,-34.17,5.265409702304033,14166.9,Rancagua,O'Higgins,5.26536727826656,0.9443763702374808,0.9443687612838031,8.46406,16266.861430382467,0.1660396332030041,1.0067310506292069,19.19999999999999,0.15409451865098134,51.28509050044128,9.198151734904242
13.95,38.5,339.8,12.5,4.329999999999998,-20.200000000000045,-34.17,5.265409702304033,20334.5,Rancagua,O'Higgins,5.250380843820501,0.9384930227595557,0.9358143178487749,12.206249999999999,23458.881120243233,0.1664007135726093,1.1267193444541996,20.19999999999999,0.15409451865098134,73.45246534714126,13.054609733990409
6.88,34.1,24.7,12.7,-0.0700000000000002,24.69999999999999,-34.17,5.265409702304033,9963.5,Rancagua,O'Higgins,5.265405772662503,0.9085081775267219,0.9085074994956348,6.00624,11543.239745183799,0.16531770999256665,0.9979514193737197,24.7,0.15409451865098134,36.22601875185175,6.250531596529967
13.38,42.0,29.8,15.5,7.829999999999998,29.80000000000001,-34.17,5.265409702304033,18358.2,Rancagua,O'Higgins,5.21631841399324,0.8677654533689283,0.8596749672593974,11.3061,21728.905751855164,0.15662817126359113,1.2291483757682178,29.8,0.15409451865098134,70.45118181682797,11.502451061930739
4.12,30.5,37.8,12.4,-3.6700000000000017,37.80000000000001,-34.17,5.265409702304033,5788.9,Rancagua,O'Higgins,5.254611771382756,0.7901550123756902,0.7885346181949676,3.60912,6936.275844644529,0.1603964401294498,0.8925958443078723,37.8,0.15409451865098134,21.693487973492616,3.248762626963267
6.83,23.5,45.1,13.9,-10.670000000000002,45.099999999999994,-34.17,5.265409702304033,9049.9,Rancagua,O'Higgins,5.174370119100941,0.7058715706786811,0.693666964157487,5.88063,11301.833084045958,0.1512582148324943,0.6877377816798361,45.1,0.15409451865098134,35.96274826673655,4.737745365195636
2.68,50.0,3.4,16.6,15.829999999999998,3.4000000000000057,-34.17,5.265409702304033,3649.3,Rancagua,O'Higgins,5.065720598079548,0.9982398279237653,0.9603818779617568,2.23512,4295.620224842034,0.1554428201458461,1.4632718759145449,3.4,0.15409451865098134,14.11129800217481,2.5738234329375085
11.65,29.3,352.2,18.4,-4.870000000000001,-7.799999999999955,-34.17,5.265409702304033,16048.8,Rancagua,O'Higgins,5.246400961482212,0.9907478404714437,0.9871711256507414,9.506400000000001,18270.10813980382,0.15725792227644186,0.8574773192859233,7.800000000000011,0.15409451865098134,61.34202303184198,11.500543613831137
3.96,29.6,33.8,16.9,-4.57,33.80000000000001,-34.17,5.265409702304033,5322.9,Rancagua,O'Higgins,5.248669563611781,0.8309844692743282,0.8283425485021094,3.2907599999999997,6324.427865663216,0.15344368340943684,0.8662569505414106,33.8,0.15409451865098134,20.851022421123968,3.280236492068353
5.34,33.6,17.8,15.9,-0.5700000000000003,17.80000000000001,-34.17,5.265409702304033,7526.6,Rancagua,O'Higgins,5.265149145128153,0.9521293927421387,0.9520822769126647,4.49094,8631.023252689825,0.16089904742359723,0.9833187006145742,17.8,0.15409451865098134,28.117287810303534,5.084119358713629
12.08,34.7,335.4,11.5,0.5300000000000011,-24.600000000000023,-34.17,5.265409702304033,17727.9,Rancagua,O'Higgins,5.265184431166903,0.9092361090470684,0.9091972090062768,10.6908,20546.376346568064,0.16752755601923253,1.0155106818846942,24.600000000000023,0.15409451865098134,63.606149203832715,10.983102284795823
8.95,31.1,334.2,18.2,-3.0700000000000003,-25.799999999999955,-34.17,5.265409702304033,12099.1,Rancagua,O'Higgins,5.257853044556769,0.9003187714021939,0.8990266780602557,7.3211,14070.23570461139,0.15432131833371598,0.9101551068188469,25.80000000000001,0.15409451865098134,47.12541683562109,8.046288768639288
2.18,34.0,12.3,10.4,-0.1700000000000017,12.300000000000011,-34.17,5.265409702304033,3299.1,Rancagua,O'Higgins,5.265386525452806,0.9770455744352636,0.9770412737556963,1.9532800000000001,3753.959104110494,0.17275669222068615,0.9950248756218905,12.3,0.15409451865098134,11.478593151022793,2.129949976787418
2.03,33.9,355.6,12.6,-0.2700000000000031,-4.399999999999977,-34.17,5.265409702304033,3005.7,Rancagua,O'Higgins,5.265351238962604,0.9970527522269202,0.9970416816666464,1.77422,3409.8282487379793,0.1690228760375194,0.9920983318700614,4.399999999999977,0.15409451865098134,10.688781695677186,2.023994613783292
8.64,35.6,359.3,10.6,1.4299999999999995,-0.7000000000000455,-34.17,5.265409702304033,13105.8,Rancagua,O'Higgins,5.263769843560674,0.999925369660452,0.9996139529896036,7.72416,14844.866457244283,0.17315924657534243,1.0418495756511559,0.6999999999999886,0.15409451865098134,45.493139827906845,8.636664553830176
5.96,15.3,26.8,16.7,-18.87,26.80000000000001,-34.17,5.265409702304033,7763.5,Rancagua,O'Higgins,4.9824193727174055,0.8925858184521254,0.8446136435921925,4.9646799999999995,9541.492097904696,0.14869870675124883,0.44776119402985076,26.8,0.15409451865098134,31.381841825732035,5.033897315809467
4.34,49.2,19.0,13.7,15.03,19.0,-34.17,5.265409702304033,6060.8,Rancagua,O'Higgins,5.08528096601273,0.9455185755993168,0.9131725520623202,3.7454199999999997,7198.227344629303,0.1594175451886455,1.4398595258999123,19.0,0.15409451865098134,22.8518781079995,3.9631688759504695
9.98,33.0,33.2,16.5,-1.1700000000000017,33.19999999999999,-34.17,5.265409702304033,13539.8,Rancagua,O'Higgins,5.264311926786639,0.8367643134589619,0.8365898580169205,8.3333,16015.557115356722,0.1548736742892177,0.9657594381035997,33.2,0.15409451865098134,52.54878882899425,8.349166783008867
4.97,38.8,311.7,13.5,4.6299999999999955,-48.30000000000001,-34.17,5.265409702304033,6637.2,Rancagua,O'Higgins,5.248227352846622,0.6652303546543608,0.6630595415420694,4.299049999999999,8262.234746951905,0.15244894021664232,1.1354989757096867,48.30000000000001,0.15409451865098134,26.169086220451042,3.2954059214640847
9.7,23.1,6.3,14.6,-11.07,6.300000000000011,-34.17,5.265409702304033,13782.0,Rancagua,O'Higgins,5.167437981251692,0.9939609554551797,0.975466655681667,8.2838,15920.424325560341,0.16219460528173987,0.6760316066725197,6.3,0.15409451865098134,51.074474112349115,9.46202656011217
6.93,30.4,17.4,14.6,-3.770000000000003,17.400000000000006,-34.17,5.265409702304033,9909.6,Rancagua,O'Higgins,5.254015526555533,0.9542403285162768,0.952175383407701,5.91822,11374.076348054967,0.1632370673466564,0.8896693005560432,17.4,0.15409451865098134,36.48928923696695,6.5985754070153675
4.43,28.8,321.8,10.5,-5.370000000000001,-38.19999999999999,-34.17,5.265409702304033,6330.4,Rancagua,O'Higgins,5.242300362136932,0.785856893175402,0.7824078483158721,3.9648499999999998,7619.944275235752,0.16312605007369843,0.8428446005267779,38.19999999999999,0.15409451865098134,23.325764981206863,3.466066768039313
3.8,45.9,343.6,14.3,11.729999999999997,-16.399999999999977,-34.17,5.265409702304033,5348.6,Rancagua,O'Higgins,5.1554495041340065,0.9593139745400576,0.9392801384832847,3.2565999999999997,6258.776631331009,0.16067652006729152,1.3432835820895521,16.399999999999977,0.15409451865098134,20.008556868755324,3.569264526236482
5.08,29.5,339.0,16.4,-4.670000000000002,-21.0,-34.17,5.265409702304033,7060.3,Rancagua,O'Higgins,5.247929348236998,0.9335804264972017,0.9304810824142364,4.246880000000001,8161.9705521301485,0.15865557473124078,0.8633304067895815,21.0,0.15409451865098134,26.748281287704486,4.726843898664321
2.39,40.2,0.5,15.5,6.030000000000001,0.5,-34.17,5.265409702304033,3406.4,Rancagua,O'Higgins,5.236276338213247,0.9999619230641713,0.9944291618112715,2.01955,3881.3217299651606,0.16270227928392655,1.1764705882352942,0.5,0.15409451865098134,12.584329188506638,2.376685696728939
6.01,29.0,40.7,10.8,-5.170000000000002,40.69999999999999,-34.17,5.265409702304033,8492.9,Rancagua,O'Higgins,5.2439885266200825,0.7581343361976524,0.7550500313237849,5.36092,10303.015666165644,0.1613159954109969,0.848697688030436,40.7,0.15409451865098134,31.645112310847235,4.537850688255947
13.73,30.5,50.6,16.7,-3.6700000000000017,50.599999999999994,-34.17,5.265409702304033,17512.7,Rancagua,O'Higgins,5.254611771382756,0.6347305132022677,0.6334288526245189,11.43709,21980.652098025417,0.1456057295460063,0.8925958443078723,50.6,0.15409451865098134,72.29407521263437,8.696978146534644
12.81,32.2,339.6,13.1,-1.9699999999999989,-20.399999999999977,-34.17,5.265409702304033,18581.5,Rancagua,O'Higgins,5.262297652233099,0.9372819894918917,0.9367280214919074,11.13189,21394.095988008154,0.16558749407390772,0.9423470880889669,20.399999999999977,0.15409451865098134,67.44989828651467,11.999485955311334
6.84,44.4,13.2,10.1,10.229999999999997,13.199999999999989,-34.17,5.265409702304033,10189.2,Rancagua,O'Higgins,5.1817041769119605,0.9735789028731603,0.958101677323176,6.14916,11817.91405463225,0.1700512697268285,1.2993854258121158,13.2,0.15409451865098134,36.015402363759584,6.553415472890523
9.49,19.1,14.0,11.6,-15.07,14.0,-34.17,5.265409702304033,13642.3,Rancagua,O'Higgins,5.084326462107754,0.9702957262759965,0.9369261873423452,8.38916,16122.913027236029,0.1641032858428242,0.5589698565993562,14.0,0.15409451865098134,49.96873807486527,8.891429517878857
9.38,23.6,9.7,15.0,-10.57,9.699999999999989,-34.17,5.265409702304033,13252.6,Rancagua,O'Higgins,5.176063761569239,0.9857034690888536,0.9689775904373299,7.973000000000001,15323.10571811157,0.16128506196999348,0.6906643254316652,9.7,0.15409451865098134,49.389543007611834,9.089009798302156
12.77,18.6,10.0,13.1,-15.57,10.0,-34.17,5.265409702304033,18075.4,Rancagua,O'Higgins,5.072186230641946,0.984807753012208,0.9486685000926315,11.09713,21327.291628951138,0.16158197544902259,0.5443371378402108,10.0,0.15409451865098134,67.23928189842249,12.114496746182903
5.07,25.5,7.6,16.9,-8.670000000000002,7.599999999999994,-34.17,5.265409702304033,7050.6,Rancagua,O'Higgins,5.205241609129999,0.9912155402515417,0.979888871985764,4.21317,8097.184161341543,0.15875010132122883,0.7462686567164178,7.6,0.15409451865098134,26.695627190681446,4.968036580967824
5.85,27.7,42.2,12.4,-6.470000000000002,42.19999999999999,-34.17,5.265409702304033,8065.1,Rancagua,O'Higgins,5.231874268637063,0.7408045962867502,0.736086406287577,5.1246,9848.838274555945,0.15738008820200602,0.8106526192566579,42.2,0.15409451865098134,30.80264675847859,4.306105476782325
5.92,21.3,27.6,17.7,-12.87,27.59999999999999,-34.17,5.265409702304033,7828.4,Rancagua,O'Higgins,5.13313183784414,0.8862035792312147,0.8639403321972522,4.87216,9363.68026533983,0.1509548932494138,0.6233538191395961,27.6,0.15409451865098134,31.171225437639873,5.1145267666077325
2.53,28.3,333.5,12.9,-5.870000000000001,-26.5,-34.17,5.265409702304033,3624.2,Rancagua,O'Higgins,5.237800541322685,0.8949343616020251,0.8902417757912007,2.20363,4235.100395535206,0.16352626924395836,0.8282118817676324,26.5,0.15409451865098134,13.321486546829203,2.2523116927517375
6.09,18.1,19.9,16.2,-16.07,19.90000000000001,-34.17,5.265409702304033,8195.4,Rancagua,O'Higgins,5.059659732556908,0.9402881270104189,0.9035456388425337,5.10342,9808.132971770343,0.15362035225048923,0.5297044190810652,19.9,0.15409451865098134,32.06634508703156,5.50259294055103
13.41,26.0,22.3,18.0,-8.170000000000002,22.30000000000001,-34.17,5.265409702304033,18128.8,Rancagua,O'Higgins,5.211969877482835,0.925209718385782,0.9158195573026339,10.996200000000002,21133.3168314936,0.15432496024571044,0.7609013754755634,22.3,0.15409451865098134,70.60914410789708,12.28114026342832
13.86,43.8,7.9,13.9,9.629999999999995,7.900000000000006,-34.17,5.265409702304033,19924.3,Rancagua,O'Higgins,5.191212613272376,0.9905094632383088,0.9765517803635209,11.93346,22934.612964110835,0.16410270348626513,1.2818261633011412,7.9,0.15409451865098134,72.9785784739339,13.535007675838399
3.43,37.4,28.3,10.5,3.229999999999997,28.30000000000001,-34.17,5.265409702304033,5038.4,Rancagua,O'Higgins,5.257045068489,0.8804773535091619,0.879078626522863,3.06985,5899.866560735583,0.16768507794507231,1.0945273631840795,28.3,0.15409451865098134,18.060355278902833,3.01523968897342
7.95,35.7,4.7,15.4,1.5300000000000011,4.699999999999989,-34.17,5.265409702304033,11412.9,Rancagua,O'Higgins,5.263532487531584,0.9966373868180366,0.9962820673783183,6.7257,12925.951602696974,0.16387955544068233,1.0447761194029852,4.7,0.15409451865098134,41.86000713331706,7.92044243565763
6.96,26.1,5.0,20.0,-8.07,5.0,-34.17,5.265409702304033,9349.4,Rancagua,O'Higgins,5.213267917615719,0.9961946980917455,0.986329678579055,5.5680000000000005,10700.997446186531,0.15334527371017687,0.7638279192273925,5.0,0.15409451865098134,36.647251528036065,6.864854562910223
8.36,21.9,3.0,19.7,-12.270000000000003,3.0,-34.17,5.265409702304033,11130.7,Rancagua,O'Higgins,5.145131858690078,0.9986295347545738,0.9758178232638369,6.71308,12901.697545985251,0.15198897773699507,0.6409130816505706,3.0,0.15409451865098134,44.01882511126171,8.157837002485676
9.21,25.1,309.5,12.2,-9.07,-50.5,-34.17,5.265409702304033,12257.3,Rancagua,O'Higgins,5.1995735613416505,0.636078220277764,0.6281250052876781,8.08638,15541.007853608808,0.1519256416739795,0.7345624817091015,50.5,0.15409451865098134,48.494423358220146,5.785031298699516
2.26,33.8,358.0,17.6,-0.3700000000000045,-2.0,-34.17,5.265409702304033,3166.0,Rancagua,O'Higgins,5.265299913299388,0.9993908270190958,0.9993699887310321,1.8622399999999997,3578.9916458668113,0.1599183739443165,0.9891717881182323,2.0,0.15409451865098134,11.899825927207113,2.2585761745321324
12.95,41.1,343.3,13.4,6.93,-16.700000000000045,-34.17,5.265409702304033,18679.2,Rancagua,O'Higgins,5.226942210992317,0.9578224948453147,0.9508249332913665,11.214699999999999,21553.246418776595,0.16465859205585234,1.2028094820017559,16.69999999999999,0.15409451865098134,68.18705564483722,12.313182886123196
14.66,41.4,330.3,11.6,7.229999999999997,-29.69999999999999,-34.17,5.265409702304033,21086.8,Rancagua,O'Higgins,5.223544119064479,0.8686315144381913,0.8617249740114703,12.95944,24906.417806035846,0.16419979193531306,1.2115891132572432,29.69999999999999,0.15409451865098134,77.19090623577712,12.632888119008154
10.49,39.2,35.9,16.7,5.030000000000001,35.900000000000006,-34.17,5.265409702304033,14066.7,Rancagua,O'Higgins,5.24513222462547,0.810041640445796,0.8069221108723121,8.73817,16793.66646090944,0.1530779476866422,1.1472051507170034,35.9,0.15409451865098134,55.234147777169305,8.464612943050554
10.59,28.3,12.6,15.0,-5.870000000000001,12.599999999999994,-34.17,5.265409702304033,15095.2,Rancagua,O'Higgins,5.237800541322685,0.9759167619387474,0.9707995451392699,9.0015,17299.753683880757,0.1627192017971637,0.8282118817676324,12.6,0.15409451865098134,55.760688747399705,10.280767183024869
8.86,34.4,359.3,15.4,0.2299999999999968,-0.7000000000000455,-34.17,5.265409702304033,12726.0,Rancagua,O'Higgins,5.26536727826656,0.999925369660452,0.9999173131418237,7.495559999999999,14405.525937093735,0.16396610903243763,1.0067310506292069,0.6999999999999886,0.15409451865098134,46.651529962413726,8.859267394436557
6.35,31.6,345.9,18.3,-2.5700000000000003,-14.100000000000025,-34.17,5.265409702304033,8725.0,Rancagua,O'Higgins,5.260113673496346,0.9698720152847466,0.9688965033259205,5.187949999999999,9970.589026749894,0.15685111278898356,0.9247878255779924,14.100000000000023,0.15409451865098134,33.43535160963061,6.152492796119595
3.94,32.6,7.4,13.4,-1.5700000000000005,7.400000000000006,-34.17,5.265409702304033,5773.3,Rancagua,O'Higgins,5.263433055660637,0.9916711623830904,0.9912988867986057,3.4120399999999997,6557.512810037049,0.1672722110191688,0.9540532630962832,7.4,0.15409451865098134,20.74571422707789,3.905717613986506
9.59,50.5,24.8,16.7,16.33,24.80000000000001,-34.17,5.265409702304033,12716.6,Rancagua,O'Higgins,5.052993616492977,0.9077774785329086,0.8711561043798178,7.9884699999999995,15352.837117266112,0.15137295794230102,1.4779045946736904,24.8,0.15409451865098134,50.49527904509567,8.354387041002452
2.58,20.1,339.3,13.7,-14.07,-20.700000000000045,-34.17,5.265409702304033,3612.7,Rancagua,O'Higgins,5.107444456565264,0.935444030829867,0.9073801849832193,2.22654,4279.130541277328,0.1598483239531344,0.5882352941176471,20.69999999999999,0.15409451865098134,13.584757031944404,2.341040877256706
12.72,32.3,359.9,10.4,-1.8700000000000043,-0.1000000000000227,-34.17,5.265409702304033,19322.2,Rancagua,O'Higgins,5.262605550180609,0.9999984769132877,0.9994659166737248,11.397120000000001,21903.83477260802,0.17340649320812151,0.9452736318407959,0.10000000000002274,0.15409451865098134,66.9760114133073,12.71320646008978
7.47,43.9,21.7,13.8,9.729999999999997,21.69999999999999,-34.17,5.265409702304033,10583.6,Rancagua,O'Higgins,5.189667379475083,0.9291325715340563,0.915767104616405,6.43914,12375.219234130307,0.16173674912740765,1.2847527070529703,21.7,0.15409451865098134,39.33261047621112,6.840780271484545
7.39,22.4,311.6,19.5,-11.770000000000003,-48.39999999999998,-34.17,5.265409702304033,9018.1,Rancagua,O'Higgins,5.154700927370004,0.6639262126522418,0.6499667181769769,5.948949999999999,11433.135552710373,0.13930493509061365,0.6555458004097161,48.39999999999998,0.15409451865098134,38.9113777000268,4.803254047327859
6.25,29.0,358.6,14.8,-5.170000000000002,-1.3999999999999773,-34.17,5.265409702304033,9000.4,Rancagua,O'Higgins,5.2439885266200825,0.9997014897811831,0.9956344214133144,5.325,10233.981932640676,0.16439086757990867,0.848697688030436,1.3999999999999773,0.15409451865098134,32.9088106394002,6.222715133833215
14.6,29.9,349.3,11.1,-4.270000000000003,-10.700000000000044,-34.17,5.265409702304033,21876.3,Rancagua,O'Higgins,5.250794270813917,0.9826127965436151,0.9798853145771292,12.9794,24944.778421881012,0.17104756990054418,0.8750365817968978,10.699999999999989,0.15409451865098134,76.87498165363887,14.306325592826086
4.27,32.4,356.7,16.9,-1.7700000000000031,-3.2999999999999545,-34.17,5.265409702304033,6023.1,Rancagua,O'Higgins,5.262897417318949,0.9983418166140284,0.9978654777728623,3.5483699999999994,6819.521966258064,0.16102306631163585,0.948200175592625,3.3000000000000114,0.15409451865098134,22.48329942883822,4.260885590090122
3.97,21.4,347.5,19.6,-12.770000000000003,-12.5,-34.17,5.265409702304033,5244.9,Rancagua,O'Higgins,5.135170968298925,0.9762960071199334,0.9521475432452413,3.1918800000000003,6134.392911015422,0.1508143266277906,0.6262803628914252,12.5,0.15409451865098134,20.903676518147012,3.780025746683608
4.15,38.9,3.4,19.1,4.729999999999997,3.4000000000000057,-34.17,5.265409702304033,5679.2,Rancagua,O'Higgins,5.247477545536396,0.9982398279237653,0.9948401697588565,3.35735,6452.405491371112,0.15621939814050723,1.1384255194615158,3.4,0.15409451865098134,21.851450264561738,4.128586704499255
10.56,39.5,48.1,15.7,5.329999999999998,48.099999999999994,-34.17,5.265409702304033,13734.0,Rancagua,O'Higgins,5.242643105765047,0.6678325554710467,0.664944978776045,8.90208,17108.680916980637,0.14846668742216687,1.1559847819724904,48.1,0.15409451865098134,55.602726456330586,7.021818975875036
14.89,38.2,351.9,13.8,4.030000000000001,-8.100000000000023,-34.17,5.265409702304033,21688.1,Rancagua,O'Higgins,5.252390392951336,0.9900236577165575,0.9875757144424263,12.835180000000001,24667.60567552882,0.16627337154352617,1.1179397131987123,8.100000000000023,0.15409451865098134,78.40195046730705,14.705002388047728
5.06,27.2,7.3,15.8,-6.970000000000002,7.300000000000011,-34.17,5.265409702304033,7163.3,Rancagua,O'Higgins,5.226497409588047,0.9918944425900296,0.9845641702891802,4.26052,8188.184920874037,0.16160638547475953,0.7960199004975124,7.3,0.15409451865098134,26.642973093658405,4.9818947016632515
13.77,34.9,49.9,18.2,0.7299999999999969,49.900000000000006,-34.17,5.265409702304033,17344.1,Rancagua,O'Higgins,5.264982339466579,0.6441236297613865,0.6440713499735543,11.263860000000001,21647.72577122892,0.14378504657401603,1.0213637693883522,49.9,0.15409451865098134,72.50469160072653,8.868862489135843
5.62,27.0,346.2,18.6,-7.170000000000002,-13.799999999999956,-34.17,5.265409702304033,7648.2,Rancagua,O'Higgins,5.224235196975786,0.9711342799096362,0.963540194008764,4.57468,8791.961026781717,0.1553527031638473,0.7901668129938543,13.800000000000011,0.15409451865098134,29.591602526948666,5.415095890329254
10.42,31.5,45.4,18.2,-2.6700000000000017,45.400000000000006,-34.17,5.265409702304033,13336.5,Rancagua,O'Higgins,5.259693588880381,0.7021530529951624,0.7013907976876738,8.52356,16381.212965592254,0.1461066705229669,0.9218612818261632,45.4,0.15409451865098134,54.865569098008024,7.308492111905561
2.53,51.4,0.1,14.6,17.229999999999997,0.0999999999999943,-34.17,5.265409702304033,3499.0,Rancagua,O'Higgins,5.029116010986462,0.9999984769132877,0.955121944073233,2.1606199999999998,4152.44057151213,0.15787716353529338,1.504243488440152,0.1,0.15409451865098134,13.321486546829203,2.4164585185052796
8.44,34.9,44.5,11.2,0.7299999999999969,44.5,-34.17,5.265409702304033,11774.8,Rancagua,O'Higgins,5.264982339466579,0.7132504491541817,0.7131925587424189,7.49472,14403.911562479008,0.15926010084615552,1.0213637693883522,44.5,0.15409451865098134,44.44005788744603,6.019345195786015
10.51,24.7,18.8,15.7,-9.470000000000002,18.80000000000001,-34.17,5.265409702304033,14631.4,Rancagua,O'Higgins,5.1936520936734265,0.9466492601156963,0.933748215190719,8.85993,17027.67390506312,0.15892018473382602,0.7228563067017851,18.8,0.15409451865098134,55.33945597121538,9.813693741654458
8.97,35.6,7.7,11.6,1.4299999999999995,7.699999999999989,-34.17,5.265409702304033,13430.4,Rancagua,O'Higgins,5.263769843560674,0.9909831997148363,0.9906745679926242,7.929480000000001,15239.465738072411,0.17091980879949906,1.0418495756511559,7.7,0.15409451865098134,47.23072502966718,8.88635087489384
5.09,23.4,358.4,10.6,-10.770000000000003,-1.6000000000000227,-34.17,5.265409702304033,7586.1,Rancagua,O'Higgins,5.172660714603898,0.9996101150403544,0.9820022114760336,4.55046,8745.41322539044,0.1701361789164895,0.6848112379280069,1.6000000000000227,0.15409451865098134,26.800935384727527,4.998391256413011
12.77,24.6,344.4,15.0,-9.57,-15.600000000000025,-34.17,5.265409702304033,17997.8,Rancagua,O'Higgins,5.192132163449726,0.963162566797658,0.94975844700416,10.8545,20860.987208985578,0.16088828339823288,0.7199297629499561,15.600000000000023,0.15409451865098134,67.23928189842249,12.128415368243123
14.61,25.8,1.9,16.6,-8.370000000000001,1.9000000000000057,-34.17,5.265409702304033,20470.3,Rancagua,O'Higgins,5.209326171527091,0.9994502159417572,0.9888047581113318,12.18474,23417.541598858996,0.15994471166618224,0.7550482879719052,1.9,0.15409451865098134,76.92763575066192,14.446437516006558
7.97,30.6,22.4,18.5,-3.5700000000000003,22.40000000000001,-34.17,5.265409702304033,10785.4,Rancagua,O'Higgins,5.255192009751243,0.924546033612313,0.9227519230574937,6.49555,12483.632177007348,0.15448055779951073,0.8955223880597015,22.4,0.15409451865098134,41.965315327363136,7.354332826768224
10.27,41.7,359.7,17.8,7.530000000000001,-0.2999999999999545,-34.17,5.265409702304033,14194.2,Rancagua,O'Higgins,5.220002821035962,0.9999862922474267,0.9913627925752344,8.441939999999999,16224.349565528002,0.15777433941123903,1.2203687445127305,0.30000000000001137,0.15409451865098134,54.07575764266242,10.181295879747656
12.28,38.8,352.1,18.6,4.6299999999999955,-7.899999999999977,-34.17,5.265409702304033,16866.7,Rancagua,O'Higgins,5.248227352846622,0.9905094632383089,0.9872771829979347,9.995919999999998,19210.904165281045,0.1567933529665492,1.1354989757096867,7.899999999999977,0.15409451865098134,64.65923114429351,12.123763807214637
5.14,38.4,353.7,17.6,4.229999999999997,-6.2999999999999545,-34.17,5.265409702304033,7156.5,Rancagua,O'Higgins,5.251066689870741,0.9939609554551798,0.9912533989404301,4.235359999999999,8139.830557413898,0.15894008848142424,1.1237928007023703,6.300000000000011,0.15409451865098134,27.064205869842727,5.09504247055381
13.24,25.4,24.8,17.0,-8.770000000000003,24.80000000000001,-34.17,5.265409702304033,17989.1,Rancagua,O'Higgins,5.203848370615428,0.9077774785329086,0.8971640612273272,10.9892,21119.86370970421,0.15510198099021918,0.7433421129645887,24.8,0.15409451865098134,69.71402445850539,11.878452170649812
5.64,29.8,30.6,10.1,-4.370000000000001,30.59999999999999,-34.17,5.265409702304033,8278.8,Rancagua,O'Higgins,5.250102027082006,0.8607420270039438,0.8582396653370901,5.07036,9744.59579943361,0.16756533566501505,0.8721100380450687,30.6,0.15409451865098134,29.696910720994744,4.840471712501188
12.09,36.3,343.3,16.3,2.1299999999999955,-16.700000000000045,-34.17,5.265409702304033,16980.5,Rancagua,O'Higgins,5.261771673793314,0.9578224948453147,0.957160706733569,10.11933,19448.08270242794,0.16033194722987035,1.0623353819139594,16.69999999999999,0.15409451865098134,63.65880330085575,11.572072944408848
3.46,29.1,343.3,11.2,-5.07,-16.700000000000045,-34.17,5.265409702304033,5134.4,Rancagua,O'Higgins,5.244808648987371,0.9578224948453147,0.9540749892569895,3.07248,5904.921090779309,0.16939847441074773,0.8516242317822651,16.69999999999999,0.15409451865098134,18.21831756997195,3.3010994628291837
5.75,31.9,9.5,10.6,-2.270000000000003,9.5,-34.17,5.265409702304033,8686.7,Rancagua,O'Higgins,5.261277783158794,0.9862856015372314,0.9855116347255164,5.1405,9879.396079763266,0.17245781218979553,0.9335674568334795,9.5,0.15409451865098134,30.276105788248188,5.6666918996717195
8.94,37.7,38.2,11.6,3.530000000000001,38.19999999999999,-34.17,5.265409702304033,12650.3,Rancagua,O'Higgins,5.2554196228926315,0.785856893175402,0.7843658842677032,7.902959999999999,15188.497625236047,0.1615322341740472,1.1033069944395668,38.2,0.15409451865098134,47.07276273859805,7.012231005353266
8.82,31.4,28.6,18.2,-2.770000000000003,28.59999999999999,-34.17,5.265409702304033,11849.2,Rancagua,O'Higgins,5.259257482325585,0.8779829754279806,0.8769571208966985,7.214760000000001,13865.863565885193,0.15336149680572383,0.9189347380743341,28.6,0.15409451865098134,46.44091357432157,7.734761806308882
13.06,36.0,328.7,17.4,1.8299999999999983,-31.30000000000001,-34.17,5.265409702304033,17604.9,Rancagua,O'Higgins,5.262724220783928,0.8544588301328073,0.8540230362387429,10.787560000000001,20732.33692718822,0.15388145335543016,1.0535557506584723,31.30000000000001,0.15409451865098134,68.76625071209067,11.153540853277983
14.95,46.9,353.4,19.5,12.729999999999997,-6.600000000000023,-34.17,5.265409702304033,19889.4,Rancagua,O'Higgins,5.135982240893111,0.9933727656003963,0.9689549666910072,12.034749999999999,23129.27963640326,0.1518715352545013,1.372549019607843,6.600000000000023,0.15409451865098134,78.71787504944528,14.485876752030558
3.39,32.8,336.7,19.8,-1.3700000000000043,-23.299999999999955,-34.17,5.265409702304033,4523.2,Rancagua,O'Higgins,5.26390456073158,0.9184463813430874,0.9181838392221917,2.71878,5225.1540655070075,0.15231475869128916,0.9599063505999413,23.30000000000001,0.15409451865098134,17.84973889081067,3.11264321496323
5.53,43.6,353.3,18.9,9.43,-6.7000000000000455,-34.17,5.265409702304033,7489.3,Rancagua,O'Higgins,5.19425563620637,0.993170649538486,0.9797494470036486,4.4848300000000005,8619.280599242233,0.15460089012195827,1.2759730757974832,6.699999999999989,0.15409451865098134,29.117715653741303,5.418014441930177
6.65,38.6,40.1,11.3,4.43,40.099999999999994,-34.17,5.265409702304033,9369.3,Rancagua,O'Higgins,5.249679004199666,0.7649214009184319,0.76263615659525,5.89855,11336.27307582679,0.16083530744669894,1.1296458882060287,40.1,0.15409451865098134,35.01497452032182,5.071530441358412
8.23,22.4,324.4,18.8,-11.770000000000003,-35.60000000000002,-34.17,5.265409702304033,10569.8,Rancagua,O'Higgins,5.154700927370004,0.8131007610470274,0.7960047715148068,6.682760000000001,12843.426309891795,0.14660974161798077,0.6555458004097161,35.60000000000002,0.15409451865098134,43.334321849962194,6.55111926956686
8.42,25.4,319.5,18.4,-8.770000000000003,-40.5,-34.17,5.265409702304033,10813.4,Rancagua,O'Higgins,5.203848370615428,0.7604059656000309,0.7515155645651763,6.87072,13204.661848682244,0.14660408464300045,0.7433421129645887,40.5,0.15409451865098134,44.33474969339996,6.327761053638785
13.13,27.5,339.3,18.7,-6.670000000000002,-20.700000000000045,-34.17,5.265409702304033,17697.4,Rancagua,O'Higgins,5.229771314064335,0.935444030829867,0.9291125733684211,10.67469,20515.41494770706,0.15386528115403744,0.8047995317529997,20.69999999999999,0.15409451865098134,69.13482939125196,12.19924808832737
12.02,27.3,7.2,11.5,-6.870000000000001,7.199999999999989,-34.17,5.265409702304033,17880.9,Rancagua,O'Higgins,5.22760463637856,0.9921147013144779,0.9849914262400972,10.6377,20444.324808422858,0.1698168577485014,0.7989464442493415,7.2,0.15409451865098134,63.29022462169447,11.839596943405967
2.25,33.4,15.5,11.2,-0.7700000000000031,15.5,-34.17,5.265409702304033,3353.1,Rancagua,O'Higgins,5.264934222776165,0.963630453208623,0.9635434349937383,1.998,3839.905333599262,0.17012176560121764,0.977465613110916,15.5,0.15409451865098134,11.847171830184074,2.167972728735911
7.92,39.1,10.9,19.2,4.93,10.900000000000006,-34.17,5.265409702304033,10758.9,Rancagua,O'Higgins,5.245929979068742,0.9819587126964436,0.9783258930236575,6.399360000000001,12298.767064875765,0.15507385498823856,1.144278606965174,10.9,0.15409451865098134,41.702044842247936,7.748341072747367
10.03,44.2,29.4,11.7,10.03,29.40000000000001,-34.17,5.265409702304033,14315.8,Rancagua,O'Higgins,5.184936845391046,0.8712138111201894,0.8578987856375162,8.856489999999999,17021.0626566409,0.16293357370809947,1.2935323383084578,29.4,0.15409451865098134,52.81205931410945,8.604724819944288
7.99,36.6,315.9,13.7,2.4299999999999997,-44.10000000000002,-34.17,5.265409702304033,10831.4,Rancagua,O'Higgins,5.260674872674297,0.7181262977631885,0.7174805349707787,6.89537,13252.036056126297,0.1547510872609026,1.071115013169447,44.10000000000002,0.15409451865098134,42.070623521409225,5.732669474416522
3.7,30.6,29.7,14.6,-3.5700000000000003,29.69999999999999,-34.17,5.265409702304033,5173.1,Rancagua,O'Higgins,5.255192009751243,0.8686315144381913,0.8669459077602703,3.1598,6072.739175729203,0.15960446748117982,0.8955223880597015,29.7,0.15409451865098134,19.48201589852492,3.207699858713
7.17,17.5,352.2,11.2,-16.67,-7.799999999999955,-34.17,5.265409702304033,10318.0,Rancagua,O'Higgins,5.044119408133454,0.9907478404714437,0.9491095077561652,6.36696,12236.498329736314,0.16427529724944753,0.5121451565700907,7.800000000000011,0.15409451865098134,37.752987565519916,6.805115170611704
7.35,34.7,18.3,10.2,0.5300000000000011,18.30000000000001,-34.17,5.265409702304033,11059.3,Rancagua,O'Higgins,5.265184431166903,0.9494254776419038,0.9493848581708538,6.6003,12684.948535212816,0.171765601217656,1.0155106818846942,18.3,0.15409451865098134,38.70076131193464,6.977978707555775
4.44,34.4,326.9,19.9,0.2299999999999968,-33.10000000000002,-34.17,5.265409702304033,5782.8,Rancagua,O'Higgins,5.26536727826656,0.8377187166204386,0.8377119670202681,3.5564400000000007,6835.031493806689,0.14867950141922745,1.0067310506292069,33.10000000000002,0.15409451865098134,23.378419078229907,3.7194411335699904
11.83,35.6,0.1,18.8,1.4299999999999995,0.0999999999999943,-34.17,5.265409702304033,16305.3,Rancagua,O'Higgins,5.263769843560674,0.9999984769132877,0.9996870374739228,9.605960000000001,18461.449969139725,0.15734028879445106,1.0418495756511559,0.1,0.15409451865098134,62.28979677825671,11.826297653316507
6.18,51.0,5.9,19.1,16.83,5.900000000000006,-34.17,5.265409702304033,8104.5,Rancagua,O'Higgins,5.03988182987905,0.9947028171171742,0.9520977355142346,4.999619999999999,9608.642394379149,0.1497040829897593,1.4925373134328357,5.9,0.15409451865098134,32.54023196023892,5.88396400547797
9.66,44.1,28.9,12.8,9.93,28.90000000000001,-34.17,5.265409702304033,13623.8,Rancagua,O'Higgins,5.186529490755141,0.8754645270000178,0.8623493410985116,8.42352,16188.948636476503,0.16099671951369388,1.2906057945566285,28.9,0.15409451865098134,50.86385772425696,8.330294635011622
8.7,40.5,320.4,12.2,6.329999999999998,-39.60000000000002,-34.17,5.265409702304033,12128.0,Rancagua,O'Higgins,5.233308407832952,0.770513242775789,0.7658157028123956,7.638599999999999,14680.430871487148,0.15913504434997114,1.1852502194907812,39.60000000000002,0.15409451865098134,45.80906441004508,6.662596614467842
13.41,26.5,0.8,14.3,-7.670000000000002,0.8000000000000114,-34.17,5.265409702304033,19330.6,Rancagua,O'Higgins,5.2183012341505375,0.9999025240093042,0.9909566149780886,11.49237,22086.893322670745,0.16455551809969388,0.7755340942347088,0.8,0.15409451865098134,70.60914410789708,13.288728206856169
3.59,30.1,332.9,14.5,-4.07,-27.100000000000023,-34.17,5.265409702304033,5043.2,Rancagua,O'Higgins,5.25213077172787,0.8902128046111264,0.887967761072488,3.06945,5899.097810919046,0.16036427926380992,0.880889669300556,27.100000000000023,0.15409451865098134,18.902820831271477,3.1878042622502316
3.49,33.4,12.6,10.1,-0.7700000000000031,12.599999999999994,-34.17,5.265409702304033,5287.1,Rancagua,O'Higgins,5.264934222776165,0.9759167619387474,0.9758286342397762,3.1375100000000002,6029.900592202713,0.17293702816919837,0.977465613110916,12.6,0.15409451865098134,18.376279861041077,3.405641933496819
5.9,28.0,19.4,17.8,-6.170000000000002,19.40000000000001,-34.17,5.265409702304033,8070.9,Rancagua,O'Higgins,5.234909163819435,0.943222657947601,0.9377589237645446,4.8498,9320.707150595446,0.1561585790573485,0.8194322505121451,19.4,0.15409451865098134,31.065917243593795,5.5327776502108135
7.61,38.2,32.2,20.0,4.030000000000001,32.19999999999999,-34.17,5.265409702304033,9901.0,Rancagua,O'Higgins,5.252390392951336,0.8461931661275641,0.844100859692771,6.088000000000001,11700.372207683838,0.1485218320042722,1.1179397131987123,32.2,0.15409451865098134,40.06976783453369,6.423607542261988
5.88,37.0,346.6,15.3,2.8299999999999983,-13.399999999999975,-34.17,5.265409702304033,8386.5,Rancagua,O'Higgins,5.258988128412676,0.9727758782093967,0.9715895028777832,4.98036,9571.627090712924,0.1628168390643929,1.082821188176763,13.399999999999977,0.15409451865098134,30.960609049547713,5.7129462769213655
11.92,25.5,23.2,13.9,-8.670000000000002,23.19999999999999,-34.17,5.265409702304033,16870.1,Rancagua,O'Higgins,5.205241609129999,0.9191353392552345,0.9086323349576474,10.263119999999999,19724.42904272735,0.16156128374858264,0.7462686567164178,23.2,0.15409451865098134,62.76368365146407,10.830897432695156
5.19,43.7,34.0,13.9,9.53,34.0,-34.17,5.265409702304033,7145.9,Rancagua,O'Higgins,5.192742033735765,0.8290375725550417,0.8175960644941003,4.46859,8588.069356690852,0.1571757243029711,1.2788996195493123,34.0,0.15409451865098134,27.32747635495793,4.243323574724381
3.1,35.0,318.9,11.0,0.8299999999999983,-41.10000000000002,-34.17,5.265409702304033,4388.7,Rancagua,O'Higgins,5.2648572363763755,0.7535633923016376,0.7534843256910386,2.7590000000000003,5302.451859559742,0.16161069376933274,1.0242903131401815,41.10000000000002,0.15409451865098134,16.3227700771425,2.3358014096422197
7.38,20.3,15.3,12.7,-13.87,15.300000000000011,-34.17,5.265409702304033,10525.3,Rancagua,O'Higgins,5.111881579225021,0.9645574184577981,0.9364329802031713,6.44274,12382.137982479133,0.16280735295937435,0.5940883816213053,15.3,0.15409451865098134,38.85872360300376,6.9108753938994045
12.05,33.8,24.0,15.0,-0.3700000000000045,24.0,-34.17,5.265409702304033,17003.5,Rancagua,O'Higgins,5.265299913299388,0.9135454576426009,0.913526409315469,10.2425,19684.799989684903,0.16108205915231436,0.9891717881182323,24.0,0.15409451865098134,63.448186912763596,11.007993232251403
13.06,36.4,353.5,14.3,2.229999999999997,-6.5,-34.17,5.265409702304033,18940.5,Rancagua,O'Higgins,5.261422100253258,0.9935718556765875,0.9928194034661632,11.19242,21510.42705399552,0.1655557070632906,1.0652619256657887,6.5,0.15409451865098134,68.76625071209067,12.96622140926809
11.53,42.0,329.7,15.5,7.829999999999998,-30.30000000000001,-34.17,5.265409702304033,15827.1,Rancagua,O'Higgins,5.21631841399324,0.8633955506067715,0.855345806655689,9.742849999999999,18724.535375103886,0.15669961624826245,1.2291483757682178,30.30000000000001,0.15409451865098134,60.710173867565494,9.862137150740095
9.25,31.5,23.6,18.5,-2.6700000000000017,23.59999999999999,-34.17,5.265409702304033,12514.3,Rancagua,O'Higgins,5.259693588880381,0.9163627295622396,0.9153679288543113,7.538749999999999,14488.53169853425,0.1544403307417006,0.9218612818261632,23.6,0.15409451865098134,48.7050397463123,8.46715334190238
11.41,40.8,330.0,12.3,6.6299999999999955,-30.0,-34.17,5.265409702304033,16308.6,Rancagua,O'Higgins,5.23019700365907,0.8660254037844387,0.8602338142811566,10.00657,19231.37212914633,0.16316497184637363,1.1940298507462686,30.0,0.15409451865098134,60.07832470328901,9.815267820947998
10.86,35.7,355.5,10.3,1.5300000000000011,-4.5,-34.17,5.265409702304033,16514.2,Rancagua,O'Higgins,5.263532487531584,0.996917333733128,0.996561914487219,9.74142,18721.78709450977,0.17358956246793986,1.0447761194029852,4.5,0.15409451865098134,57.18234936702179,10.822662391331198
5.05,23.6,359.0,10.4,-10.57,-1.0,-34.17,5.265409702304033,7545.8,Rancagua,O'Higgins,5.176063761569239,0.9998476951563913,0.9828818106448455,4.5248,8696.097924659629,0.1705728107057281,0.6906643254316652,1.0,0.15409451865098134,26.590318996635364,4.963553143756469
9.16,22.8,17.9,11.3,-11.37,17.900000000000006,-34.17,5.265409702304033,13348.7,Rancagua,O'Higgins,5.1620735799769175,0.9515944038794382,0.9329189196750362,8.12492,15615.07689843209,0.1663563538114893,0.6672519754170325,17.9,0.15409451865098134,48.23115287310494,8.54553730422333
12.02,43.2,344.3,15.7,9.03,-15.700000000000044,-34.17,5.265409702304033,16822.2,Rancagua,O'Higgins,5.200151774670098,0.9626917464264786,0.9507604301806419,10.132859999999999,19474.085664972277,0.15976226836550955,1.2642669007901668,15.699999999999989,0.15409451865098134,63.29022462169447,11.428140370771315
6.12,43.7,342.9,18.1,9.53,-17.100000000000023,-34.17,5.265409702304033,8299.4,Rancagua,O'Higgins,5.192742033735765,0.95579301479833,0.9426021609149488,5.01228,9632.973326072526,0.1548072044647387,1.2788996195493123,17.100000000000023,0.15409451865098134,32.22430737810068,5.7687252247994865
10.5,36.8,2.5,18.9,2.6299999999999955,2.5,-34.17,5.265409702304033,14440.6,Rancagua,O'Higgins,5.259863545432181,0.9990482215818578,0.9979959049583265,8.515500000000001,16365.722656789048,0.15699717329854315,1.0769681006731049,2.5,0.15409451865098134,55.28680187419234,10.478957002062428
8.26,46.1,25.2,16.4,11.93,25.19999999999999,-34.17,5.265409702304033,11194.0,Rancagua,O'Higgins,5.151681500594713,0.9048270524660196,0.885283586837908,6.905360000000001,13271.235582794297,0.15470385971895145,1.3491366695932103,25.2,0.15409451865098134,43.49228414103131,7.31244242728112
8.54,42.6,57.2,14.0,8.43,57.19999999999999,-34.17,5.265409702304033,10821.8,Rancagua,O'Higgins,5.208520680825342,0.54170821028274,0.5358554368515532,7.344399999999999,14115.015381424633,0.14465635793953782,1.2467076382791922,57.2,0.15409451865098134,44.96659885767644,4.576205430712264
3.17,39.6,322.3,11.5,5.43,-37.69999999999999,-34.17,5.265409702304033,4483.9,Rancagua,O'Higgins,5.241781456059468,0.7912235329674902,0.7876729594075126,2.80545,5391.72293200503,0.1614702620169108,1.1589113257243195,37.69999999999999,0.15409451865098134,16.691348756303782,2.496923281321815
10.66,26.9,7.9,14.0,-7.270000000000003,7.900000000000006,-34.17,5.265409702304033,15393.6,Rancagua,O'Higgins,5.223080218045129,0.9905094632383088,0.9825465966993395,9.1676,17618.977045197495,0.16484617954714847,0.7872402692420251,7.9,0.15409451865098134,56.129267426560986,10.47394672081496
13.25,48.0,332.8,13.3,13.829999999999998,-27.200000000000045,-34.17,5.265409702304033,18398.7,Rancagua,O'Higgins,5.112761531074037,0.8894163732912972,0.8636315264282843,11.48775,22078.01426228975,0.15851382786249676,1.404741000877963,27.19999999999999,0.15409451865098134,69.76667855552843,11.443117725174767
3.84,38.5,25.5,18.7,4.329999999999998,25.5,-34.17,5.265409702304033,5151.2,Rancagua,O'Higgins,5.250380843820501,0.9025852843498606,0.9000090695299813,3.12192,5999.938568103207,0.1531345129375951,1.1267193444541996,25.5,0.15409451865098134,20.219173256847483,3.4560348269951278
6.76,31.1,336.5,14.9,-3.0700000000000003,-23.5,-34.17,5.265409702304033,9547.3,Rancagua,O'Higgins,5.257853044556769,0.917060074385124,0.9157439547462711,5.752759999999999,11056.08298644469,0.16122402799167815,0.9101551068188469,23.5,0.15409451865098134,35.59416958757526,6.190429134084793
2.63,28.8,343.1,12.3,-5.370000000000001,-16.899999999999977,-34.17,5.265409702304033,3860.5,Rancagua,O'Higgins,5.242300362136932,0.9568135840576075,0.952614227912384,2.30651,4432.8228483483645,0.16756515096272376,0.8428446005267779,16.899999999999977,0.15409451865098134,13.848027517059606,2.50537541940957
2.39,36.2,345.3,12.9,2.030000000000001,-14.700000000000044,-34.17,5.265409702304033,3494.7,Rancagua,O'Higgins,5.26210521906433,0.9672677527758766,0.9666607116797291,2.08169,4000.7470139640877,0.16691981429472114,1.0594088381621305,14.699999999999989,0.15409451865098134,12.584329188506638,2.3103191009145525
14.87,20.8,358.1,11.4,-13.37,-1.8999999999999773,-34.17,5.265409702304033,21750.8,Rancagua,O'Higgins,5.1227017653209685,0.9994502159417572,0.9723622044671868,13.174819999999999,25320.35114474986,0.1669783481190101,0.6087211003804507,1.8999999999999773,0.15409451865098134,78.29664227326096,14.459025980427066
8.42,39.8,8.1,19.2,5.6299999999999955,8.099999999999994,-34.17,5.265409702304033,11457.0,Rancagua,O'Higgins,5.240010257195577,0.9900236577165575,0.9852479511767149,6.8033600000000005,13075.204379577517,0.15532977581101748,1.1647644132279775,8.1,0.15409451865098134,44.33474969339996,8.295787748907939
6.62,26.5,12.1,10.5,-7.670000000000002,12.099999999999994,-34.17,5.265409702304033,9912.3,Rancagua,O'Higgins,5.2183012341505375,0.9777832367586062,0.9690352241491205,5.9249,11386.914469991125,0.17092765798948803,0.7755340942347088,12.1,0.15409451865098134,34.857012229252696,6.415013183867178
5.57,37.1,359.9,10.1,2.9299999999999997,-0.1000000000000227,-34.17,5.265409702304033,8488.6,Rancagua,O'Higgins,5.258526389539238,0.9999984769132877,0.9986912087860039,5.00743,9623.652234547024,0.17397096316699867,1.0857477319285924,0.10000000000002274,0.15409451865098134,29.328332041833463,5.562710032938043
14.74,30.0,326.8,11.8,-4.170000000000002,-33.19999999999999,-34.17,5.265409702304033,21076.9,Rancagua,O'Higgins,5.251470519715863,0.8367643134589619,0.8345491372033582,13.000680000000001,24985.67591212075,0.1632319411659015,0.8779631255487269,33.19999999999999,0.15409451865098134,77.61213901196145,12.301254282377501
5.28,32.1,18.2,18.1,-2.0700000000000003,18.19999999999999,-34.17,5.265409702304033,7239.3,Rancagua,O'Higgins,5.261973724414329,0.9499720515246526,0.9493521409859822,4.32432,8310.80051661159,0.1565159298464093,0.9394205443371378,18.2,0.15409451865098134,27.801363228165293,5.012579304405986
11.43,28.1,358.7,15.2,-6.07,-1.2999999999999543,-34.17,5.265409702304033,16354.7,Rancagua,O'Higgins,5.235888906724788,0.9997426093226983,0.9941374999636371,9.692639999999999,18628.038054383156,0.1633398850257873,0.8223587942639743,1.3000000000000114,0.15409451865098134,60.183632897335094,11.362991624584371
10.14,44.0,15.8,13.0,7.18,15.800000000000011,-36.82,4.834485104215848,14065.0,Concepción,Biobío,4.796574959519204,0.9622179935292853,0.9546726556953554,8.8218,15566.83415271555,0.1583425648230706,1.1950027159152634,15.8,0.13130051885431418,49.0216789567487,9.680380728750904
6.65,37.4,345.2,17.0,0.5799999999999983,-14.799999999999956,-36.82,4.834485104215848,8879.2,Concepción,Biobío,4.834237403509831,0.9668233886044596,0.9667738522358931,5.5195,9739.638294442571,0.15242215126858244,1.0157523085279738,14.800000000000011,0.13130051885431418,32.14932594303539,6.4290461173686895
2.89,28.8,17.1,14.0,-8.02,17.099999999999994,-36.82,4.834485104215848,3951.5,Concepción,Biobío,4.787201073774112,0.9557930147983301,0.9464448122424235,2.4854000000000003,4385.704686476596,0.15608459338610545,0.7821835958718089,17.1,0.13130051885431418,13.971661951183803,2.735225507380604
13.13,34.3,53.5,16.0,-2.520000000000003,53.5,-36.82,4.834485104215848,15971.8,Concepción,Biobío,4.829809841322438,0.5948227867513414,0.5942475542616129,11.0292,19461.983635667362,0.13886251638862515,0.9315589353612167,53.5,0.13130051885431418,63.476789418354095,7.802470387454978
4.49,24.0,319.3,20.0,-12.82,-40.69999999999999,-36.82,4.834485104215848,5336.3,Concepción,Biobío,4.713970865592493,0.7581343361976524,0.7392355330507755,3.5920000000000005,6338.3967304353155,0.13567186340014847,0.6518196632265073,40.69999999999999,0.13130051885431418,21.70683811792916,3.319167543397982
2.43,28.7,338.9,19.8,-8.120000000000001,-21.100000000000023,-36.82,4.834485104215848,3076.4,Concepción,Biobío,4.786016556072682,0.9329535348254889,0.9236001285488632,1.9488600000000003,3438.9331436737666,0.1445214874945976,0.779467680608365,21.100000000000023,0.13130051885431418,11.747798803244512,2.2443483123737376
9.45,47.7,354.1,15.1,10.880000000000004,-5.899999999999977,-36.82,4.834485104215848,12759.1,Concepción,Biobío,4.747583588965339,0.9947028171171742,0.9768226954148543,8.02305,14157.37023611332,0.15412891691430505,1.2954915806626834,5.899999999999977,0.13130051885431418,45.68588423483976,9.230974471670374
3.08,35.7,349.6,15.7,-1.1199999999999974,-10.399999999999975,-36.82,4.834485104215848,4197.4,Concepción,Biobío,4.833561476020242,0.983571470813386,0.9833835595212311,2.59644,4581.644433956421,0.15556988673427027,0.9695817490494297,10.399999999999977,0.13130051885431418,14.890214120984814,3.0288213633253918
3.24,51.9,351.7,19.0,15.079999999999998,-8.299999999999955,-36.82,4.834485104215848,4108.4,Concepción,Biobío,4.668002383476053,0.9895257890689696,0.9554499894636018,2.6244000000000005,4630.982288238987,0.1447516770956649,1.409560021727322,8.300000000000011,0.13130051885431418,15.663731737659349,3.09565796586207
12.4,36.1,327.4,19.9,-0.7199999999999989,-32.60000000000002,-36.82,4.834485104215848,15484.6,Concepción,Biobío,4.8341033935953055,0.8424523970071474,0.8423858805073946,9.932400000000001,17526.584544926427,0.14255229046987775,0.9804454101032049,32.60000000000002,0.13130051885431418,59.947615292276524,10.445584918291694
8.39,36.5,35.1,17.8,-0.3200000000000003,35.099999999999994,-36.82,4.834485104215848,10674.5,Concepción,Biobío,4.834409703790868,0.8181497174250235,0.8181369572582092,6.89658,12169.615847212022,0.1452384062348632,0.9913090711569799,35.1,0.13130051885431418,40.56133002437097,6.864169071396376
5.14,41.9,324.4,10.7,5.079999999999998,-35.60000000000002,-36.82,4.834485104215848,7068.2,Concepción,Biobío,4.815495414440479,0.8131007610470274,0.8099069294650592,4.59002,8099.489911089282,0.1569790167546151,1.137968495382944,35.60000000000002,0.13130051885431418,24.84925343566946,4.162921617450404
6.53,15.4,355.0,13.2,-21.42,-5.0,-36.82,4.834485104215848,8557.8,Concepción,Biobío,4.50055944961542,0.9961946980917455,0.9273859295261595,5.66804,10001.750056786354,0.1496045648115127,0.41825095057034223,5.0,0.13130051885431418,31.569187730529492,6.0558301198058215
11.48,38.5,26.1,19.0,1.6799999999999995,26.09999999999999,-36.82,4.834485104215848,14700.5,Concepción,Biobío,4.832407023492797,0.8980275757606156,0.8976415628236165,9.298800000000002,16408.542181785055,0.14617937886815266,1.0456273764258555,26.1,0.13130051885431418,55.49988899639794,10.304925141215119
2.86,36.4,359.2,17.7,-0.4200000000000017,-0.7999999999999545,-36.82,4.834485104215848,3824.1,Concepción,Biobío,4.8343552154464975,0.9999025240093042,0.9998756594920879,2.35378,4153.449737239431,0.152636746814829,0.988593155893536,0.8000000000000114,0.13130051885431418,13.826627398057326,2.8596443861473713
3.51,48.7,335.5,17.4,11.880000000000004,-24.5,-36.82,4.834485104215848,4503.9,Concepción,Biobío,4.730934805231569,0.9099612708765432,0.8904707233555235,2.89926,5115.996688385827,0.14647972524684852,1.3226507332971211,24.5,0.13130051885431418,16.969042715797627,3.125552238977887
10.01,44.5,326.3,16.7,7.68,-33.69999999999999,-36.82,4.834485104215848,12838.6,Concepción,Biobío,4.791119334543829,0.8319541221304827,0.8244914182312534,8.33833,14713.709245348187,0.1464129477828108,1.2085822922324823,33.69999999999999,0.13130051885431418,48.39319589320064,8.253159096494846
9.89,27.8,354.3,14.2,-9.02,-5.7000000000000455,-36.82,4.834485104215848,13590.6,Concepción,Biobío,4.774700287759637,0.9950555699612262,0.9827503888857926,8.48562,14973.615273863172,0.15686939900549884,0.7550244432373711,5.699999999999989,0.13130051885431418,47.81305768069474,9.71940134608049
14.64,46.8,341.1,14.0,9.979999999999997,-18.899999999999977,-36.82,4.834485104215848,19848.1,Concepción,Biobío,4.761331163005562,0.9460853588275454,0.9317694862521538,12.5904,22216.856958483513,0.15476535793597324,1.2710483432916893,18.899999999999977,0.13130051885431418,70.77686192572003,13.641105278731533
6.87,34.7,5.1,18.1,-2.1199999999999974,5.099999999999994,-36.82,4.834485104215848,9116.2,Concepción,Biobío,4.831176101383728,0.9960410654107696,0.9953593169649055,5.62653,9928.502047799613,0.1514791994842243,0.9424225964149919,5.1,0.13130051885431418,33.212912665962875,6.838118507548901
2.85,29.6,325.0,12.9,-7.219999999999999,-35.0,-36.82,4.834485104215848,3804.2,Concepción,Biobío,4.79615194641522,0.8191520442889918,0.8126568987048107,2.4823500000000003,4380.322695934327,0.15237523031322597,0.8039109179793591,35.0,0.13130051885431418,13.778282547015168,2.3160721613087105
8.99,38.4,20.3,16.8,1.5799999999999983,20.30000000000001,-36.82,4.834485104215848,11934.4,Concepción,Biobío,4.832647036029746,0.9378889346118976,0.9375323498307584,7.47968,13198.546563669935,0.15154331804491036,1.0429114611624117,20.3,0.13130051885431418,43.46202108690048,8.428415824978519
10.3,35.2,2.9,17.3,-1.6199999999999974,2.9000000000000057,-36.82,4.834485104215848,13818.6,Concepción,Biobío,4.832552797504745,0.9987193571841861,0.9983201766975789,8.5181,15030.929061670673,0.15315201489559782,0.9560021727322108,2.9,0.13130051885431418,49.79519657342324,10.282697819985064
3.81,49.1,4.7,18.4,12.28,4.699999999999989,-36.82,4.834485104215848,4928.9,Concepción,Biobío,4.723871488173979,0.9966373868180366,0.9738342003644621,3.10896,5486.03059550506,0.14767974208703363,1.3335143943508962,4.7,0.13130051885431418,18.419388247062383,3.710308303388601
9.19,39.5,36.0,13.2,2.6799999999999997,36.0,-36.82,4.834485104215848,12293.9,Concepción,Biobío,4.8291974217103855,0.8090169943749475,0.8081321379909557,7.97692,14075.969834895343,0.15271090772678264,1.0727865290602934,36.0,0.13130051885431418,44.42891810774364,7.426734348136883
4.57,38.5,349.1,17.4,1.6799999999999995,-10.899999999999975,-36.82,4.834485104215848,6095.7,Concepción,Biobío,4.832407023492797,0.9819587126964437,0.9815366223543083,3.7748200000000005,6660.998537300066,0.15226611912112945,1.0456273764258555,10.899999999999977,0.13130051885431418,22.09359692626643,4.485622364159189
12.98,44.0,341.9,11.1,7.18,-18.100000000000023,-36.82,4.834485104215848,18356.3,Concepción,Biobío,4.796574959519204,0.9505157316277836,0.9430621583628618,11.53922,20361.958329558405,0.1614382154491279,1.1950027159152634,18.100000000000023,0.13130051885431418,62.751616652721715,12.240946815549947
12.86,45.6,346.3,11.4,8.780000000000001,-13.700000000000044,-36.82,4.834485104215848,18146.2,Concepción,Biobío,4.777833270401973,0.971549119997646,0.9601642386500695,11.39396,20105.63441278139,0.16107962816989427,1.238457360130364,13.699999999999989,0.13130051885431418,62.17147844021581,12.347712109039893
7.59,43.1,355.2,14.2,6.280000000000001,-4.7999999999999545,-36.82,4.834485104215848,10493.0,Concepción,Biobío,4.805474323099154,0.9964928592495044,0.9905131043012831,6.51222,11491.379163662434,0.15781700266512655,1.1705594785442694,4.800000000000011,0.13130051885431418,36.69374194099829,7.517994461646739
14.57,48.2,357.7,10.6,11.380000000000004,-2.2999999999999545,-36.82,4.834485104215848,20729.4,Concepción,Biobío,4.7394396604382685,0.999194395114446,0.9795503435440096,13.02558,22984.769956576733,0.16241385470238154,1.3090711569799023,2.3000000000000114,0.13130051885431418,70.43844796842491,14.27204850543622
14.74,41.7,339.2,19.5,4.880000000000003,-20.799999999999955,-36.82,4.834485104215848,18875.0,Concepción,Biobío,4.816960345271064,0.9348256763960148,0.9314369815751437,11.865699999999999,20938.060713899304,0.14617912926029875,1.1325366648560566,20.80000000000001,0.13130051885431418,71.26031043614161,13.729381108417618
3.68,38.2,309.4,19.0,1.3800000000000026,-50.60000000000002,-36.82,4.834485104215848,4372.1,Concepción,Biobío,4.833082897174454,0.6347305132022673,0.6345464142598123,2.9808000000000003,5259.88111750601,0.1356245036728211,1.0374796306355243,50.60000000000002,0.13130051885431418,17.790905183514322,2.335130804476109
6.78,46.7,346.0,10.5,9.880000000000004,-14.0,-36.82,4.834485104215848,9630.0,Concepción,Biobío,4.762786212747036,0.9702957262759965,0.955905542736027,6.0681,10707.69075722565,0.16214086555946175,1.2683324280282455,14.0,0.13130051885431418,32.77780900658345,6.481039579750264
9.8,36.1,9.0,18.4,-0.7199999999999989,9.0,-36.82,4.834485104215848,12945.4,Concepción,Biobío,4.8341033935953055,0.9876883405951378,0.9876103568758245,7.996800000000001,14111.049825708555,0.15079442735998508,0.9804454101032049,9.0,0.13130051885431418,47.37795402131532,9.678581497383082
3.1,37.1,3.4,15.1,0.2800000000000011,3.4000000000000057,-36.82,4.834485104215848,4274.0,Concepción,Biobío,4.834427375730303,0.9982398279237653,0.9982279079628522,2.6319,4644.216691211777,0.1573869494770953,1.0076045627376427,3.4,0.13130051885431418,14.986903823069131,3.094506514684842
6.97,50.6,30.0,17.0,13.78,30.0,-36.82,4.834485104215848,8812.0,Concepción,Biobío,4.695336462384572,0.8660254037844387,0.8410990142868473,5.7851,10208.312618385673,0.14432368336576196,1.374253123302553,30.0,0.13130051885431418,33.696361176384464,5.8624601295793255
5.4,49.8,48.9,18.9,12.979999999999997,48.900000000000006,-36.82,4.834485104215848,6302.0,Concepción,Biobío,4.71095689417931,0.6573752457940957,0.6405783407080792,4.3794,7727.832583872055,0.1332234060544563,1.3525258011950025,48.9,0.13130051885431418,26.10621956276558,3.459123039823628
14.38,36.8,19.0,15.8,-0.0200000000000031,19.0,-36.82,4.834485104215848,19383.7,Concepción,Biobío,4.834484809682175,0.9455185755993168,0.9455185179950316,12.10796,21365.549575791083,0.15387699176303973,0.9994568169473111,19.0,0.13130051885431418,69.5198957986239,13.596556288768555
7.35,33.2,34.6,11.2,-3.6199999999999974,34.599999999999994,-36.82,4.834485104215848,10099.1,Concepción,Biobío,4.824839095874752,0.8231363685344419,0.8214940053653386,6.5268,11517.10684304154,0.15685242133383034,0.9016838674633352,34.6,0.13130051885431418,35.533465515986485,6.037980939435238
11.91,48.5,19.2,10.0,11.68,19.19999999999999,-36.82,4.834485104215848,16798.4,Concepción,Biobío,4.734380017679556,0.9443763702374811,0.9248216759468703,10.719000000000001,18914.608728712734,0.16100970367558823,1.3172189027702335,19.2,0.13130051885431418,57.578717591210754,11.014626160527225
7.03,43.2,42.7,15.0,6.380000000000003,42.69999999999999,-36.82,4.834485104215848,8974.1,Concepción,Biobío,4.8045440193314155,0.73491459514996,0.730363099012966,5.9755,10544.289995188257,0.14572413076378468,1.1732753938077132,42.7,0.13130051885431418,33.986430282637414,5.134452586061151
3.71,39.3,46.3,19.5,2.479999999999997,46.30000000000001,-36.82,4.834485104215848,4457.5,Concepción,Biobío,4.829957061432529,0.6908824110768582,0.6902353214596265,2.98655,5270.027493118482,0.13715553422195967,1.0673546985334057,46.3,0.13130051885431418,17.935939736640798,2.560773042615214
13.22,34.2,23.8,15.7,-2.6199999999999974,23.80000000000001,-36.82,4.834485104215848,17676.5,Concepción,Biobío,4.829431492497932,0.9149596678498247,0.9140032369581804,11.14446,19665.369940553213,0.15263731443295406,0.928843020097773,23.8,0.13130051885431418,63.91189307773352,12.083122792587146
2.01,39.5,17.7,13.7,2.6799999999999997,17.69999999999999,-36.82,4.834485104215848,2771.6,Concepción,Biobío,4.8291974217103855,0.9526614812535863,0.9516195147691597,1.73463,3060.9056571589667,0.1574093005293169,1.0727865290602934,17.7,0.13130051885431418,9.717315059473854,1.912755224686011
2.73,36.6,354.9,10.3,-0.2199999999999988,-5.100000000000023,-36.82,4.834485104215848,3965.8,Concepción,Biobío,4.834449465684877,0.9960410654107695,0.9960337228624746,2.44881,4321.138445840006,0.16583036446050145,0.9940249864204237,5.100000000000023,0.13130051885431418,13.198144334509266,2.7191720634145558
6.74,31.5,359.0,19.1,-5.32,-1.0,-36.82,4.834485104215848,8801.5,Concepción,Biobío,4.813660047679516,0.9998476951563913,0.9955407453301945,5.45266,9621.69329514906,0.14907083722883893,0.8555133079847909,1.0,0.13130051885431418,32.58442960241482,6.709944623525511
10.93,37.9,351.6,13.3,1.0799999999999983,-8.399999999999977,-36.82,4.834485104215848,15339.7,Concepción,Biobío,4.83362626944707,0.9892723329629883,0.9890965910883059,9.47631,16721.774031345067,0.160211098438799,1.029331884845193,8.399999999999977,0.13130051885431418,52.84092218907922,10.810825740595183
6.44,38.9,15.5,17.0,2.0799999999999983,15.5,-36.82,4.834485104215848,8587.3,Concepción,Biobío,4.831299777830274,0.963630453208623,0.9629955401946453,5.3452,9432.070769354912,0.15221822797016363,1.0564910374796306,15.5,0.13130051885431418,31.134084071150067,6.201691278853516
2.86,33.8,342.0,16.9,-3.020000000000003,-18.0,-36.82,4.834485104215848,3805.2,Concepción,Biobío,4.8277709965385585,0.9510565162951535,0.9497356939697262,2.3766599999999998,4193.823489241758,0.15188236421113133,0.9179793590439977,18.0,0.13130051885431418,13.826627398057326,2.716244084753417
6.13,44.1,355.2,12.5,7.280000000000001,-4.7999999999999545,-36.82,4.834485104215848,8627.1,Concepción,Biobío,4.79551304384987,0.9964928592495044,0.9884598673118372,5.36375,9464.80385937428,0.16065722139042216,1.1977186311787074,4.800000000000011,0.13130051885431418,29.63539368884315,6.059258986621562
5.18,47.1,301.1,10.6,10.28,-58.89999999999998,-36.82,4.834485104215848,6442.7,Concepción,Biobío,4.756879008688639,0.5165333288666423,0.5082416216839982,4.63092,8171.661521967568,0.14198224643430124,1.2791960890820206,58.89999999999998,0.13130051885431418,25.04263283983809,2.6326916003231107
2.07,44.6,43.1,13.9,7.780000000000001,43.099999999999994,-36.82,4.834485104215848,2668.0,Concepción,Biobío,4.789984412290148,0.7301622766207524,0.7234412451505482,1.7822699999999998,3144.9705848421345,0.1471334348046677,1.2112982074959262,43.1,0.13130051885431418,10.007384165726805,1.4975233774616346
8.95,34.6,354.5,13.2,-2.219999999999999,-5.5,-36.82,4.834485104215848,12591.5,Concepción,Biobío,4.830856608779674,0.9953961983671789,0.9946491093835327,7.768599999999999,13708.371057923101,0.16060177036300094,0.9397066811515481,5.5,0.13130051885431418,43.26864168273184,8.902109528982617
3.52,42.9,11.4,17.0,6.079999999999998,11.400000000000006,-36.82,4.834485104215848,4686.9,Concepción,Biobío,4.807291012920827,0.9802711746217219,0.9747571264362607,2.9215999999999998,5155.417563374113,0.15199836550435863,1.1651276480173818,11.4,0.13130051885431418,17.017387566839787,3.4311450850556375
5.74,37.4,36.4,18.2,0.5799999999999983,36.400000000000006,-36.82,4.834485104215848,7234.6,Concepción,Biobío,4.834237403509831,0.804893797355914,0.804852557646291,4.695320000000001,8285.300928827268,0.14387936932206896,1.0157523085279738,36.4,0.13130051885431418,27.74994449819897,4.619853680889711
10.34,26.9,7.5,12.2,-9.920000000000002,7.5,-36.82,4.834485104215848,14473.5,Concepción,Biobío,4.76220593359596,0.9914448613738104,0.9766220186613657,9.07852,16019.838943538865,0.15978975119896136,0.7305812058663769,7.5,0.13130051885431418,49.98857597759187,10.098271672958521
11.43,42.2,36.1,15.3,5.380000000000003,36.099999999999994,-36.82,4.834485104215848,14871.0,Concepción,Biobío,4.813188007795735,0.8079898838980306,0.8044304896517133,9.68121,17083.337920561713,0.1485216745167128,1.1461162411732755,36.1,0.13130051885431418,55.258164741187144,9.194640496719082
5.42,38.0,329.0,10.4,1.1799999999999995,-31.0,-36.82,4.834485104215848,7598.8,Concepción,Biobío,4.833459868729287,0.8571673007021123,0.8569855236740203,4.85632,8569.39944597651,0.16004481962627848,1.0320478001086366,31.0,0.13130051885431418,26.202909264849897,4.64486153831319
6.28,57.6,59.9,12.1,20.78,59.900000000000006,-36.82,4.834485104215848,7253.7,Concepción,Biobío,4.5199997942772505,0.5015107371594574,0.46888725064264286,5.52012,9740.732338421656,0.13185476834482157,1.5643671917436177,59.9,0.13130051885431418,30.360566454475528,2.9446119340357972
5.21,48.5,27.2,17.6,11.68,27.19999999999999,-36.82,4.834485104215848,6630.9,Concepción,Biobío,4.734380017679556,0.8894163732912976,0.8709997061394061,4.2930399999999995,7575.442845108024,0.14528830226382353,1.3172189027702335,27.2,0.13130051885431418,25.18766739296457,4.537908468986306
14.44,42.5,5.2,17.9,5.68,5.199999999999989,-36.82,4.834485104215848,19117.0,Concepción,Biobío,4.810748645170392,0.9958843986159703,0.9909947839554262,11.855239999999998,20919.60313321992,0.15112921994965786,1.1542639869636067,5.2,0.13130051885431418,69.80996490487685,14.309964680316353
4.48,38.8,35.6,17.8,1.9799999999999969,35.599999999999994,-36.82,4.834485104215848,5684.9,Concepción,Biobío,4.831598666931518,0.8131007610470277,0.8126152979000717,3.68256,6498.197734864107,0.1448574078604044,1.0537751222161869,35.6,0.13130051885431418,21.658493266887003,3.6405165345923214
4.38,38.1,330.8,11.4,1.2800000000000011,-29.19999999999999,-36.82,4.834485104215848,6093.1,Concepción,Biobío,4.8332787444545025,0.8729220772698097,0.8727042550930716,3.88068,6847.79772379335,0.15880350701611728,1.0347637153720803,29.19999999999999,0.13130051885431418,21.175044756465415,3.8224446373076533
7.79,28.8,352.8,15.5,-8.02,-7.2000000000000455,-36.82,4.834485104215848,10549.8,Concepción,Biobío,4.787201073774112,0.9921147013144778,0.9824112518824504,6.5825499999999995,11615.482571805951,0.15459756976805528,0.7821835958718089,7.199999999999989,0.13130051885431418,37.66063896184146,7.652983652164289
4.46,22.9,36.1,14.2,-13.920000000000002,36.099999999999994,-36.82,4.834485104215848,5730.9,Concepción,Biobío,4.692508686995213,0.8079898838980306,0.7842612951458751,3.82668,6752.510022389256,0.14668437864733705,0.6219445953286257,36.1,0.13130051885431418,21.561803564802684,3.4978053763506027
4.04,29.8,313.3,19.9,-7.02,-46.69999999999999,-36.82,4.834485104215848,4782.2,Concepción,Biobío,4.798243631966858,0.6858183529273764,0.6806771504477593,3.23604,5710.274319476029,0.13512704010127038,0.8093427485062467,46.69999999999999,0.13130051885431418,19.531319821032028,2.749935687808948
3.25,36.4,14.0,16.5,-0.4200000000000017,14.0,-36.82,4.834485104215848,4364.3,Concepción,Biobío,4.8343552154464975,0.9702957262759965,0.9702696572086448,2.71375,4788.648142321502,0.1532946961714085,0.988593155893536,14.0,0.13130051885431418,15.712076588701507,3.1533763859280954
10.32,20.0,13.3,19.4,-16.82,13.300000000000011,-36.82,4.834485104215848,12843.6,Concepción,Biobío,4.6276588121761595,0.9731788727770881,0.9315448676226765,8.31792,14677.69402339157,0.14207019220558564,0.5431830526887561,13.3,0.13130051885431418,49.89188627550756,9.613543033866023
9.96,32.5,49.2,11.5,-4.32,49.19999999999999,-36.82,4.834485104215848,12970.9,Concepción,Biobío,4.8207498498461945,0.6534206039901056,0.6515641708823998,8.8146,15554.129125861671,0.14866429187067906,0.8826724606192287,49.2,0.13130051885431418,48.15147163798985,6.489579141988703
10.45,34.8,320.4,14.5,-2.020000000000003,-39.60000000000002,-36.82,4.834485104215848,13637.5,Concepción,Biobío,4.831480877387533,0.770513242775789,0.7700344334495381,8.93475,15766.14426148578,0.14897533372659544,0.9451385116784355,39.60000000000002,0.13130051885431418,50.52036933905561,8.046859829547673
12.05,35.1,40.2,17.7,-1.7199999999999989,40.19999999999999,-36.82,4.834485104215848,15106.4,Concepción,Biobío,4.832306896737609,0.7637960286346424,0.7634518955603733,9.91715,17499.67459221508,0.14310994903275923,0.953286257468767,40.2,0.13130051885431418,58.255545505800974,9.1995953415025
6.24,31.5,346.0,13.7,-5.32,-14.0,-36.82,4.834485104215848,8643.4,Concepción,Biobío,4.813660047679516,0.9702957262759965,0.9661160746851707,5.38512,9502.51308491142,0.1581233169418101,0.8555133079847909,14.0,0.13130051885431418,30.167187050306893,6.028564306035466
13.94,34.1,348.8,16.3,-2.719999999999999,-11.200000000000044,-36.82,4.834485104215848,18818.2,Concepción,Biobío,4.8290384323875575,0.9809551553491914,0.9798499826794488,11.667779999999999,20588.81364238267,0.154103037807171,0.9261271048343293,11.199999999999989,0.13130051885431418,67.39272235276893,13.659108758551515
11.53,50.6,329.4,15.1,13.78,-30.600000000000023,-36.82,4.834485104215848,14882.9,Concepción,Biobío,4.695336462384572,0.8607420270039434,0.8359677063797565,9.788969999999999,17273.48982247477,0.14735136055634102,1.374253123302553,30.600000000000023,0.13130051885431418,55.741613251608726,9.638707654558592
12.46,42.1,332.8,19.9,5.280000000000001,-27.200000000000045,-36.82,4.834485104215848,15674.0,Concepción,Biobío,4.813971808317946,0.8894163732912972,0.8856424737242362,9.98046,17611.39059917607,0.14360107595446983,1.1434003259098315,27.19999999999999,0.13130051885431418,60.237684398529474,11.035105222603985
11.37,32.3,10.1,11.7,-4.520000000000003,10.099999999999994,-36.82,4.834485104215848,16177.4,Concepción,Biobío,4.819449302510656,0.9845031799744367,0.9814412624644793,10.03971,17715.942382661116,0.16242173789070816,0.877240630092341,10.1,0.13130051885431418,54.968095634934194,11.158987154221128
6.66,36.3,332.2,19.4,-0.5200000000000031,-27.799999999999955,-36.82,4.834485104215848,8460.9,Concepción,Biobío,4.834286000817743,0.8845809752150843,0.8845445446388661,5.36796,9472.232770909675,0.14502344810563988,0.9858772406300923,27.80000000000001,0.13130051885431418,32.19767079407755,5.891066667294848
5.68,36.6,18.5,14.0,-0.2199999999999988,18.5,-36.82,4.834485104215848,7822.2,Concepción,Biobío,4.834449465684877,0.9483236552061993,0.9483166644178881,4.884799999999999,8619.654885531854,0.15720866293652325,0.9940249864204237,18.5,0.13130051885431418,27.459875391946017,5.386438653893604
7.49,30.7,343.4,14.7,-6.120000000000001,-16.600000000000023,-36.82,4.834485104215848,10207.7,Concepción,Biobío,4.8069323602843355,0.9583225744651331,0.9528608932459688,6.38897,11273.893808142902,0.1555757753107644,0.8337859858772406,16.600000000000023,0.13130051885431418,36.210293430576705,7.136928090412306
3.26,30.7,329.7,15.3,-6.120000000000001,-30.30000000000001,-36.82,4.834485104215848,4302.9,Concepción,Biobío,4.8069323602843355,0.8633955506067715,0.8584748783935651,2.76122,4872.413090203952,0.15067442642238843,0.8337859858772406,30.30000000000001,0.13130051885431418,15.760421439743665,2.798628103563022
7.87,44.9,346.8,12.7,8.079999999999998,-13.200000000000044,-36.82,4.834485104215848,10967.6,Concepción,Biobío,4.786492112840684,0.9735789028731601,0.9639139720932747,6.87051,12123.6130624786,0.1590862938272035,1.2194459532862574,13.199999999999989,0.13130051885431418,38.047397770178726,7.5860029603740715
2.56,33.5,8.4,19.6,-3.3200000000000003,8.400000000000006,-36.82,4.834485104215848,3325.2,Concepción,Biobío,4.826371204908958,0.9892723329629883,0.9876119997685072,2.05824,3631.943676628948,0.14827696917808217,0.9098316132536665,8.4,0.13130051885431418,12.376281866792572,2.5282867194073786
2.05,28.1,353.1,19.1,-8.719999999999999,-6.899999999999977,-36.82,4.834485104215848,2656.5,Concepción,Biobío,4.77860341949552,0.9927573419294455,0.9812820862218387,1.6584499999999998,2926.479414696672,0.14792849983294354,0.7631721890277023,6.899999999999977,0.13130051885431418,9.910694463642487,2.011628276754769
14.11,36.5,0.9,19.7,-0.3200000000000003,0.9000000000000057,-36.82,4.834485104215848,18380.1,Concepción,Biobío,4.834409703790868,0.9998766324816606,0.9998610380343945,11.33033,19993.35373796023,0.14870197955399359,0.9913090711569799,0.9,0.13130051885431418,68.21458482048561,14.108039246665307
10.96,37.8,17.4,20.0,0.9799999999999968,17.400000000000006,-36.82,4.834485104215848,14071.3,Concepción,Biobío,4.833777946100967,0.9542403285162768,0.9541007482347554,8.768,15471.899368724064,0.14656138552811385,1.026615969581749,17.4,0.13130051885431418,52.9859567422057,10.45694420065292
9.3,21.0,27.1,16.7,-15.82,27.09999999999999,-36.82,4.834485104215848,11768.3,Concepción,Biobío,4.651368785803679,0.8902128046111266,0.8564941173321837,7.7469,13670.07951865516,0.14445303677517551,0.5703422053231939,27.1,0.13130051885431418,44.96071146920739,7.965395291189309
6.43,36.5,352.2,14.5,-0.3200000000000003,-7.799999999999955,-36.82,4.834485104215848,8906.0,Concepción,Biobío,4.834409703790868,0.9907478404714437,0.9907323884002078,5.497649999999999,9701.082067115174,0.15811301192327631,0.9913090711569799,7.800000000000011,0.13130051885431418,31.085739220107904,6.370409257413336
9.42,43.8,333.9,18.5,6.979999999999997,-26.100000000000023,-36.82,4.834485104215848,12043.8,Concepción,Biobío,4.798654954070088,0.8980275757606154,0.8913719625606745,7.6773,13547.264259067662,0.14595148765378238,1.1895708853883757,26.100000000000023,0.13130051885431418,45.54084968171329,8.396723887321555
13.59,40.4,1.9,10.2,3.5799999999999983,1.9000000000000057,-36.82,4.834485104215848,19756.2,Concepción,Biobío,4.825051020611802,0.9994502159417572,0.9974998744489156,12.20382,21534.70289165398,0.16595099136149669,1.0972297664312873,1.9,0.13130051885431418,65.70065256629337,13.556023293760763
10.48,54.7,11.8,18.3,17.880000000000003,11.800000000000011,-36.82,4.834485104215848,13152.1,Concepción,Biobío,4.600987371306669,0.978867388761685,0.9315896929642016,8.56216,15108.676767668161,0.1432615723796577,1.485605649103748,11.8,0.13130051885431418,50.66540389218209,9.763059982264833
9.83,46.8,323.5,15.0,9.979999999999997,-36.5,-36.82,4.834485104215848,12688.6,Concepción,Biobío,4.761331163005562,0.8038568606172173,0.7916931459184593,8.3555,14744.007205220563,0.14735201623954255,1.2710483432916893,36.5,0.13130051885431418,47.52298857444179,7.782343624378455
7.98,48.4,337.7,16.7,11.579999999999998,-22.299999999999955,-36.82,4.834485104215848,10368.7,Concepción,Biobío,4.736080993902361,0.9252097183857824,0.9063774255503466,6.64734,11729.810167620235,0.14832600908664356,1.3145029875067897,22.30000000000001,0.13130051885431418,38.579191131642474,7.232891855891767
6.49,59.2,342.0,13.7,22.380000000000003,-18.0,-36.82,4.834485104215848,8302.0,Concepción,Biobío,4.470346832043671,0.9510565162951535,0.8794219845681227,5.6008700000000005,9883.222743762039,0.14602725654501833,1.6078218359587182,18.0,0.13130051885431418,31.375808326360858,5.707448679847117
11.08,42.9,354.8,13.7,6.079999999999998,-5.2000000000000455,-36.82,4.834485104215848,15419.8,Concepción,Biobío,4.807291012920827,0.9958843986159703,0.9902825256819462,9.56204,16873.05208025938,0.15886743154806057,1.1651276480173818,5.199999999999989,0.13130051885431418,53.5660949547116,10.972330384555963
14.75,38.1,341.0,10.3,1.2800000000000011,-19.0,-36.82,4.834485104215848,21171.7,Concepción,Biobío,4.8332787444545025,0.9455185755993168,0.9452826382577759,13.23075,23346.8102843004,0.16385496478600728,1.0347637153720803,19.0,0.13130051885431418,71.30865528718377,13.942918914302195
7.52,44.6,17.7,14.2,7.780000000000001,17.69999999999999,-36.82,4.834485104215848,10249.6,Concepción,Biobío,4.789984412290148,0.9526614812535863,0.9438923788211933,6.452159999999999,11385.398064656323,0.15559117847080542,1.2112982074959262,17.7,0.13130051885431418,36.35532798370318,7.098070688735373
7.1,32.3,319.9,14.1,-4.520000000000003,-40.10000000000002,-36.82,4.834485104215848,9269.0,Concepción,Biobío,4.819449302510656,0.7649214009184315,0.7625424078599488,6.0988999999999995,10762.040038767243,0.1490288764550775,0.877240630092341,40.10000000000002,0.13130051885431418,34.324844239932524,5.414051095805636
7.57,37.7,320.5,12.2,0.8800000000000026,-39.5,-36.82,4.834485104215848,10139.7,Concepción,Biobío,4.833914898228944,0.77162458338772,0.7715335737046606,6.64646,11728.257331004763,0.15290620871862617,1.0239000543183054,39.5,0.13130051885431418,36.597052238913975,5.840509152944281
7.53,31.6,351.7,12.5,-5.219999999999999,-8.299999999999955,-36.82,4.834485104215848,10627.3,Concepción,Biobío,4.814435049969586,0.9895257890689696,0.9854219299565261,6.58875,11626.423011596793,0.1611105047087146,0.8582292232482347,8.300000000000011,0.13130051885431418,36.403672834745336,7.420227132572641
14.88,40.0,355.6,15.8,3.1799999999999997,-4.399999999999977,-36.82,4.834485104215848,20274.8,Concepción,Biobío,4.827040909588068,0.9970527522269202,0.9955174791664514,12.52896,22108.44072933041,0.15554266705945893,1.0863661053775122,4.399999999999977,0.13130051885431418,71.93713835073183,14.813300089996797
11.19,31.6,323.6,13.2,-5.219999999999999,-36.39999999999998,-36.82,4.834485104215848,14915.5,Concepción,Biobío,4.814435049969586,0.8048937973559144,0.8015556622801866,9.712919999999999,17139.29297633067,0.15216109458461363,0.8582292232482347,36.39999999999998,0.13130051885431418,54.09788831617534,8.969407860915288
6.67,31.3,344.8,18.3,-5.52,-15.200000000000044,-36.82,4.834485104215848,8725.2,Concepción,Biobío,4.812066055774896,0.9650164944723113,0.9605414053843284,5.449389999999999,9615.923095452921,0.14932944486660782,0.8500814774579033,15.199999999999989,0.13130051885431418,32.246015645119705,6.4068111739134705
6.83,40.1,350.0,11.1,3.280000000000001,-10.0,-36.82,4.834485104215848,9797.9,Concepción,Biobío,4.826565489673099,0.984807753012208,0.9831944896274958,6.0718700000000005,10714.343250453307,0.16376013691944616,1.089082020640956,10.0,0.13130051885431418,33.019533261794244,6.715218364155796
7.6,35.7,350.2,15.8,-1.1199999999999974,-9.799999999999956,-36.82,4.834485104215848,10348.7,Concepción,Biobío,4.833561476020242,0.9854078984834902,0.9852196363418987,6.3991999999999996,11291.94553379779,0.15544190098534008,0.9695817490494297,9.800000000000011,0.13130051885431418,36.742086792040446,7.48766923619843
2.48,21.4,3.8,11.6,-15.420000000000002,3.8000000000000114,-36.82,4.834485104215848,3424.2,Concepción,Biobío,4.660456446666858,0.99780146829205,0.9618832585377473,2.19232,3868.5395100411884,0.15761710119310648,0.581205866376969,3.8,0.13130051885431418,11.989523058455303,2.385470481173613
8.86,25.2,343.5,15.3,-11.62,-16.5,-36.82,4.834485104215848,11809.0,Concepción,Biobío,4.735402334354948,0.958819734868193,0.9391687248681438,7.50442,13242.202447609514,0.15215116938268552,0.6844106463878327,16.5,0.13130051885431418,42.83353802335241,8.321034902331753
12.55,27.6,36.9,15.5,-9.22,36.900000000000006,-36.82,4.834485104215848,16107.4,Concepción,Biobío,4.772025470504719,0.7996846584870905,0.7893530492718801,10.604750000000001,18713.004656760553,0.14651348942131018,0.7495926127104835,36.9,0.13130051885431418,60.6727880579089,9.906380768362096
10.59,29.8,12.2,16.4,-7.02,12.199999999999989,-36.82,4.834485104215848,14170.9,Concepción,Biobío,4.798243631966858,0.9774158942860959,0.9700887456353322,8.853240000000001,15622.312769977492,0.1527556797357721,0.8093427485062467,12.2,0.13130051885431418,51.19719725364583,10.273239816278167
4.58,40.1,339.8,14.3,3.280000000000001,-20.200000000000045,-36.82,4.834485104215848,6262.2,Concepción,Biobío,4.826565489673099,0.9384930227595557,0.9369556298767368,3.9250599999999998,6926.1100976510115,0.15608362744511572,1.089082020640956,20.19999999999999,0.13130051885431418,22.141941777308585,4.291256784835454
11.46,38.6,2.4,15.1,1.7800000000000011,2.4000000000000057,-36.82,4.834485104215848,15786.7,Concepción,Biobío,4.832152290605995,0.9991228300988584,0.9986407172604224,9.72954,17168.62041331838,0.15725433710264808,1.0483432916892994,2.4,0.13130051885431418,55.40319929431362,11.444422619804442
11.35,45.3,3.1,11.8,8.479999999999997,3.0999999999999943,-36.82,4.834485104215848,16063.8,Concepción,Biobío,4.7816316042646925,0.9985366703262117,0.9876200666510259,10.0107,17664.751711962363,0.1615653853116891,1.2303096143400325,3.1,0.13130051885431418,54.871405932849875,11.209487756489143
5.41,42.8,30.4,14.6,5.979999999999997,30.40000000000001,-36.82,4.834485104215848,7197.9,Concepción,Biobío,4.80817739344081,0.8625136692072574,0.8578201476305265,4.62014,8152.639273428012,0.15188134606132733,1.162411732753938,30.4,0.13130051885431418,26.15456441380774,4.640806998681149
10.1,45.4,345.0,13.7,8.579999999999998,-15.0,-36.82,4.834485104215848,13859.5,Concepción,Biobío,4.780380053558198,0.9659258262890683,0.9551156852634338,8.7163,15380.670217564959,0.15664700031647,1.2330255296034762,15.0,0.13130051885431418,48.82829955258006,9.646668421160681
9.94,41.7,19.2,16.7,4.880000000000003,19.19999999999999,-36.82,4.834485104215848,13211.5,Concepción,Biobío,4.816960345271064,0.9443763702374811,0.9409530546444452,8.280019999999999,14610.816173702395,0.15172656946243673,1.1325366648560566,19.2,0.13130051885431418,48.05478193590553,9.353073363165786
12.92,38.5,1.0,14.3,1.6799999999999995,1.0,-36.82,4.834485104215848,17947.4,Concepción,Biobío,4.832407023492797,0.9998476951563913,0.9994179153191383,11.07244,19538.284380273162,0.1585750738651625,1.0456273764258555,1.0,0.13130051885431418,62.46154754646876,12.912479465923266
3.77,45.6,37.3,17.8,8.780000000000001,37.30000000000001,-36.82,4.834485104215848,4708.4,Concepción,Biobío,4.777833270401973,0.7954734808548958,0.7861519025545638,3.09894,5468.3494331334105,0.14256991630633578,1.238457360130364,37.3,0.13130051885431418,18.226008842893748,2.9637926726307056
4.53,44.2,32.3,14.3,7.380000000000003,32.30000000000001,-36.82,4.834485104215848,6009.2,Concepción,Biobío,4.794436520216145,0.845261833221856,0.8382597350046107,3.88221,6850.497541999801,0.1514308466136462,1.200434546442151,32.3,0.13130051885431418,21.900217522097794,3.7973165995708866
8.32,39.8,4.9,12.4,2.979999999999997,4.900000000000006,-36.82,4.834485104215848,11803.5,Concepción,Biobío,4.8279476360033735,0.9963452961909064,0.9949979809004286,7.288320000000001,12860.875183286837,0.16195090226554268,1.0809342748506245,4.9,0.13130051885431418,40.22291606707586,8.278383201091566
2.57,47.0,353.4,12.7,10.18,-6.600000000000023,-36.82,4.834485104215848,3582.1,Concepción,Biobío,4.758377556477765,0.9933727656003963,0.9777344579937154,2.24361,3959.0451805044477,0.15911109926620828,1.276480173818577,6.600000000000023,0.13130051885431418,12.42462671783473,2.512777557043848
7.4,18.1,12.7,10.5,-18.72,12.699999999999989,-36.82,4.834485104215848,10124.2,Concepción,Biobío,4.57873264772517,0.9755345439458566,0.9239271130349417,6.623,11686.86011850587,0.15617980994693326,0.4915806626833243,12.7,0.13130051885431418,35.775189771197276,6.837060636458569
12.25,34.5,355.5,15.4,-2.3200000000000003,-4.5,-36.82,4.834485104215848,16788.2,Concepción,Biobío,4.830522400548599,0.996917333733128,0.9961001861177833,10.3635,18287.298027802444,0.1564458112011928,0.9369907658881043,4.5,0.13130051885431418,59.222442526644144,12.202227279942845
3.93,34.4,42.0,18.3,-2.4200000000000017,42.0,-36.82,4.834485104215848,4863.8,Concepción,Biobío,4.830173477708561,0.7431448254773942,0.742482053153308,3.21081,5665.75378787556,0.14127946832119162,0.9342748506246604,42.0,0.13130051885431418,18.999526459568283,2.9179544688925003
7.98,46.0,2.0,17.7,9.18,2.0,-36.82,4.834485104215848,10519.6,Concepción,Biobío,4.772565086658797,0.9993908270190958,0.9865906432929291,6.56754,11588.99611998974,0.15048465913642553,1.249321021184139,2.0,0.13130051885431418,38.579191131642474,7.872993333477575
14.87,49.4,349.9,14.4,12.579999999999998,-10.100000000000025,-36.82,4.834485104215848,20084.8,Concepción,Biobío,4.71842288952376,0.9845031799744366,0.9608680633123551,12.72872,22460.934641043037,0.15418866093664116,1.3416621401412276,10.100000000000023,0.13130051885431418,71.88879349968965,14.28810810145472
8.58,25.2,348.5,12.0,-11.62,-11.5,-36.82,4.834485104215848,11944.1,Concepción,Biobío,4.735402334354948,0.9799247046208296,0.959841148275959,7.5504,13323.338160768039,0.15891395514683185,0.6844106463878327,11.5,0.13130051885431418,41.47988219417198,8.235437052207729
8.48,48.1,329.7,18.6,11.28,-30.30000000000001,-36.82,4.834485104215848,10596.6,Concepción,Biobío,4.741097340520291,0.8633955506067715,0.8467173360880117,6.9027199999999995,12180.450411779078,0.14264829413285088,1.3063552417164586,30.30000000000001,0.13130051885431418,40.996433683750396,7.180163010026339
9.26,27.4,13.9,10.6,-9.420000000000002,13.900000000000006,-36.82,4.834485104215848,13169.3,Concepción,Biobío,4.769292507625402,0.9707164815781908,0.9576264571757909,8.27844,14608.028126142795,0.16234824501711098,0.7441607821835958,13.9,0.13130051885431418,44.76733206503875,8.867620993447824
4.42,27.7,339.5,14.0,-9.12,-20.5,-36.82,4.834485104215848,5991.6,Concepción,Biobío,4.773370149388826,0.9366721892483976,0.9248312843123735,3.8011999999999997,6707.548344023027,0.15474493274654438,0.7523085279739272,20.5,0.13130051885431418,21.36842416063405,4.087754276660691
3.91,34.9,27.5,18.6,-1.9200000000000017,27.5,-36.82,4.834485104215848,5021.2,Concepción,Biobío,4.831770935862688,0.8870108331782217,0.8865128490743461,3.18274,5616.221829016061,0.14659753121022084,0.9478544269418794,27.5,0.13130051885431418,18.902836757483968,3.4662652398806935
10.81,34.3,327.7,13.9,-2.520000000000003,-32.30000000000001,-36.82,4.834485104215848,14482.7,Concepción,Biobío,4.829809841322438,0.845261833221856,0.8444444098150424,9.30741,16423.735276397816,0.15293952411727682,0.9315589353612167,32.30000000000001,0.13130051885431418,52.26078397657332,9.12844407010061
7.14,24.4,3.2,11.2,-12.420000000000002,3.1999999999999886,-36.82,4.834485104215848,10052.7,Concepción,Biobío,4.721344916265541,0.998440764181981,0.9750745166330353,6.34032,11188.046647526067,0.16072387859253293,0.6626833242802824,3.2,0.13130051885431418,34.518223644101155,6.962032048759872
5.77,42.0,28.8,12.7,5.18,28.80000000000001,-36.82,4.834485104215848,7888.4,Concepción,Biobío,4.814740944647169,0.8763066800438635,0.872727821375585,5.03721,8888.595599809596,0.15606625357106116,1.1406844106463878,28.8,0.13130051885431418,27.894979051325443,5.035639529337125
2.41,42.3,306.2,16.0,5.479999999999997,-53.80000000000001,-36.82,4.834485104215848,2914.4,Concepción,Biobío,4.812389545468126,0.5906056676199252,0.5879063600526615,2.0244,3572.2300504157156,0.13804732943026582,1.148832156436719,53.80000000000001,0.13130051885431418,11.651109101160195,1.4168543277269143
13.0,45.3,50.5,11.5,8.479999999999997,50.5,-36.82,4.834485104215848,16702.6,Concepción,Biobío,4.7816316042646925,0.636078220277764,0.6291242304609238,11.505,20301.574160261218,0.1466684229012996,1.2303096143400325,50.5,0.13130051885431418,62.84830635480603,8.17861499599201
2.42,33.4,349.4,16.5,-3.4200000000000017,-10.600000000000025,-36.82,4.834485104215848,3257.8,Concepción,Biobío,4.825875201831782,0.9829353491495542,0.9811848054569807,2.0206999999999997,3565.7010782824714,0.15367561040039246,0.9071156979902226,10.600000000000023,0.13130051885431418,11.699453952202353,2.3744672292058935
11.75,36.5,3.5,14.4,-0.3200000000000003,3.5,-36.82,4.834485104215848,16318.6,Concepción,Biobío,4.834409703790868,0.9981347984218669,0.9981192311408916,10.058,17748.216680044094,0.15854075585349267,0.9913090711569799,3.5,0.13130051885431418,56.805199974536215,11.727900965905476
6.97,36.6,14.3,13.3,-0.2199999999999988,14.300000000000011,-36.82,4.834485104215848,9720.4,Concepción,Biobío,4.834449465684877,0.9690157314068695,0.9690085880821075,6.04299,10663.381976072744,0.159201535609232,0.9940249864204237,14.3,0.13130051885431418,33.696361176384464,6.7539898589322895
9.78,50.3,18.2,12.4,13.479999999999997,18.19999999999999,-36.82,4.834485104215848,13353.0,Concepción,Biobío,4.701301561123252,0.9499720515246526,0.9238016029797465,8.56728,15117.711453430918,0.15586043645124242,1.3661053775122216,18.2,0.13130051885431418,47.28126431923099,9.03477967714192
5.22,14.1,6.8,18.2,-22.72,6.800000000000011,-36.82,4.834485104215848,6380.0,Concepción,Biobío,4.4593451426907835,0.9929655081065369,0.9159146879102004,4.26996,7534.716175693089,0.1395230847285642,0.38294405214557303,6.8,0.13130051885431418,25.236012244006726,4.781074670891246
4.02,29.2,24.9,14.0,-7.620000000000001,24.90000000000001,-36.82,4.834485104215848,5432.0,Concepción,Biobío,4.79179328271686,0.9070440142914649,0.899034193118143,3.4571999999999994,6100.530394337686,0.1542515731843068,0.7930472569255839,24.9,0.13130051885431418,19.43463011894771,3.6141174563349345
8.93,36.9,13.0,17.4,0.0799999999999983,13.0,-36.82,4.834485104215848,11901.9,Concepción,Biobío,4.834480391677803,0.9743700647852352,0.9743691149930854,7.376180000000001,13015.911802645423,0.15214606758809002,1.002172732210755,13.0,0.13130051885431418,43.17195198064753,8.701116196888252
11.04,28.1,44.0,14.4,-8.719999999999999,44.0,-36.82,4.834485104215848,14059.4,Concepción,Biobío,4.77860341949552,0.7193398003386512,0.7110249707212727,9.450239999999999,16675.771246611643,0.14537629872278474,0.7631721890277023,44.0,0.13130051885431418,53.372715550542964,7.84971567676285
4.54,34.8,13.1,10.9,-2.020000000000003,13.099999999999994,-36.82,4.834485104215848,6518.8,Concepción,Biobío,4.831480877387533,0.9739759672790517,0.9733707229421764,4.04514,7138.00171218071,0.16391084826906444,0.9451385116784355,13.1,0.13130051885431418,21.94856237313995,4.419103082157481
7.67,35.8,49.1,14.4,-1.0200000000000031,49.099999999999994,-36.82,4.834485104215848,9692.8,Concepción,Biobío,4.833719042357649,0.6547408137173398,0.6546370649305336,6.56552,11585.431654122402,0.1442612800866806,0.9722976643128733,49.1,0.13130051885431418,37.080500749335556,5.021066288017193
7.78,31.6,22.5,15.1,-5.219999999999999,22.5,-36.82,4.834485104215848,10472.6,Concepción,Biobío,4.814435049969586,0.9238795325112867,0.920047928039549,6.60522,11655.485760525042,0.15366353253277928,0.8582292232482347,22.5,0.13130051885431418,37.612294110799304,7.157972880147692
4.81,37.3,314.9,14.6,0.4799999999999969,-45.10000000000002,-36.82,4.834485104215848,6154.3,Concepción,Biobío,4.8343154538108815,0.7058715706786807,0.705846800430094,4.10774,7248.464862326936,0.14605938921007416,1.01303639326453,45.10000000000002,0.13130051885431418,23.25387335127823,3.395123110068752
9.35,41.8,65.3,18.2,4.979999999999997,65.30000000000001,-36.82,4.834485104215848,10412.3,Concepción,Biobío,4.816235215399631,0.4178670738010766,0.4162896508754837,7.6483,13496.091234239537,0.12712499694772056,1.1352525801195001,65.3,0.13130051885431418,45.20243572441818,3.8923082356857726
3.9,34.9,345.6,19.1,-1.9200000000000017,-14.399999999999975,-36.82,4.834485104215848,5073.4,Concepción,Biobío,4.831770935862688,0.9685831611286312,0.9680393808280058,3.1550999999999996,5567.448642593668,0.1485013464465519,0.9478544269418794,14.399999999999977,0.13130051885431418,18.854491906441808,3.7753535852292224
8.63,33.2,37.4,17.9,-3.6199999999999974,37.400000000000006,-36.82,4.834485104215848,10870.5,Concepción,Biobío,4.824839095874752,0.794414620535418,0.7928295644455169,7.08523,12502.505196654289,0.1437919649518246,0.9016838674633352,37.4,0.13130051885431418,41.721606449382776,6.842119141164812
3.47,35.5,0.7,15.8,-1.3200000000000005,0.6999999999999886,-36.82,4.834485104215848,4745.1,Concepción,Biobío,4.833202172270711,0.999925369660452,0.9996600185068468,2.9217400000000002,5155.664605562939,0.15610319371521061,0.9641499185225421,0.7,0.13130051885431418,16.775663311628996,3.468820264218759
8.31,36.8,26.5,15.4,-0.0200000000000031,26.5,-36.82,4.834485104215848,11106.1,Concepción,Biobío,4.834484809682175,0.8949343616020251,0.8949343070795064,7.03026,12405.505845799045,0.15256553967547487,0.9994568169473111,26.5,0.13130051885431418,40.174571216033705,7.436904091830699
6.05,22.9,342.8,16.4,-13.920000000000002,-17.200000000000045,-36.82,4.834485104215848,7874.3,Concepción,Biobío,4.692508686995213,0.9552783621223434,0.9272242888593489,5.0578,8924.928447437565,0.14857730480395487,0.6219445953286257,17.19999999999999,0.13130051885431418,29.248634880505882,5.609706947599061
7.88,40.5,15.6,12.9,3.68,15.599999999999994,-36.82,4.834485104215848,11014.0,Concepción,Biobío,4.824516799611836,0.9631625667976582,0.9611766060092698,6.86348,12111.208015425436,0.15955659087221566,1.099945681694731,15.6,0.13130051885431418,38.095742621220886,7.574071655353046
7.64,33.2,353.7,18.1,-3.6199999999999974,-6.2999999999999545,-36.82,4.834485104215848,10115.4,Concepción,Biobío,4.824839095874752,0.9939609554551798,0.9919777544605829,6.257159999999999,11041.30358736376,0.15114215018288749,0.9016838674633352,6.300000000000011,0.13130051885431418,36.93546619620908,7.578710044078853
13.8,46.9,39.5,18.6,10.079999999999998,39.5,-36.82,4.834485104215848,16904.5,Concepción,Biobío,4.759861609423632,0.77162458338772,0.7597140444495059,11.2332,19821.959396527276,0.13983604658857784,1.273764258555133,39.5,0.13130051885431418,66.71589443817871,10.48405381340318
8.37,41.5,11.0,12.7,4.68,11.0,-36.82,4.834485104215848,11766.9,Concepción,Biobío,4.818366582959982,0.981627183447664,0.9783543677742969,7.307009999999999,12893.855315495028,0.1604842801263482,1.127104834329169,11.0,0.13130051885431418,40.46464032228665,8.188826058270864
12.64,46.2,23.4,19.0,9.380000000000004,23.40000000000001,-36.82,4.834485104215848,16049.3,Concepción,Biobío,4.769843750263003,0.917754625683981,0.9054834323051936,10.2384,18066.548186216292,0.1449455595052309,1.2547528517110267,23.4,0.13130051885431418,61.107891717288325,11.445310584337648
4.93,28.7,305.9,18.5,-8.120000000000001,-54.10000000000002,-36.82,4.834485104215848,5754.7,Concepción,Biobío,4.786016556072682,0.5863723567357889,0.5804936300069617,4.01795,7090.022589936684,0.13325136384265562,0.779467680608365,54.10000000000002,0.13130051885431418,23.83401156378413,2.8618335959343213
6.58,33.8,357.9,14.2,-3.020000000000003,-2.1000000000000227,-36.82,4.834485104215848,9139.7,Concepción,Biobío,4.8277709965385585,0.9993283937786562,0.9979405317217533,5.64564,9962.223306574286,0.1585630317414054,0.9179793590439977,2.1000000000000227,0.13130051885431418,31.810911985740283,6.566448698729137
2.98,26.9,10.3,19.1,-9.920000000000002,10.300000000000011,-36.82,4.834485104215848,3833.9,Concepción,Biobío,4.76220593359596,0.9838850379335415,0.9691752202395871,2.4108199999999997,4254.101783315162,0.14686571052067054,0.7305812058663769,10.3,0.13130051885431418,14.406765610563228,2.8881421563139695
7.47,31.2,5.6,11.2,-5.620000000000001,5.599999999999994,-36.82,4.834485104215848,10699.6,Concepción,Biobío,4.811247071015923,0.9952273999818312,0.9904436170424473,6.63336,11705.141240478953,0.16350944111300608,0.8473655621944595,5.6,0.13130051885431418,36.113603728492386,7.398613819307081
10.69,46.8,24.0,10.3,9.979999999999997,24.0,-36.82,4.834485104215848,14996.9,Concepción,Biobío,4.761331163005562,0.9135454576426009,0.8997219688406531,9.58893,16920.501826384494,0.160147323278274,1.2710483432916893,24.0,0.13130051885431418,51.680645764067414,9.618027846906582
12.9,48.7,350.9,13.5,11.880000000000004,-9.100000000000025,-36.82,4.834485104215848,17662.9,Concepción,Biobío,4.730934805231569,0.9874138067509114,0.9662642959537638,11.1585,19690.14474291828,0.1563033166967541,1.3226507332971211,9.100000000000023,0.13130051885431418,62.364857844384446,12.464809417803554
9.36,27.6,1.2,15.7,-9.22,1.1999999999999886,-36.82,4.834485104215848,12643.4,Concepción,Biobío,4.772025470504719,0.9997806834748455,0.9868639128291263,7.890479999999999,13923.438929166266,0.15419983998751124,0.7495926127104835,1.2,0.13130051885431418,45.25078057546034,9.237046224080622
10.32,33.2,29.5,13.5,-3.6199999999999974,29.5,-36.82,4.834485104215848,13979.4,Concepción,Biobío,4.824839095874752,0.8703556959398997,0.8686191183888724,8.9268,15752.115794334622,0.1546339067643623,0.9016838674633352,29.5,0.13130051885431418,49.89188627550756,8.964149301773164
4.3,36.2,303.0,19.4,-0.6199999999999974,-57.0,-36.82,4.834485104215848,4947.5,Concepción,Biobío,4.834202060115447,0.5446390350150271,0.5446071480896594,3.4658,6115.70584307982,0.13134490814484442,0.9831613253666486,57.0,0.13130051885431418,20.78828594812815,2.3418107367855354
2.48,41.5,14.7,12.5,4.68,14.699999999999989,-36.82,4.834485104215848,3484.3,Concepción,Biobío,4.818366582959982,0.9672677527758768,0.9640428124777599,2.17,3829.153926794162,0.16038352481956106,1.127104834329169,14.7,0.13130051885431418,11.989523058455303,2.3908261749448445
12.29,22.7,351.7,12.8,-14.12,-8.299999999999955,-36.82,4.834485104215848,16825.9,Concepción,Biobío,4.688420411834952,0.9895257890689696,0.9596291657745296,10.71688,18910.86780413909,0.15628680554781518,0.6165127648017381,8.300000000000011,0.13130051885431418,59.41582193081277,11.793842447368968
4.17,24.0,337.2,16.3,-12.82,-22.799999999999955,-36.82,4.834485104215848,5413.0,Concepción,Biobío,4.713970865592493,0.9218631515885009,0.8988829099632377,3.49029,6158.92058025364,0.1481828236041304,0.6518196632265073,22.80000000000001,0.13130051885431418,20.15980288458009,3.748341734546701
3.19,40.7,8.4,10.0,3.8800000000000026,8.400000000000006,-36.82,4.834485104215848,4627.1,Concepción,Biobío,4.823404270339418,0.9892723329629883,0.9870048810743577,2.871,5066.129457984351,0.16558237070754786,1.1053775122216187,8.4,0.13130051885431418,15.422007482448556,3.148545570627201
14.19,21.2,30.7,17.3,-15.62,30.69999999999999,-36.82,4.834485104215848,17693.7,Concepción,Biobío,4.655940981821037,0.8598522715968736,0.828096755567344,11.73513,20707.658581078333,0.14234170310946356,0.5757740358500815,30.7,0.13130051885431418,68.60134362882289,11.75069296150061
14.53,33.2,26.0,13.8,-3.6199999999999974,26.0,-36.82,4.834485104215848,19768.3,Concepción,Biobío,4.824839095874752,0.898794046299167,0.8970007271181917,12.524859999999999,22101.205922371948,0.15531006546053355,0.9016838674633352,26.0,0.13130051885431418,70.24506856425627,13.033420565027324
10.01,38.1,356.6,19.8,1.2800000000000011,-3.3999999999999773,-36.82,4.834485104215848,13025.3,Concepción,Biobío,4.8332787444545025,0.9982398279237653,0.9979907349315189,8.02802,14166.140233816623,0.14854209717223416,1.0347637153720803,3.3999999999999773,0.13130051885431418,48.39319589320064,9.989887256664504
6.92,40.1,21.9,16.9,3.280000000000001,21.90000000000001,-36.82,4.834485104215848,9148.9,Concepción,Biobío,4.826565489673099,0.9278362538989199,0.9263163184081143,5.75052,10147.293197745792,0.15092412964869217,1.089082020640956,21.9,0.13130051885431418,33.45463692117367,6.4101089233841515
12.83,35.7,21.7,10.5,-1.1199999999999974,21.69999999999999,-36.82,4.834485104215848,18297.5,Concepción,Biobío,4.833561476020242,0.9291325715340563,0.9289550607915418,11.482850000000001,20262.48855681491,0.1628024713766607,0.9695817490494297,21.7,0.13130051885431418,62.026443887089336,11.91849342995548
4.66,33.9,357.8,10.9,-2.9200000000000017,-2.2000000000000455,-36.82,4.834485104215848,6728.5,Concepción,Biobío,4.828208183143329,0.9992629164106211,0.9979655094847967,4.1520600000000005,7326.671360960817,0.16482695435749703,0.9206952743074416,2.1999999999999886,0.13130051885431418,22.528700585645854,4.650519274199152
7.58,43.6,342.7,10.9,6.780000000000001,-17.299999999999955,-36.82,4.834485104215848,10765.8,Concepción,Biobío,4.800676478524719,0.9547607995027977,0.9480839456498806,6.75378,11917.632814610084,0.16213358875194273,1.1841390548614883,17.30000000000001,0.13130051885431418,36.645397089956134,7.186476308026095
6.64,39.1,344.1,19.5,2.280000000000001,-15.899999999999975,-36.82,4.834485104215848,8583.7,Concepción,Biobío,4.83065784965212,0.9617413095492114,0.9609799401920303,5.345199999999999,9432.07076935491,0.14757145018429887,1.0619228680065183,15.899999999999977,0.13130051885431418,32.10098109199323,6.380906802875081
13.87,31.6,20.9,16.8,-5.219999999999999,20.90000000000001,-36.82,4.834485104215848,18325.8,Concepción,Biobío,4.814435049969586,0.9342044743210295,0.9303300492305677,11.539839999999998,20363.052373537485,0.15082813996898795,0.8582292232482347,20.9,0.13130051885431418,67.05430839547381,12.903677782827973
13.96,37.1,358.9,14.3,0.2800000000000011,-1.1000000000000227,-36.82,4.834485104215848,19416.5,Concepción,Biobío,4.834427375730303,0.9998157121216442,0.9998037733431309,11.96372,21111.02553781837,0.15877474454082766,1.0076045627376427,1.1000000000000227,0.13130051885431418,67.48941205485325,13.957260675870108
10.46,39.9,333.8,12.0,3.0799999999999983,-26.200000000000045,-36.82,4.834485104215848,14531.8,Concepción,Biobío,4.8275016254993,0.897258369674328,0.8959622678986908,9.2048,16242.670997859406,0.15859285645686544,1.0836501901140685,26.19999999999999,0.13130051885431418,50.56871419009778,9.371765322220307
3.44,50.6,317.9,18.7,13.78,-42.10000000000002,-36.82,4.834485104215848,4112.1,Concepción,Biobío,4.695336462384572,0.7419758409756162,0.7206199099265489,2.7967199999999997,4935.055930941829,0.13645866517999364,1.374253123302553,42.10000000000002,0.13130051885431418,16.630628758502517,2.478932490147328
8.27,43.1,20.8,12.0,6.280000000000001,20.80000000000001,-36.82,4.834485104215848,11543.0,Concepción,Biobío,4.805474323099154,0.9348256763960144,0.9292159739156942,7.2776,12841.958809971058,0.15933422780253212,1.1705594785442694,20.8,0.13130051885431418,39.98119181186507,7.6846161042827905
5.19,46.5,346.3,17.1,9.68,-13.700000000000044,-36.82,4.834485104215848,6835.4,Concepción,Biobío,4.765652783023482,0.971549119997646,0.9577164202084746,4.30251,7592.153484595002,0.1503462049427684,1.2629005975013579,13.699999999999989,0.13130051885431418,25.090977690880255,4.970548220881984
13.5,31.9,8.3,17.6,-4.920000000000002,8.300000000000011,-36.82,4.834485104215848,17939.1,Concepción,Biobío,4.8166720539953864,0.9895257890689694,0.98587980150356,11.123999999999999,19629.26648924344,0.15169203450025368,0.866376969038566,8.3,0.13130051885431418,65.26554890691395,13.30937732029806
3.8,32.6,31.0,12.9,-4.219999999999999,31.0,-36.82,4.834485104215848,5158.6,Concepción,Biobío,4.8213780972330875,0.8571673007021123,0.8548433928704593,3.3097999999999996,5840.430261245769,0.1549687575102139,0.8853883758826725,31.0,0.13130051885431418,18.371043396020223,3.2484048929077454
2.71,34.9,327.3,15.0,-1.9200000000000017,-32.69999999999999,-36.82,4.834485104215848,3577.8,Concepción,Biobío,4.831770935862688,0.8415107819453063,0.8410383424023221,2.3035,4064.7262997098405,0.15071020573219432,0.9478544269418794,32.69999999999999,0.13130051885431418,13.101454632424948,2.279213907910293
11.16,35.7,358.9,12.2,-1.1199999999999974,-1.1000000000000227,-36.82,4.834485104215848,15889.4,Concepción,Biobío,4.833561476020242,0.9998157121216442,0.9996246973678041,9.79848,17290.27104544427,0.16253211895059,0.9695817490494297,1.1000000000000227,0.13130051885431418,53.95285376304887,11.155811622624695
7.89,28.8,355.7,13.8,-8.02,-4.2999999999999545,-36.82,4.834485104215848,10926.2,Concepción,Biobío,4.787201073774112,0.9971851335251158,0.9874320923649453,6.80118,12001.27424139812,0.15808404372912943,0.7821835958718089,4.300000000000011,0.13130051885431418,38.14408747226304,7.790839208759419
12.9,46.9,9.5,19.7,10.079999999999998,9.5,-36.82,4.834485104215848,16501.1,Concepción,Biobío,4.759861609423632,0.9862856015372314,0.9710616269332413,10.3587,18278.82800989986,0.14602226469859472,1.273764258555133,9.5,0.13130051885431418,62.364857844384446,12.526694987438812
2.97,43.9,31.0,16.9,7.079999999999998,31.0,-36.82,4.834485104215848,3829.5,Concepción,Biobío,4.797622263989367,0.8571673007021123,0.8506314193058511,2.46807,4355.124392674134,0.14719108897191088,1.1922868006518197,31.0,0.13130051885431418,14.35842075952107,2.526375315338378
12.41,34.4,326.8,18.5,-2.4200000000000017,-33.19999999999999,-36.82,4.834485104215848,15726.2,Concepción,Biobío,4.830173477708561,0.8367643134589619,0.8360180467694408,10.114149999999999,17847.298243633722,0.1446598155118681,0.9342748506246604,33.19999999999999,0.13130051885431418,59.995960143318676,10.37498396040876
2.49,42.0,14.2,15.4,5.18,14.199999999999989,-36.82,4.834485104215848,3372.2,Concepción,Biobío,4.814740944647169,0.969445349895139,0.9654861105410343,2.1065400000000003,3717.173231773722,0.15460013570262784,1.1406844106463878,14.2,0.13130051885431418,12.037867909497463,2.4040604152471756
2.36,38.6,25.8,12.4,1.7800000000000011,25.80000000000001,-36.82,4.834485104215848,3276.1,Concepción,Biobío,4.832152290605995,0.9003187714021934,0.899884335089358,2.06736,3648.0367106438616,0.15846780434950855,1.0483432916892994,25.8,0.13130051885431418,11.409384845949402,2.1237270308108847
8.0,42.6,355.3,17.1,5.780000000000001,-4.7000000000000455,-36.82,4.834485104215848,10692.5,Concepción,Biobío,4.809906212198734,0.9966373868180365,0.9915704061194182,6.632,11702.74140207322,0.1525756278538813,1.1569799022270506,4.699999999999989,0.13130051885431418,38.67588083372679,7.932563248955345
4.88,26.1,356.6,15.0,-10.72,-3.3999999999999773,-36.82,4.834485104215848,6605.9,Concepción,Biobío,4.7501133163205465,0.9982398279237653,0.980818473381421,4.148,7319.5071374848785,0.15452831424507824,0.7088538837588267,3.3999999999999773,0.13130051885431418,23.59228730857334,4.7863941501013345
9.72,35.7,10.5,11.8,-1.1199999999999974,10.5,-36.82,4.834485104215848,13855.2,Concepción,Biobío,4.833561476020242,0.9832549075639546,0.9830670567511965,8.57304,15127.875474914024,0.16272055921979817,0.9695817490494297,10.5,0.13130051885431418,46.99119521297805,9.555411791621632
2.34,36.4,8.6,14.1,-0.4200000000000017,8.599999999999994,-36.82,4.834485104215848,3245.8,Concepción,Biobío,4.8343552154464975,0.9887563810470059,0.9887298159947296,2.0100599999999997,3546.925871931739,0.15834406587831248,0.988593155893536,8.6,0.13130051885431418,11.312695143865085,2.3136277694276672
2.46,41.8,14.6,16.3,4.979999999999997,14.599999999999994,-36.82,4.834485104215848,3300.3,Concepción,Biobío,4.816235215399631,0.9677091704819712,0.9640561269029707,2.05902,3633.320054538118,0.15314901436685602,1.1352525801195001,14.6,0.13130051885431418,11.892833356370987,2.371578072181308
11.45,31.8,14.0,17.4,-5.02,14.0,-36.82,4.834485104215848,15188.1,Concepción,Biobío,4.815941055421298,0.9702957262759965,0.9665738798114133,9.4577,16688.935066101913,0.15142370042471737,0.8636610537751223,14.0,0.13130051885431418,55.354854443271456,11.067270923840681
4.73,16.8,335.5,12.4,-20.02,-24.5,-36.82,4.834485104215848,6175.1,Concepción,Biobío,4.542352523628969,0.9099612708765432,0.8549752013024601,4.14348,7311.531203959944,0.149031731781015,0.45627376425855515,24.5,0.13130051885431418,22.867114542940964,4.044032702160637
10.53,28.2,24.8,18.8,-8.620000000000001,24.80000000000001,-36.82,4.834485104215848,13410.7,Concepción,Biobío,4.779875355737944,0.9077774785329086,0.8975233359080076,8.55036,15087.854640324302,0.1453847888398878,0.7658881042911461,24.8,0.13130051885431418,50.90712814739288,9.450920727111319
11.75,36.3,29.2,13.8,-0.5200000000000031,29.19999999999999,-36.82,4.834485104215848,15907.0,Concepción,Biobío,4.834286000817743,0.8729220772698097,0.8728861268535567,10.1285,17872.620067988333,0.15454192169435538,0.9858772406300923,29.2,0.13130051885431418,56.805199974536215,10.25641199052929
2.77,37.3,4.7,12.7,0.4799999999999969,4.699999999999989,-36.82,4.834485104215848,3922.5,Concepción,Biobío,4.8343154538108815,0.9966373868180366,0.9966024130964025,2.41821,4267.142081711019,0.16165125364719846,1.01303639326453,4.7,0.13130051885431418,13.3915237386779,2.760588684277035
12.01,50.3,322.6,12.0,13.479999999999997,-37.39999999999998,-36.82,4.834485104215848,15806.7,Concepción,Biobío,4.701301561123252,0.7944146205354183,0.7725295693734644,10.5688,18649.567751844308,0.1502429482280748,1.3661053775122216,37.39999999999998,0.13130051885431418,58.062166101632336,9.278080128175308
5.49,41.5,357.1,18.0,4.68,-2.8999999999999773,-36.82,4.834485104215848,7275.2,Concepción,Biobío,4.818366582959982,0.9987193571841863,0.9953895549735268,4.5018,7943.8180403880015,0.15127546140346498,1.127104834329169,2.8999999999999773,0.13130051885431418,26.541323222145007,5.464688656804662
7.06,37.5,4.9,13.5,0.6799999999999997,4.900000000000006,-36.82,4.834485104215848,9902.5,Concepción,Biobío,4.8341446272832735,0.9963452961909064,0.9962751268589258,6.1068999999999996,10776.156735271552,0.16011648363020167,1.0184682237914178,4.9,0.13130051885431418,34.131464835763886,7.033702395624016
3.13,36.6,331.4,14.8,-0.2199999999999988,-28.600000000000023,-36.82,4.834485104215848,4187.1,Concepción,Biobío,4.834449465684877,0.8779829754279804,0.8779765031723444,2.66676,4705.7301962293095,0.1527090901133529,0.9940249864204237,28.600000000000023,0.13130051885431418,15.131938376195604,2.748066454929438
12.9,45.7,351.0,12.2,8.880000000000003,-9.0,-36.82,4.834485104215848,18104.8,Concepción,Biobío,4.7765380457101845,0.9876883405951378,0.9758497201786804,11.3262,19986.065993389882,0.16021379774167285,1.2411732753938078,9.0,0.13130051885431418,62.364857844384446,12.588461390304978
9.29,32.1,324.8,16.9,-4.719999999999999,-35.19999999999999,-36.82,4.834485104215848,11905.8,Concepción,Biobío,4.818090031706291,0.8171448983351286,0.8143737345875484,7.719989999999999,13622.594480788784,0.14629812583865404,0.8718087995654535,35.19999999999999,0.13130051885431418,44.91236661816523,7.565531994318324
8.56,35.7,15.2,17.8,-1.1199999999999974,15.199999999999989,-36.82,4.834485104215848,11316.6,Concepción,Biobío,4.833561476020242,0.9650164944723115,0.9648321281076822,7.03632,12416.19924340106,0.1509169760594034,0.9695817490494297,15.2,0.13130051885431418,41.383192492087666,8.25896301660176
14.59,28.1,4.1,13.4,-8.719999999999999,4.099999999999994,-36.82,4.834485104215848,20258.6,Concepción,Biobío,4.77860341949552,0.997440782930944,0.9859113914533822,12.63494,22295.45166627126,0.1585075785316145,0.7631721890277023,4.1,0.13130051885431418,70.53513767050923,14.384447201304846
6.35,48.2,318.9,19.5,11.380000000000004,-41.10000000000002,-36.82,4.834485104215848,7618.0,Concepción,Biobío,4.7394396604382685,0.7535633923016376,0.7387484191469185,5.111749999999999,9020.127919488505,0.13695034696005465,1.3090711569799023,41.10000000000002,0.13130051885431418,30.698980411770634,4.691052461582932
13.58,40.0,8.8,10.3,3.1799999999999997,8.800000000000011,-36.82,4.834485104215848,19680.5,Concepción,Biobío,4.827040909588068,0.9882283814465528,0.9867066962516251,12.18126,21494.893807511828,0.1654368497858118,1.0863661053775122,8.8,0.13130051885431418,65.65230771525123,13.399476935097068
11.36,31.2,358.6,11.3,-5.620000000000001,-1.3999999999999773,-36.82,4.834485104215848,16260.9,Concepción,Biobío,4.811247071015923,0.9997014897811831,0.9948962011291834,10.076319999999999,17780.543915038965,0.16340379606405558,0.8473655621944595,1.3999999999999773,0.13130051885431418,54.919750783892034,11.302020844827522
14.07,35.9,12.9,15.9,-0.9200000000000016,12.900000000000006,-36.82,4.834485104215848,19083.6,Concepción,Biobío,4.8338618843485675,0.9747611941912218,0.9746355364367808,11.83287,20880.129320619744,0.1548324911645296,0.9750135795763172,12.9,0.13130051885431418,68.02120541631699,13.713121997665507
13.8,40.9,350.2,17.0,4.079999999999998,-9.799999999999956,-36.82,4.834485104215848,18473.1,Concepción,Biobío,4.82223296940814,0.9854078984834902,0.9829105590248844,11.454,20211.580220046242,0.15281169346833431,1.1108093427485062,9.800000000000011,0.13130051885431418,66.71589443817871,13.564165714543407
14.88,34.8,340.0,12.5,-2.020000000000003,-20.0,-36.82,4.834485104215848,20798.7,Concepción,Biobío,4.831480877387533,0.9396926207859084,0.9391086806721467,13.020000000000001,22974.92356076498,0.1595618831934011,0.9451385116784355,20.0,0.13130051885431418,71.93713835073183,13.973937168401543
3.71,32.5,340.7,15.5,-4.32,-19.299999999999955,-36.82,4.834485104215848,5002.1,Concepción,Biobío,4.8207498498461945,0.9438009515832297,0.9411195189456543,3.13495,5531.892213273438,0.15391266354047436,0.8826724606192287,19.30000000000001,0.13130051885431418,17.935939736640798,3.491553415288377
12.35,31.6,346.5,13.2,-5.219999999999999,-13.5,-36.82,4.834485104215848,17206.3,Concepción,Biobío,4.814435049969586,0.9723699203976766,0.9683372117986976,10.7198,18916.02039836316,0.1590436840256595,0.8582292232482347,13.5,0.13130051885431418,59.705891037065726,11.958964565713915
12.46,39.5,0.5,15.5,2.6799999999999997,0.5,-36.82,4.834485104215848,17057.6,Concepción,Biobío,4.8291974217103855,0.9999619230641713,0.9988682220696012,10.5287,18578.80781061645,0.1562772561695141,1.0727865290602934,0.5,0.13130051885431418,60.237684398529474,12.445898046987232
10.38,34.0,3.7,16.6,-2.8200000000000003,3.6999999999999886,-36.82,4.834485104215848,14021.6,Concepción,Biobío,4.828630662188643,0.997915618272179,0.9967071671115534,8.65692,15275.889037761714,0.15420416853626134,0.9234111895708854,3.7,0.13130051885431418,50.18195538176051,10.345820394617926
5.63,33.2,355.2,19.7,-3.6199999999999974,-4.7999999999999545,-36.82,4.834485104215848,7307.2,Concepción,Biobío,4.824839095874752,0.9964928592495044,0.9945046064728474,4.5208900000000005,7977.504007421412,0.14816256681022247,0.9016838674633352,4.800000000000011,0.13130051885431418,27.218151136735226,5.599060934442131
14.55,26.1,349.4,14.6,-10.72,-10.600000000000025,-36.82,4.834485104215848,19737.4,Concepción,Biobío,4.7501133163205465,0.9829353491495542,0.9657810894909773,12.4257,21926.22946920103,0.15485414803307757,0.7088538837588267,10.600000000000023,0.13130051885431418,70.34175826634059,14.05211485209372
4.66,37.4,351.2,16.5,0.5799999999999983,-8.799999999999955,-36.82,4.834485104215848,6294.0,Concepción,Biobío,4.834237403509831,0.9882283814465529,0.988177748367225,3.8911,6866.184720990214,0.15418307954612265,1.0157523085279738,8.800000000000011,0.13130051885431418,22.528700585645854,4.604908307391269
8.49,35.4,62.7,15.8,-1.4200000000000017,62.69999999999999,-36.82,4.834485104215848,9912.6,Concepción,Biobío,4.833000435953088,0.4586495544843151,0.45850870340656985,7.14858,12614.291787097796,0.13328331477806282,0.9614340032590982,62.7,0.13130051885431418,41.044778534792556,3.8927388919217782
8.78,34.2,340.7,13.2,-2.6199999999999974,-19.299999999999955,-36.82,4.834485104215848,12184.2,Concepción,Biobío,4.829431492497932,0.9438009515832297,0.9428143721553311,7.62104,13447.988590901099,0.15841576434611668,0.928843020097773,19.30000000000001,0.13130051885431418,42.44677921501515,8.277910187523807
4.1,38.4,346.1,12.5,1.5799999999999983,-13.899999999999975,-36.82,4.834485104215848,5780.2,Concepción,Biobío,4.832647036029746,0.9707164815781909,0.9703474157844091,3.5874999999999995,6330.456088651639,0.16093662991424434,1.0429114611624117,13.899999999999977,0.13130051885431418,19.821388927284975,3.978424404716077
11.39,42.8,82.3,19.9,5.979999999999997,82.30000000000001,-36.82,4.834485104215848,11090.3,Concepción,Biobío,4.80817739344081,0.13398618541829196,0.1332570757534879,9.12339,16099.015965057419,0.11115153483188407,1.162411732753938,82.3,0.13130051885431418,55.06478533701851,1.5177980928322274
3.16,42.4,10.5,12.1,5.579999999999998,10.5,-36.82,4.834485104215848,4462.3,Concepción,Biobío,4.8115764237673755,0.9832549075639546,0.9785956580283356,2.7776400000000003,4901.387609779051,0.1612009421420727,1.151548071700163,10.5,0.13130051885431418,15.276972929322081,3.0923622793695404
11.01,41.2,325.5,17.9,4.380000000000003,-34.5,-36.82,4.834485104215848,13968.3,Concepción,Biobío,4.82036585256648,0.8241261886220157,0.8217193045801471,9.039209999999999,15950.47302609081,0.14482786507906883,1.1189570885388376,34.5,0.13130051885431418,53.22768099741649,9.047129543427419
13.03,34.9,21.1,11.5,-1.9200000000000017,21.09999999999999,-36.82,4.834485104215848,18399.0,Concepción,Biobío,4.831770935862688,0.9329535348254892,0.9324297576486841,11.53155,20348.423946784897,0.16119282162344012,0.9478544269418794,21.1,0.13130051885431418,62.9933409079325,12.149559742162353
6.54,32.3,337.2,18.0,-4.520000000000003,-22.799999999999955,-36.82,4.834485104215848,8504.0,Concepción,Biobío,4.819449302510656,0.9218631515885009,0.9189960517324022,5.3628,9463.127501664394,0.14843673634675267,0.877240630092341,22.80000000000001,0.13130051885431418,31.61753258157165,6.0102341783299105
11.22,28.5,22.7,11.9,-8.32,22.69999999999999,-36.82,4.834485104215848,15572.1,Concepción,Biobío,4.783603787213151,0.9225380894562465,0.9128286887724482,9.884820000000001,17442.62549246704,0.15843466901081726,0.7740358500814775,22.7,0.13130051885431418,54.24292286930182,10.241937888026868
4.04,32.1,354.7,19.7,-4.719999999999999,-5.2999999999999545,-36.82,4.834485104215848,5240.7,Concepción,Biobío,4.818090031706291,0.9957246981845822,0.9923479210771179,3.24412,5724.532182945382,0.1480825308558253,0.8718087995654535,5.300000000000011,0.13130051885431418,19.531319821032028,4.009085601151556
13.0,37.0,349.0,16.9,0.1799999999999997,-11.0,-36.82,4.834485104215848,17456.6,Concepción,Biobío,4.83446124700774,0.981627183447664,0.9816223393156631,10.802999999999999,19062.834042007988,0.15328942746750965,1.0048886474741987,11.0,0.13130051885431418,62.84830635480603,12.76109041110362
14.38,30.5,40.2,10.9,-6.32,40.19999999999999,-36.82,4.834485104215848,19402.9,Concepción,Biobío,4.805103958031342,0.7637960286346424,0.7591541273176043,12.81258,22608.912912149473,0.1540294104571926,0.8283541553503531,40.2,0.13130051885431418,69.5198957986239,10.916636350827151
3.99,37.6,14.2,16.9,0.7800000000000011,14.199999999999989,-36.82,4.834485104215848,5330.9,Concepción,Biobío,4.83403712541382,0.969445349895139,0.9693555179984394,3.31569,5850.823679047068,0.15251885421315844,1.0211841390548615,14.2,0.13130051885431418,19.289595565821237,3.8677285168137736
10.99,29.1,24.3,16.0,-7.719999999999999,24.30000000000001,-36.82,4.834485104215848,14512.3,Concepción,Biobío,4.790667116799398,0.9114032766354452,0.9031426539536009,9.2316,16289.961931148844,0.1507420610683851,0.7903313416621401,24.3,0.13130051885431418,53.13099129533217,9.925537766950075
8.58,23.5,10.9,13.4,-13.32,10.900000000000006,-36.82,4.834485104215848,11680.8,Concepción,Biobío,4.704430256277713,0.9819587126964436,0.955542561170835,7.43028,13111.375962755821,0.15541079924641568,0.6382400869092885,10.9,0.13130051885431418,41.47988219417198,8.198555174845765
8.91,43.4,348.9,12.6,6.579999999999998,-11.100000000000025,-36.82,4.834485104215848,12494.9,Concepción,Biobío,4.8026395082514615,0.9812926639922451,0.9748287181889862,7.78734,13741.43941948445,0.1600851231749253,1.1787072243346006,11.100000000000023,0.13130051885431418,43.07526227856321,8.685723879063866
11.18,33.0,15.3,17.2,-3.82,15.300000000000011,-36.82,4.834485104215848,14865.4,Concepción,Biobío,4.823744200775963,0.9645574184577981,0.9624144357263289,9.25704,16334.85302603255,0.15178564135238234,0.8962520369364476,15.3,0.13130051885431418,54.04954346513318,10.759793391420358
8.35,30.1,30.2,17.4,-6.719999999999999,30.19999999999999,-36.82,4.834485104215848,10735.4,Concepción,Biobío,4.801271530491266,0.8642748019537048,0.8583371158849327,6.8971,12170.5334324848,0.1467667404916195,0.8174904942965779,30.2,0.13130051885431418,40.36795062020233,7.1671149176391875
9.8,28.1,3.4,13.3,-8.719999999999999,3.4000000000000057,-36.82,4.834485104215848,13633.2,Concepción,Biobío,4.77860341949552,0.9982398279237653,0.9867012003063865,8.4966,14992.99043981534,0.1588062622309198,0.7631721890277023,3.4,0.13130051885431418,47.37795402131532,9.669671763002588
5.0,40.2,45.0,18.8,3.3800000000000026,45.0,-36.82,4.834485104215848,6080.9,Concepción,Biobío,4.826075367202602,0.7071067811865476,0.705876746975691,4.0600000000000005,7164.223475937467,0.13883333333333334,1.0917979359043999,45.0,0.13130051885431418,24.17242552107924,3.529383734878455
6.92,47.8,21.3,12.7,10.979999999999997,21.30000000000001,-36.82,4.834485104215848,9461.1,Concepción,Biobío,4.745983707559682,0.9316912275855489,0.9146354350624291,6.04116,10660.152781747383,0.15607431308892233,1.298207495926127,21.3,0.13130051885431418,33.45463692117367,6.329277210632009
13.25,33.6,5.3,10.7,-3.219999999999999,5.300000000000011,-36.82,4.834485104215848,19149.5,Concepción,Biobío,4.8268525060224325,0.9957246981845821,0.9941526659270258,11.83225,20879.03527664066,0.164982338244163,0.9125475285171103,5.3,0.13130051885431418,64.05692763085999,13.172522823533091
3.43,35.1,6.3,16.0,-1.7199999999999989,6.300000000000011,-36.82,4.834485104215848,4665.2,Concepción,Biobío,4.832306896737609,0.9939609554551797,0.9935131201346483,2.8812,5084.128246027347,0.1552644541182422,0.953286257468767,6.3,0.13130051885431418,16.58228390746036,3.407750002061844
9.77,45.4,3.4,11.1,8.579999999999998,3.4000000000000057,-36.82,4.834485104215848,13934.6,Concepción,Biobío,4.780380053558198,0.9982398279237653,0.9870680453462989,8.68553,15326.373873635253,0.16281553352682474,1.2330255296034762,3.4,0.13130051885431418,47.23291946818883,9.643654803033339
4.4,22.3,328.7,12.8,-14.52,-31.30000000000001,-36.82,4.834485104215848,5802.3,Concepción,Biobío,4.680072531255418,0.8544588301328073,0.8271675708558865,3.8368,6770.367643467209,0.15053704856787048,0.6056491037479631,31.30000000000001,0.13130051885431418,21.271734458549734,3.639537311765901
13.01,52.6,357.7,15.1,15.78,-2.2999999999999545,-36.82,4.834485104215848,17250.0,Concepción,Biobío,4.652287760836705,0.999194395114446,0.9615377346046375,11.04549,19490.728758924262,0.15135880723995243,1.4285714285714286,2.3000000000000114,0.13130051885431418,62.89665120584819,12.509605927206334
9.53,56.4,5.5,12.9,19.58,5.5,-36.82,4.834485104215848,12681.8,Concepción,Biobío,4.554928537858894,0.9953961983671789,0.9378369056231318,8.30063,14647.184313071626,0.15190913577407564,1.5317762085822921,5.5,0.13130051885431418,46.07264304317703,8.937585710588445
7.24,15.2,349.6,12.1,-21.62,-10.399999999999975,-36.82,4.834485104215848,9554.1,Concepción,Biobío,4.494369067504978,0.983571470813386,0.9143751813919523,6.3639600000000005,11229.761485696305,0.15064235979716945,0.4128191200434546,10.399999999999977,0.13130051885431418,35.001672154522744,6.6200763132777345
5.25,36.0,8.4,17.0,-0.8200000000000003,8.400000000000006,-36.82,4.834485104215848,7046.3,Concepción,Biobío,4.833990001557876,0.9892723329629883,0.9891710209616168,4.3575,7689.1881271915045,0.15321374211785171,0.977729494839761,8.4,0.13130051885431418,25.381046797133205,5.193147860048488
7.68,31.1,0.5,15.5,-5.719999999999999,0.5,-36.82,4.834485104215848,10481.3,Concepción,Biobío,4.810413430363983,0.9999619230641713,0.9949829528620925,6.489599999999999,11451.464204296495,0.15579367627473362,0.8446496469310157,0.5,0.13130051885431418,37.128845600377716,7.64146907798087
14.45,34.7,19.3,18.4,-2.1199999999999974,19.30000000000001,-36.82,4.834485104215848,18850.6,Concepción,Biobío,4.831176101383728,0.9438009515832294,0.943154959310128,11.7912,20806.598977702917,0.14892006762414875,0.9424225964149919,19.3,0.13130051885431418,69.85830975591901,13.62858916203135
8.62,33.5,16.6,15.8,-3.3200000000000003,16.599999999999994,-36.82,4.834485104215848,11634.2,Concepción,Biobío,4.826371204908958,0.9583225744651332,0.9567141854216032,7.258039999999999,12807.44348701802,0.15407250844907777,0.9098316132536665,16.6,0.13130051885431418,41.67326159834061,8.24687627833422
8.1,43.3,4.2,14.8,6.479999999999997,4.199999999999989,-36.82,4.834485104215848,11121.0,Concepción,Biobío,4.803599080089368,0.9973144772244581,0.9909429447155709,6.901199999999999,12177.76823944326,0.1567309318450871,1.175991309071157,4.2,0.13130051885431418,39.15932934414837,8.026637852196124
11.7,35.9,325.8,12.6,-0.9200000000000016,-34.19999999999999,-36.82,4.834485104215848,15860.8,Concepción,Biobío,4.8338618843485675,0.8270805742745619,0.8269739542241081,10.2258,18044.314389222003,0.1547515903680287,0.9750135795763172,34.19999999999999,0.13130051885431418,56.563475719325425,9.675595264422064
6.93,29.5,44.8,17.9,-7.32,44.80000000000001,-36.82,4.834485104215848,8463.9,Concepción,Biobío,4.795084187169464,0.7095707365365208,0.7037877550760056,5.6895299999999995,10039.671032771055,0.1394226017513689,0.8011950027159153,44.8,0.13130051885431418,33.502981772215826,4.877249142676718
7.56,35.4,356.5,12.0,-1.4200000000000017,-3.5,-36.82,4.834485104215848,10787.6,Concepción,Biobío,4.833000435953088,0.9981347984218669,0.9978282716614717,6.6528,11739.444812984428,0.16289169143050425,0.9614340032590982,3.5,0.13130051885431418,36.54870738787181,7.543581733760726
6.38,40.9,358.0,12.4,4.079999999999998,-2.0,-36.82,4.834485104215848,9043.7,Concepción,Biobío,4.82223296940814,0.9993908270190958,0.9968580503377596,5.58888,9862.065344876202,0.16181596312678034,1.1108093427485062,2.0,0.13130051885431418,30.844014964897113,6.359954361154906
3.96,27.4,351.4,18.4,-9.420000000000002,-8.600000000000023,-36.82,4.834485104215848,5159.9,Concepción,Biobío,4.769292507625402,0.9887563810470058,0.975423090223622,3.23136,5702.016052021007,0.14874486877911536,0.7441607821835958,8.600000000000023,0.13130051885431418,19.14456101269476,3.8626754372855427
11.28,23.7,347.8,17.4,-13.12,-12.200000000000044,-36.82,4.834485104215848,14637.3,Concepción,Biobío,4.708289532571764,0.9774158942860958,0.9519022036128356,9.31728,16441.15175071001,0.1481316185757311,0.643671917436176,12.199999999999989,0.13130051885431418,54.532991975554765,10.737456856752786
13.35,52.8,38.6,16.1,15.979999999999997,38.599999999999994,-36.82,4.834485104215848,16490.0,Concepción,Biobío,4.64767021996071,0.7815204724188188,0.7513208434095939,11.20065,19764.522087625362,0.141005250286457,1.434003259098316,38.6,0.13130051885431418,64.54037614128157,10.03013325951808
13.77,31.7,34.7,10.4,-5.120000000000001,34.69999999999999,-36.82,4.834485104215848,19044.2,Concepción,Biobío,4.815195386655552,0.8221440410307376,0.818863665560859,12.33792,21771.334016807483,0.15787911646985872,0.8609451385116784,34.7,0.13130051885431418,66.57085988505223,11.275752674773027
13.45,35.7,11.1,11.3,-1.1199999999999974,11.099999999999994,-36.82,4.834485104215848,19273.9,Concepción,Biobío,4.833561476020242,0.9812926639922452,0.981105188066047,11.93015,21051.788350112154,0.16358489925480812,0.9695817490494297,11.1,0.13130051885431418,65.02382465170315,13.19586477948833
7.87,33.6,357.3,15.0,-3.219999999999999,-2.7000000000000455,-36.82,4.834485104215848,10841.3,Concepción,Biobío,4.8268525060224325,0.9988898749619699,0.9973128455802044,6.6895,11804.20515819795,0.15725429786542736,0.9125475285171103,2.6999999999999886,0.13130051885431418,38.047397770178726,7.848852094716209
5.69,41.2,15.5,17.5,4.380000000000003,15.5,-36.82,4.834485104215848,7534.1,Concepción,Biobío,4.82036585256648,0.963630453208623,0.9608161429827041,4.69425,8283.412820669815,0.1511523862259351,1.1189570885388376,15.5,0.13130051885431418,27.50822024298818,5.467043853571587
10.29,51.0,1.8,14.6,14.18,1.8000000000000114,-36.82,4.834485104215848,13822.6,Concepción,Biobío,4.687182787252092,0.9995065603657316,0.9690525142804604,8.787659999999999,15506.591150383405,0.15334522589205285,1.3851167843563281,1.8,0.13130051885431418,49.746851722381074,9.971550371945936
14.41,41.5,355.2,10.2,4.68,-4.7999999999999545,-36.82,4.834485104215848,20922.1,Concepción,Biobío,4.818366582959982,0.9964928592495044,0.9931704803431912,12.94018,22834.074221393217,0.16574375988262843,1.127104834329169,4.800000000000011,0.13130051885431418,69.66493035175037,14.311586621745386
11.45,24.7,8.5,11.8,-12.12,8.5,-36.82,4.834485104215848,15973.8,Concepción,Biobío,4.726724462706731,0.9890158633619168,0.9669707062043046,10.098899999999999,17820.38829092238,0.1592570437279416,0.6708310700706138,8.5,0.13130051885431418,55.354854443271456,11.071814586039286
8.43,25.7,349.0,15.9,-11.12,-11.0,-36.82,4.834485104215848,11245.2,Concepción,Biobío,4.743719586781548,0.981627183447664,0.9631975270700892,7.08963,12510.269379731659,0.15227741757259625,0.6979902227050516,11.0,0.13130051885431418,40.7547094285396,8.119755153200853
10.95,33.6,6.3,16.9,-3.219999999999999,6.300000000000011,-36.82,4.834485104215848,14721.1,Concepción,Biobío,4.8268525060224325,0.9939609554551797,0.9923917077629452,9.09945,16056.771750768266,0.15346948562373597,0.9125475285171103,6.3,0.13130051885431418,52.937611891163534,10.866689200004249
12.04,34.7,5.1,10.3,-2.1199999999999974,5.099999999999994,-36.82,4.834485104215848,17495.4,Concepción,Biobío,4.831176101383728,0.9960410654107696,0.9953593169649055,10.79988,19057.32853037131,0.16587971601510948,0.9424225964149919,5.1,0.13130051885431418,58.20720065475881,11.984126176257462
13.95,23.0,15.1,10.4,-13.82,15.099999999999994,-36.82,4.834485104215848,19525.0,Concepción,Biobío,4.694531386384976,0.9654726308792251,0.9375231220395619,12.4992,22055.92661833438,0.1597764357375493,0.6246605105920695,15.1,0.13130051885431418,67.44106720381109,13.078447552451888
11.92,43.4,344.5,12.6,6.579999999999998,-15.5,-36.82,4.834485104215848,16644.3,Concepción,Biobío,4.8026395082514615,0.963630453208623,0.9572828514660712,10.41808,18383.6091897031,0.15939884618920658,1.1787072243346006,15.5,0.13130051885431418,57.627062442252914,11.410811589475568
7.63,28.1,17.8,10.8,-8.719999999999999,17.80000000000001,-36.82,4.834485104215848,10785.8,Concepción,Biobío,4.77860341949552,0.9521293927421387,0.9411237544184677,6.80596,12009.708967559445,0.1613703417775304,0.7631721890277023,17.8,0.13130051885431418,36.887121345166925,7.180774246212909
5.56,48.8,337.3,15.4,11.979999999999997,-22.700000000000045,-36.82,4.834485104215848,7317.2,Concepción,Biobío,4.729190579501103,0.922538089456246,0.9024453168927652,4.70376,8300.194043639314,0.15023323806708058,1.3253666485605649,22.69999999999999,0.13130051885431418,26.879737179440113,5.017595961923774
8.5,51.4,345.7,11.2,14.579999999999998,-14.299999999999956,-36.82,4.834485104215848,11756.8,Concepción,Biobío,4.678800665443191,0.9690157314068697,0.9378106150286232,7.548,13319.103151816747,0.157894171367177,1.3959804454101032,14.300000000000011,0.13130051885431418,41.09312338583471,7.971390227743297
6.27,34.8,346.8,16.5,-2.020000000000003,-13.200000000000044,-36.82,4.834485104215848,8432.0,Concepción,Biobío,4.831480877387533,0.9735789028731601,0.9729739052784953,5.235449999999999,9238.407339186404,0.15351787521938928,0.9451385116784355,13.199999999999989,0.13130051885431418,30.31222160343337,6.100546386096164
14.26,40.3,333.2,17.8,3.479999999999997,-26.799999999999955,-36.82,4.834485104215848,18471.8,Concepción,Biobío,4.825570543669576,0.8925858184521258,0.8909399326649514,11.72172,20683.995468562982,0.14787187714141162,1.0945138511678434,26.80000000000001,0.13130051885431418,68.93975758611799,12.704803439802207
8.6,27.0,25.4,19.7,-9.82,25.40000000000001,-36.82,4.834485104215848,10776.0,Concepción,Biobío,4.763652278902814,0.9033352928633007,0.8901000072808326,6.9058,12185.88533993324,0.14303918445364766,0.7332971211298207,25.4,0.13130051885431418,41.5765718962563,7.65486006261516
8.14,41.8,335.8,19.5,4.979999999999997,-24.200000000000045,-36.82,4.834485104215848,10356.3,Concepción,Biobío,4.816235215399631,0.9121201161722726,0.9086769179105462,6.5527,11562.809647974243,0.1452366127023661,1.1352525801195001,24.19999999999999,0.13130051885431418,39.352708748317006,7.396630111791846
6.53,32.8,342.5,12.7,-4.020000000000003,-17.5,-36.82,4.834485104215848,9114.0,Concepción,Biobío,4.82259052987637,0.9537169507482269,0.9513704635991399,5.70069,10059.363824394568,0.15932786506954205,0.89082020640956,17.5,0.13130051885431418,31.569187730529492,6.212449127302384
10.31,28.1,31.4,10.3,-8.719999999999999,31.40000000000001,-36.82,4.834485104215848,14287.4,Concepción,Biobío,4.77860341949552,0.8535507972753273,0.8436846263144259,9.24807,16319.024680077095,0.15819415471967188,0.7631721890277023,31.4,0.13130051885431418,49.8435414244654,8.698388497301732
8.76,34.5,345.7,13.3,-2.3200000000000003,-14.299999999999956,-36.82,4.834485104215848,12222.4,Concepción,Biobío,4.830522400548599,0.9690157314068697,0.968221454020614,7.59492,13401.897576814528,0.15927524446946478,0.9369907658881043,14.300000000000011,0.13130051885431418,42.35008951293083,8.481619937220579
3.68,33.1,355.3,17.1,-3.719999999999999,-4.7000000000000455,-36.82,4.834485104215848,4934.2,Concepción,Biobío,4.824298996151055,0.9966373868180365,0.9945375031893354,3.05072,5383.2610449536805,0.15306109787571964,0.8989679521998913,4.699999999999989,0.13130051885431418,17.790905183514322,3.6598980117367543
13.3,34.2,334.7,10.6,-2.6199999999999974,-25.299999999999955,-36.82,4.834485104215848,18809.1,Concepción,Biobío,4.829431492497932,0.9040825496607787,0.9031374889007517,11.8902,20981.29309694376,0.16144041610876506,0.928843020097773,25.30000000000001,0.13130051885431418,64.29865188607079,12.011728602379998
6.67,44.4,20.8,13.6,7.579999999999998,20.80000000000001,-36.82,4.834485104215848,9114.4,Concepción,Biobío,4.79223966221712,0.9348256763960144,0.9266568387556479,5.76288,10169.10349384495,0.15599049790173405,1.2058663769690385,20.8,0.13130051885431418,32.246015645119705,6.180801114500171
7.62,30.5,21.2,13.0,-6.32,21.19999999999999,-36.82,4.834485104215848,10519.7,Concepción,Biobío,4.805103958031342,0.9323238012155123,0.9266576875954868,6.6294,11698.15347570932,0.15759566869209843,0.8283541553503531,21.2,0.13130051885431418,36.838776494124765,7.0611315794776095
4.67,50.7,18.5,12.2,13.880000000000004,18.5,-36.82,4.834485104215848,6381.8,Concepción,Biobío,4.693319482400568,0.9483236552061993,0.9206328679592632,4.10026,7235.265751095407,0.15599913955785008,1.3769690385659967,18.5,0.13130051885431418,22.57704543668801,4.2993554933697595
9.19,26.2,13.4,17.1,-10.62,13.400000000000006,-36.82,4.834485104215848,12080.9,Concepción,Biobío,4.751675586595558,0.9727758782093966,0.9561132761968416,7.618509999999999,13443.52418563161,0.1500650896100089,0.7115697990222705,13.4,0.13130051885431418,44.42891810774364,8.786681008248975
11.13,49.7,1.8,16.6,12.880000000000004,1.8000000000000114,-36.82,4.834485104215848,14678.5,Concepción,Biobío,4.71284493292653,0.9995065603657316,0.974358039564279,9.28242,16379.638245692475,0.15055057087882107,1.349809885931559,1.8,0.13130051885431418,53.80781920992239,10.844604980350427
13.46,28.7,346.9,15.4,-8.120000000000001,-13.100000000000025,-36.82,4.834485104215848,18178.2,Concepción,Biobío,4.786016556072682,0.9739759672790516,0.9642112870612586,11.38716,20093.635220752727,0.15417065277127562,0.779467680608365,13.100000000000023,0.13130051885431418,65.07216950274533,12.978283923844542
2.67,36.8,339.6,19.1,-0.0200000000000031,-20.399999999999977,-36.82,4.834485104215848,3451.1,Concepción,Biobío,4.834484809682175,0.9372819894918917,0.9372819323894079,2.16003,3811.560993775666,0.14755100644742017,0.9994568169473111,20.399999999999977,0.13130051885431418,12.908075228256315,2.502542759479719
14.65,32.9,32.2,11.0,-3.9200000000000017,32.19999999999999,-36.82,4.834485104215848,20278.0,Concepción,Biobío,4.823174711439481,0.8461931661275641,0.8442134771085134,13.0385,23007.568421431195,0.15800956878146089,0.8935361216730038,32.2,0.13130051885431418,70.82520677676217,12.36772743963972
11.15,34.1,19.1,11.5,-2.719999999999999,19.09999999999999,-36.82,4.834485104215848,15774.1,Concepción,Biobío,4.8290384323875575,0.9449489121575309,0.9438843051708355,9.867750000000001,17412.503991300968,0.16149743022708193,0.9261271048343293,19.1,0.13130051885431418,53.90450891200671,10.524310002654817
5.7,43.2,342.7,13.8,6.380000000000003,-17.299999999999955,-36.82,4.834485104215848,7825.0,Concepción,Biobío,4.8045440193314155,0.9547607995027977,0.9488477449528284,4.9134,8670.122075534766,0.156713129856605,1.1732753938077132,17.30000000000001,0.13130051885431418,27.556565094030336,5.408432146231122
4.66,48.8,1.0,16.6,11.979999999999997,1.0,-36.82,4.834485104215848,6170.0,Concepción,Biobío,4.729190579501103,0.9998476951563913,0.9780711283495519,3.88644,6857.961745276454,0.15114547200501696,1.3253666485605649,1.0,0.13130051885431418,22.528700585645854,4.557811458108912
5.85,46.3,352.5,15.8,9.479999999999997,-7.5,-36.82,4.834485104215848,7862.0,Concepción,Biobío,4.7684612853247135,0.9914448613738104,0.9779048515161302,4.9257,8691.826496410142,0.15341685204698904,1.2574687669744704,7.5,0.13130051885431418,28.281737859662712,5.720743381369361
13.38,33.6,331.8,10.7,-3.219999999999999,-28.19999999999999,-36.82,4.834485104215848,18774.5,Concepción,Biobío,4.8268525060224325,0.8813034520649923,0.879912066014342,11.948340000000002,21083.886188788834,0.16017995235852597,0.9125475285171103,28.19999999999999,0.13130051885431418,64.68541069440805,11.773223443271897
5.79,38.3,4.4,19.6,1.4799999999999969,4.400000000000006,-36.82,4.834485104215848,7545.8,Concepción,Biobío,4.832872327485724,0.9970527522269202,0.996720136975692,4.65516,8214.43511237563,0.1487724860214036,1.0401955458989678,4.4,0.13130051885431418,27.991668753409762,5.771009593089256
8.02,30.6,349.6,13.1,-6.219999999999999,-10.399999999999975,-36.82,4.834485104215848,11199.0,Concepción,Biobío,4.806025479151385,0.983571470813386,0.9777813867237605,6.969379999999999,12298.077785401243,0.15940457076486866,0.8310700706137969,10.399999999999977,0.13130051885431418,38.7725705358111,7.841806721524558
11.17,28.9,336.2,13.6,-7.920000000000002,-23.799999999999955,-36.82,4.834485104215848,15187.1,Concepción,Biobío,4.788371008830852,0.9149596678498251,0.9062322570734722,9.650879999999999,17029.817994939745,0.15520924034125982,0.7848995111352526,23.80000000000001,0.13130051885431418,54.001198614091024,10.122614311510684
13.34,27.6,323.0,16.2,-9.22,-37.0,-36.82,4.834485104215848,16973.6,Concepción,Biobío,4.772025470504719,0.7986355100472928,0.7883174554145966,11.17892,19726.17761074553,0.14524929316163834,0.7495926127104835,37.0,0.13130051885431418,64.49203129023941,10.516154855230718
10.56,33.3,320.9,19.5,-3.520000000000003,-39.10000000000002,-36.82,4.834485104215848,12986.3,Concepción,Biobío,4.825364498301816,0.7760464070665457,0.7745823393742733,8.5008,15000.4017054801,0.14038393351321432,0.9043997827267788,39.10000000000002,0.13130051885431418,51.05216270051936,8.179589503792327
11.79,38.8,350.7,16.6,1.9799999999999969,-9.299999999999956,-36.82,4.834485104215848,15891.4,Concepción,Biobío,4.831598666931518,0.9868557164068074,0.9862665125779223,9.832859999999998,17350.93754867154,0.15386656132238063,1.0537751222161869,9.300000000000011,0.13130051885431418,56.99857937870485,11.628082183293703
4.25,21.5,357.9,19.5,-15.32,-2.1000000000000227,-36.82,4.834485104215848,5355.8,Concepción,Biobío,4.662692887679823,0.9993283937786562,0.9638175097622977,3.4212499999999997,6037.0934894214415,0.14385710448562988,0.5839217816404129,2.1000000000000227,0.13130051885431418,20.546561692917354,4.096224416489766
13.41,36.4,338.1,11.9,-0.4200000000000017,-21.899999999999977,-36.82,4.834485104215848,18824.6,Concepción,Biobío,4.8343552154464975,0.9278362538989201,0.9278113255959922,11.814210000000001,20847.202126023443,0.16024809400740261,0.988593155893536,21.899999999999977,0.13130051885431418,64.83044524753453,12.441949876242257
5.58,48.9,16.3,16.2,12.079999999999998,16.30000000000001,-36.82,4.834485104215848,7351.6,Concepción,Biobío,4.7274319478359725,0.9598052919751868,0.9385516974762712,4.6760399999999995,8251.279690251877,0.1503985204824798,1.3280825638240086,16.3,0.13130051885431418,26.976426881524436,5.237118471917594
3.67,45.8,358.4,18.3,8.979999999999997,-1.6000000000000227,-36.82,4.834485104215848,4805.3,Concepción,Biobío,4.7752282708551395,0.9996101150403544,0.9873577802548007,2.9983899999999997,5290.920203944861,0.14946872706008238,1.2438891906572513,1.6000000000000227,0.13130051885431418,17.742560332472163,3.6236030535351187
14.69,32.1,14.4,15.1,-4.719999999999999,14.400000000000006,-36.82,4.834485104215848,20017.6,Concepción,Biobío,4.818090031706291,0.9685831611286311,0.9652984284599148,12.47181,22007.594578677745,0.15555576278088099,0.8718087995654535,14.4,0.13130051885431418,71.01858618093081,14.180233914076148
4.62,25.6,355.4,13.6,-11.22,-4.600000000000023,-36.82,4.834485104215848,6350.5,Concepción,Biobío,4.74208501663258,0.9967788784562471,0.9777277378104332,3.99168,7043.666887790656,0.15691405246199766,0.6952743074416079,4.600000000000023,0.13130051885431418,22.33532118147722,4.517102148684201
3.78,40.5,340.3,19.8,3.68,-19.700000000000045,-36.82,4.834485104215848,4830.3,Concepción,Biobío,4.824516799611836,0.9414705448120376,0.9395293111616935,3.03156,5349.451556825858,0.14587410306588391,1.099945681694731,19.69999999999999,0.13130051885431418,18.274353693935904,3.551420796191201
10.14,18.3,2.9,11.4,-18.52,2.9000000000000057,-36.82,4.834485104215848,13815.6,Concepción,Biobío,4.584120837135129,0.9987193571841861,0.9469985152557047,8.98404,15853.120757822964,0.1555348409932182,0.49701249321021185,2.9,0.13130051885431418,49.0216789567487,9.602564944692846
6.15,45.7,328.4,14.1,8.880000000000003,-31.600000000000023,-36.82,4.834485104215848,8144.3,Concepción,Biobío,4.7765380457101845,0.8517269341430475,0.8415179730190184,5.28285,9322.048765974443,0.15117310762148717,1.2411732753938078,31.600000000000023,0.13130051885431418,29.732083390927468,5.175335534066964
3.73,35.1,13.5,18.7,-1.7199999999999989,13.5,-36.82,4.834485104215848,4887.9,Concepción,Biobío,4.832306896737609,0.9723699203976766,0.9719318130529299,3.0324899999999997,5351.092622794483,0.14959234639538727,0.953286257468767,13.5,0.13130051885431418,18.032629438725113,3.6253056626874285
9.81,51.5,336.6,19.0,14.68,-23.399999999999977,-36.82,4.834485104215848,12221.8,Concepción,Biobío,4.676669487828346,0.9177546256839813,0.8877956933835184,7.946100000000001,14021.585261612488,0.14222045345584367,1.398696360673547,23.399999999999977,0.13130051885431418,47.42629887235748,8.709275752092315
11.87,23.0,23.0,19.8,-13.82,23.0,-36.82,4.834485104215848,14698.2,Concepción,Biobío,4.694531386384976,0.9205048534524404,0.893857118741315,9.51974,16798.410047492842,0.14135439867976135,0.6246605105920695,23.0,0.13130051885431418,57.385338187042116,10.610083999459409
12.31,44.2,351.5,18.8,7.380000000000003,-8.5,-36.82,4.834485104215848,16037.8,Concepción,Biobío,4.794436520216145,0.9890158633619168,0.980822915400127,9.99572,17638.318197758043,0.1487245399478465,1.200434546442151,8.5,0.13130051885431418,59.512511632897095,12.073930088575564
4.02,36.0,26.6,10.5,-0.8200000000000003,26.59999999999999,-36.82,4.834485104215848,5684.1,Concepción,Biobío,4.833990001557876,0.8941542368393682,0.894062665942002,3.5978999999999997,6348.807794107243,0.16141041368499967,0.977729494839761,26.6,0.13130051885431418,19.43463011894771,3.5941319170868478
9.24,34.2,331.9,19.3,-2.6199999999999974,-28.100000000000023,-36.82,4.834485104215848,11727.4,Concepción,Biobío,4.829431492497932,0.8821268660176675,0.8812047560988867,7.4566799999999995,13157.961061220043,0.14488574591314315,0.928843020097773,28.100000000000023,0.13130051885431418,44.67064236295444,8.142331946353714
12.58,25.9,343.1,14.3,-10.920000000000002,-16.899999999999977,-36.82,4.834485104215848,16991.0,Concepción,Biobío,4.746945371566701,0.9568135840576075,0.9394882218860634,10.78106,19024.11900184492,0.15418218379539894,0.7034220532319391,16.899999999999977,0.13130051885431418,60.817822611035375,11.818761831326677
4.09,41.6,9.5,16.5,4.780000000000001,9.5,-36.82,4.834485104215848,5508.8,Concepción,Biobío,4.817670801845906,0.9862856015372314,0.9828553077272647,3.4151499999999997,6026.329508336905,0.15375512163535074,1.1298207495926127,9.5,0.13130051885431418,19.77304407624282,4.019878208604513
4.7,42.2,29.3,13.9,5.380000000000003,29.30000000000001,-36.82,4.834485104215848,6322.9,Concepción,Biobío,4.813188007795735,0.8720692724321205,0.8682275927124314,4.0467,7140.75446799905,0.15357281647721752,1.1461162411732755,29.3,0.13130051885431418,22.72207998981449,4.080669685748428
2.03,51.1,41.7,18.1,14.28,41.69999999999999,-36.82,4.834485104215848,2444.4,Concepción,Biobío,4.685108657907599,0.7466381822853915,0.723568474561898,1.6625699999999997,2933.749513396391,0.13745866792631084,1.3878326996197718,41.7,0.13130051885431418,9.814004761558172,1.4688440033606527
8.82,44.9,1.0,15.8,8.079999999999998,1.0,-36.82,4.834485104215848,11939.0,Concepción,Biobío,4.786492112840684,0.9998476951563913,0.9899219883281143,7.42644,13104.599948433752,0.15452375775272056,1.2194459532862574,1.0,0.13130051885431418,42.64015861918379,8.731111937053969
4.53,32.1,45.9,18.5,-4.719999999999999,45.900000000000006,-36.82,4.834485104215848,5501.7,Concepción,Biobío,4.818090031706291,0.6959127965923142,0.6935527643418248,3.69195,6514.767207386041,0.13864193050893583,0.8718087995654535,45.9,0.13130051885431418,21.900217522097794,3.1417940224684666
11.42,28.8,352.8,11.9,-8.02,-7.2000000000000455,-36.82,4.834485104215848,16122.1,Concepción,Biobío,4.787201073774112,0.9921147013144778,0.9824112518824504,10.06102,17753.54573297447,0.1611578261321562,0.7821835958718089,7.199999999999989,0.13130051885431418,55.209819890144985,11.219136496497583
14.51,25.9,27.5,11.8,-10.920000000000002,27.5,-36.82,4.834485104215848,19796.0,Concepción,Biobío,4.746945371566701,0.8870108331782217,0.8709494141192187,12.79782,22582.86760709902,0.15574206420387138,0.7034220532319391,27.5,0.13130051885431418,70.14837886217195,12.637475998869864
4.71,48.6,336.4,14.4,11.78,-23.600000000000023,-36.82,4.834485104215848,6275.3,Concepción,Biobío,4.732664619714159,0.9163627295622394,0.8970629499389754,4.03176,7114.391537277252,0.15209308863876528,1.3199348180336774,23.600000000000023,0.13130051885431418,22.770424840856645,4.225166494212574
10.44,30.6,10.5,10.0,-6.219999999999999,10.5,-36.82,4.834485104215848,15085.0,Concepción,Biobío,4.806025479151385,0.9832549075639546,0.9774666870174352,9.395999999999999,16580.060044312417,0.1649455903707203,0.8310700706137969,10.5,0.13130051885431418,50.47202448801345,10.204752212462024
4.75,48.7,301.5,16.9,11.880000000000004,-58.5,-36.82,4.834485104215848,5471.8,Concepción,Biobío,4.730934805231569,0.5224985647159489,0.5113071179684945,3.94725,6965.266284579842,0.13150204277817834,1.3226507332971211,58.5,0.13130051885431418,22.96380424502528,2.428708810350349
2.23,41.0,332.0,13.0,4.18,-28.0,-36.82,4.834485104215848,3053.6,Concepción,Biobío,4.8216252840024385,0.882947592858927,0.8805989358546625,1.9401,3423.475361001546,0.1563159080205582,1.1135252580119501,28.0,0.13130051885431418,10.780901782401342,1.9637356269558974
11.86,39.5,11.7,15.6,2.6799999999999997,11.699999999999989,-36.82,4.834485104215848,16150.8,Concepción,Biobío,4.8291974217103855,0.9792228106217659,0.9781517928788093,10.009839999999999,17663.234167088147,0.15545519647023495,1.0727865290602934,11.7,0.13130051885431418,57.336993335999956,11.600880263542678
7.64,34.4,327.2,10.7,-2.4200000000000017,-32.80000000000001,-36.82,4.834485104215848,10614.8,Concepción,Biobío,4.830173477708561,0.8405666034956841,0.8398169457408982,6.82252,12038.93052932337,0.15860407851012456,0.9342748506246604,32.80000000000001,0.13130051885431418,36.93546619620908,6.416201465460461
14.31,42.1,10.7,11.7,5.280000000000001,10.699999999999989,-36.82,4.834485104215848,20327.1,Concepción,Biobío,4.813971808317946,0.9826127965436152,0.9784434534565951,12.63573,22296.845690051065,0.16215550003350468,1.1434003259098315,10.7,0.13130051885431418,69.18148184132879,14.001525818963877
8.95,36.7,22.7,16.2,-0.1199999999999974,22.69999999999999,-36.82,4.834485104215848,11925.1,Concepción,Biobío,4.834474501007399,0.9225380894562465,0.9225360661045444,7.500099999999999,13234.579431497188,0.15210198719420423,0.9967409016838675,22.7,0.13130051885431418,43.26864168273184,8.256697791635672
4.05,33.9,347.5,13.1,-2.9200000000000017,-12.5,-36.82,4.834485104215848,5669.2,Concepción,Biobío,4.828208183143329,0.9762960071199334,0.9750284196006826,3.51945,6210.37593901185,0.15979480241276284,0.9206952743074416,12.5,0.13130051885431418,19.579664672074184,3.9488650993827648
7.85,42.4,335.8,12.1,5.579999999999998,-24.200000000000045,-36.82,4.834485104215848,10887.6,Concepción,Biobío,4.8115764237673755,0.9121201161722726,0.9077979458021969,6.90015,12175.91542302707,0.15832824360876016,1.151548071700163,24.19999999999999,0.13130051885431418,37.95070806809441,7.126213874547245
4.64,35.7,348.1,12.3,-1.1199999999999974,-11.899999999999975,-36.82,4.834485104215848,6565.0,Concepción,Biobío,4.833561476020242,0.9785089851017785,0.9783220409973267,4.06928,7180.598843882465,0.16151491891040784,0.9695817490494297,11.899999999999977,0.13130051885431418,22.432010883561535,4.539414270227596
13.41,30.4,335.9,12.1,-6.420000000000002,-24.100000000000023,-36.82,4.834485104215848,18586.7,Concepción,Biobío,4.804167799731319,0.9128341772330426,0.9071097472061664,11.78739,20799.87590099274,0.158222923668359,0.8256382400869092,24.100000000000023,0.13130051885431418,64.83044524753453,12.164341710034693
10.98,41.6,357.5,16.2,4.780000000000001,-2.5,-36.82,4.834485104215848,14874.3,Concepción,Biobío,4.817670801845906,0.9990482215818578,0.9955735394765841,9.20124,16236.389067914986,0.1546429373456097,1.1298207495926127,2.5,0.13130051885431418,53.08264644429001,10.931397463452894
6.44,36.3,2.6,11.7,-0.5200000000000031,2.5999999999999943,-36.82,4.834485104215848,9223.0,Concepción,Biobío,4.834286000817743,0.9989705697907147,0.9989294281942955,5.686520000000001,10034.359625711311,0.16348662752772342,0.9858772406300923,2.6,0.13130051885431418,31.134084071150067,6.4331055175712635
8.86,40.7,352.3,13.6,3.8800000000000026,-7.700000000000045,-36.82,4.834485104215848,12365.5,Concepción,Biobío,4.823404270339418,0.9909831997148362,0.9887118264509498,7.65504,13507.984551044416,0.15932130451364196,1.1053775122216187,7.699999999999989,0.13130051885431418,42.83353802335241,8.759986782355414
10.7,33.2,41.9,16.9,-3.6199999999999974,41.900000000000006,-36.82,4.834485104215848,13458.9,Concepción,Biobío,4.824839095874752,0.744311546231154,0.742826458320332,8.891699999999998,15690.17878842196,0.14358916912047112,0.9016838674633352,41.9,0.13130051885431418,51.72899061510957,7.948243104027552
12.18,27.1,342.0,15.1,-9.72,-18.0,-36.82,4.834485104215848,16329.6,Concepción,Biobío,4.765084113298691,0.9510565162951535,0.937403714967553,10.340819999999999,18247.27719321272,0.15304676428908834,0.7360130363932645,18.0,0.13130051885431418,58.884028569349034,11.417577248304795
3.04,50.7,34.8,16.0,13.880000000000004,34.80000000000001,-36.82,4.834485104215848,3843.0,Concepción,Biobío,4.693319482400568,0.8211492091337039,0.7971718803775557,2.5536,4506.04952417584,0.14430875991348233,1.3769690385659967,34.8,0.13130051885431418,14.696834716816179,2.4234025163477693
2.29,49.2,334.0,12.5,12.380000000000004,-26.0,-36.82,4.834485104215848,3098.2,Concepción,Biobío,4.722069671022892,0.898794046299167,0.877894546168768,2.00375,3535.791327563965,0.15444358038723055,1.3362303096143402,26.0,0.13130051885431418,11.070970888654292,2.0103785107264787
3.49,43.9,1.8,19.3,7.079999999999998,1.8000000000000114,-36.82,4.834485104215848,4531.3,Concepción,Biobío,4.797622263989367,0.9995065603657316,0.9918853453147322,2.81643,4969.835941954324,0.14821538381023405,1.1922868006518197,1.8,0.13130051885431418,16.87235301371331,3.4616798551484154
7.13,33.7,29.6,14.1,-3.1199999999999974,29.59999999999999,-36.82,4.834485104215848,9598.9,Concepción,Biobío,4.8273191037060785,0.8694949295052191,0.8682061053649517,6.12467,10807.513447381752,0.1536837083005117,0.9152634437805541,29.6,0.13130051885431418,34.469878793058996,6.1903095312521055
8.07,34.4,28.3,12.9,-2.4200000000000017,28.30000000000001,-36.82,4.834485104215848,11052.0,Concepción,Biobío,4.830173477708561,0.8804773535091619,0.879692101426547,7.02897,12403.229528487727,0.15633752609869125,0.9342748506246604,28.3,0.13130051885431418,39.0142947910219,7.099115258512234
3.77,47.9,349.5,19.0,11.079999999999998,-10.5,-36.82,4.834485104215848,4846.0,Concepción,Biobío,4.7443693690645805,0.9832549075639546,0.964926846368989,3.0537,5388.519514401537,0.14673643157346514,1.3009234111895709,10.5,0.13130051885431418,18.226008842893748,3.6377742108110884
7.34,34.0,13.9,16.6,-2.8200000000000003,13.900000000000006,-36.82,4.834485104215848,9862.3,Concepción,Biobío,4.828630662188643,0.9707164815781908,0.9695409679001579,6.12156,10802.025581615702,0.15338328792007264,0.9234111895708854,13.9,0.13130051885431418,35.485120664944326,7.116430704387159
7.74,31.8,10.5,16.1,-5.02,10.5,-36.82,4.834485104215848,10450.3,Concepción,Biobío,4.815941055421298,0.9832549075639546,0.9794833524571974,6.49386,11458.98134518504,0.1541287624036907,0.8636610537751223,10.5,0.13130051885431418,37.418914706630666,7.5812011480187085
3.42,51.8,346.5,18.9,14.979999999999997,-13.5,-36.82,4.834485104215848,4317.7,Concepción,Biobío,4.670190505490659,0.9723699203976766,0.9393250102489478,2.77362,4894.293969785634,0.14411933562978985,1.4068441064638781,13.5,0.13130051885431418,16.533939056418202,3.2124915350514014
13.92,36.4,15.4,10.6,-0.4200000000000017,15.400000000000006,-36.82,4.834485104215848,20012.3,Concepción,Biobío,4.8343552154464975,0.9640954042341101,0.9640695017516546,12.44448,21959.368414244895,0.16411703537500655,0.988593155893536,15.4,0.13130051885431418,67.29603265068461,13.419847464383032
9.79,51.0,46.6,18.4,14.18,46.599999999999994,-36.82,4.834485104215848,11550.1,Concepción,Biobío,4.687182787252092,0.6870875108044231,0.6661525859641142,7.98864,14096.650795274158,0.1346787095209444,1.3851167843563281,46.6,0.13130051885431418,47.32960917027315,6.521633816588677
7.05,25.6,11.8,16.8,-11.22,11.800000000000011,-36.82,4.834485104215848,9292.8,Concepción,Biobío,4.74208501663258,0.978867388761685,0.9601585851343637,5.8656,10350.361876960294,0.15047119401535022,0.6952743074416079,11.8,0.13130051885431418,34.083119984721726,6.769118025197264
8.59,41.0,14.2,13.6,4.18,14.199999999999989,-36.82,4.834485104215848,11921.6,Concepción,Biobío,4.8216252840024385,0.969445349895139,0.9668666072498248,7.42176,13096.34168097873,0.15842994668325175,1.1135252580119501,14.2,0.13130051885431418,41.52822704521414,8.305384156275995
6.08,53.4,16.8,12.6,16.58,16.80000000000001,-36.82,4.834485104215848,8186.9,Concepción,Biobío,4.6334780434657725,0.9573194975320672,0.9175162973464144,5.31392,9376.87448602306,0.15371342525835135,1.4502987506789788,16.8,0.13130051885431418,29.393669433632358,5.5784990878661995
13.11,37.1,323.5,11.0,0.2800000000000011,-36.5,-36.82,4.834485104215848,17967.4,Concepción,Biobío,4.834427375730303,0.8038568606172173,0.8038472617792525,11.6679,20589.025392830234,0.15645103427618084,1.0076045627376427,36.5,0.13130051885431418,63.38009971626977,10.538437601925999
9.48,34.7,11.5,19.4,-2.1199999999999974,11.5,-36.82,4.834485104215848,12321.9,Concepción,Biobío,4.831176101383728,0.9799247046208296,0.9792539871497948,7.640880000000001,13482.997998231791,0.14837653892838562,0.9424225964149919,11.5,0.13130051885431418,45.83091878796625,9.283327798180055
8.43,27.5,334.6,11.4,-9.32,-25.399999999999977,-36.82,4.834485104215848,11670.3,Concepción,Biobío,4.770666255203443,0.9033352928633009,0.891410585801416,7.46898,13179.665482095423,0.15803392970311508,0.7468766974470397,25.399999999999977,0.13130051885431418,40.7547094285396,7.514591238305936
13.84,45.5,345.3,12.6,8.68,-14.700000000000044,-36.82,4.834485104215848,19250.3,Concepción,Biobío,4.779113940985026,0.9672677527758766,0.956189273998445,12.09616,21344.727448447225,0.15878055137646158,1.2357414448669202,14.699999999999989,0.13130051885431418,66.90927384234735,13.233659552138478
12.89,30.7,54.0,16.9,-6.120000000000001,54.0,-36.82,4.834485104215848,15399.0,Concepción,Biobío,4.8069323602843355,0.5877852522924731,0.5844353409381055,10.71159,18901.533138575614,0.1363752298160409,0.8337859858772406,54.0,0.13130051885431418,62.316512993342286,7.533371544692179
12.57,36.1,353.7,17.1,-0.7199999999999989,-6.2999999999999545,-36.82,4.834485104215848,16879.3,Concepción,Biobío,4.8341033935953055,0.9939609554551798,0.9938824764765661,10.42053,18387.932428007545,0.15329043202813106,0.9804454101032049,6.300000000000011,0.13130051885431418,60.769477759993215,12.493102729310436
4.93,26.9,341.5,11.6,-9.920000000000002,-18.5,-36.82,4.834485104215848,6880.9,Concepción,Biobío,4.76220593359596,0.9483236552061993,0.9341455067995051,4.3581199999999995,7690.282171170587,0.159328776385377,0.7305812058663769,18.5,0.13130051885431418,23.83401156378413,4.6053373485215605
3.99,49.3,28.8,18.1,12.479999999999997,28.80000000000001,-36.82,4.834485104215848,5014.0,Concepción,Biobío,4.720253469628664,0.8763066800438635,0.8556008670558813,3.26781,5766.33525046877,0.14345223790068778,1.3389462248777837,28.8,0.13130051885431418,19.289595565821237,3.413847459552967
10.97,46.1,336.3,15.1,9.28,-23.700000000000045,-36.82,4.834485104215848,14602.5,Concepción,Biobío,4.7712116854300195,0.9156625933395608,0.9036784623543667,9.31353,16434.534549223612,0.15195552003596358,1.252036936447583,23.69999999999999,0.13130051885431418,53.03430159324786,9.913352732027404
8.09,36.6,348.8,18.5,-0.2199999999999988,-11.200000000000044,-36.82,4.834485104215848,10654.6,Concepción,Biobío,4.834449465684877,0.9809551553491914,0.9809479240101899,6.593349999999999,11634.54011208677,0.15034345349972628,0.9940249864204237,11.199999999999989,0.13130051885431418,39.110984493106216,7.935868705242436
10.89,27.6,31.2,10.9,-9.22,31.19999999999999,-36.82,4.834485104215848,14971.8,Concepción,Biobío,4.772025470504719,0.8553642601605067,0.8443132925336486,9.70299,17121.770626794696,0.156943029296703,0.7495926127104835,31.2,0.13130051885431418,52.64754278491059,9.194571755691435
11.89,49.1,1.1,10.4,12.28,1.0999999999999943,-36.82,4.834485104215848,16885.0,Concepción,Biobío,4.723871488173979,0.9998157121216442,0.9769398051927325,10.653440000000002,18798.922400859912,0.16211197775652766,1.3335143943508962,1.1,0.13130051885431418,57.48202788912644,11.61581428374159
5.84,33.9,321.0,16.4,-2.9200000000000017,-39.0,-36.82,4.834485104215848,7459.9,Concepción,Biobío,4.828208183143329,0.7771459614569709,0.7761369431733819,4.88224,8615.137542650476,0.14581965034090197,0.9206952743074416,39.0,0.13130051885431418,28.233393008620553,4.53263974813255
5.7,28.0,13.6,11.5,-8.82,13.599999999999994,-36.82,4.834485104215848,8033.3,Concepción,Biobío,4.777316926798352,0.9719610005785463,0.9604674831250524,5.0445,8901.45943949915,0.16088480333253224,0.7604562737642585,13.6,0.13130051885431418,27.556565094030336,5.474664653812798
8.38,22.7,350.1,15.2,-14.12,-9.899999999999975,-36.82,4.834485104215848,11138.3,Concepción,Biobío,4.688420411834952,0.985109326154774,0.9553461378142262,7.106240000000001,12539.579170848734,0.15172976536872962,0.6165127648017381,9.899999999999977,0.13130051885431418,40.512985173328815,8.005800634883217
5.56,31.7,38.5,10.1,-5.120000000000001,38.5,-36.82,4.834485104215848,7618.7,Concepción,Biobío,4.815195386655552,0.7826081568524139,0.7794855305580641,4.9984399999999996,8820.182559375582,0.15642349134391118,0.8609451385116784,38.5,0.13130051885431418,26.879737179440113,4.333939549902836
10.67,25.2,344.8,17.8,-11.62,-15.200000000000044,-36.82,4.834485104215848,13826.3,Concepción,Biobío,4.735402334354948,0.9650164944723113,0.9452384818871878,8.77074,15476.734337276792,0.14792359408232872,0.6844106463878327,15.199999999999989,0.13130051885431418,51.5839560619831,10.085694601736295
11.71,31.8,26.3,19.0,-5.02,26.30000000000001,-36.82,4.834485104215848,14931.6,Concepción,Biobío,4.815941055421298,0.8964864303834404,0.8930477005600337,9.485100000000001,16737.28475162918,0.14556110571692618,0.8636610537751223,26.3,0.13130051885431418,56.61182057036759,10.457588573557995
8.14,42.8,44.4,18.4,5.979999999999997,44.400000000000006,-36.82,4.834485104215848,9924.3,Concepción,Biobío,4.80817739344081,0.7144726796328034,0.7105847494381162,6.642240000000001,11720.81077359874,0.13917825047962032,1.162411732753938,44.4,0.13130051885431418,39.352708748317006,5.784159860426266
11.41,33.8,338.7,19.6,-3.020000000000003,-21.299999999999955,-36.82,4.834485104215848,14614.4,Concepción,Biobío,4.8277709965385585,0.9316912275855492,0.9303972996719974,9.17364,16187.686464975119,0.14621476794768667,0.9179793590439977,21.30000000000001,0.13130051885431418,55.16147503910283,10.61583318925749
8.64,39.7,355.2,19.0,2.8800000000000026,-4.7999999999999545,-36.82,4.834485104215848,11323.8,Concepción,Biobío,4.828378939741661,0.9964928592495044,0.9952342455264785,6.998400000000001,12349.28610197063,0.14961472602739723,1.078218359587181,4.800000000000011,0.13130051885431418,41.769951300424935,8.598823881348775
11.27,31.0,9.7,14.4,-5.82,9.699999999999989,-36.82,4.834485104215848,15509.9,Concepción,Biobío,4.80956513635849,0.9857034690888536,0.9806225352898933,9.64712,17023.183147582717,0.1571017328908931,0.841933731667572,9.7,0.13130051885431418,54.484647124512605,11.051615972717096
4.92,37.3,338.6,14.0,0.4799999999999969,-21.399999999999977,-36.82,4.834485104215848,6754.5,Concepción,Biobío,4.8343154538108815,0.9310558158625285,0.9310231435111193,4.2312,7466.320781129706,0.15671984630805214,1.01303639326453,21.399999999999977,0.13130051885431418,23.785666712741975,4.580633866074707
11.6,52.2,6.8,19.0,15.380000000000004,6.800000000000011,-36.82,4.834485104215848,14691.5,Concepción,Biobío,4.661352727041546,0.9929655081065369,0.9574054691024539,9.396,16580.060044312424,0.14457860966776886,1.4177077675176535,6.8,0.13130051885431418,56.080027208903836,11.105903441588465
11.3,34.0,354.4,19.3,-2.8200000000000003,-5.600000000000023,-36.82,4.834485104215848,14765.5,Concepción,Biobío,4.828630662188643,0.9952273999818312,0.9940222041871438,9.1191,16091.445886556981,0.14916454519739766,0.9234111895708854,5.600000000000023,0.13130051885431418,54.62968167763909,11.232450907314727
5.47,39.9,353.9,19.7,3.0799999999999983,-6.100000000000023,-36.82,4.834485104215848,7100.2,Concepción,Biobío,4.8275016254993,0.9943379441332045,0.9929016096073509,4.39241,7750.789861562187,0.14817643768834574,1.0836501901140685,6.100000000000023,0.13130051885431418,26.444633520060687,5.431171804552209
9.23,24.3,1.2,17.7,-12.52,1.1999999999999886,-36.82,4.834485104215848,12033.5,Concepción,Biobío,4.719522962720694,0.9997806834748455,0.976006294699187,7.59629,13404.31506109089,0.1488285172927272,0.6599674090168387,1.2,0.13130051885431418,44.62229751191228,9.008538100073496
13.12,49.0,1.8,12.0,12.18,1.8000000000000114,-36.82,4.834485104215848,18309.5,Concepción,Biobío,4.725658915593277,0.9995065603657316,0.97700726889558,11.545599999999999,20373.21639502059,0.15930835143111705,1.3307984790874525,1.8,0.13130051885431418,63.42844456731193,12.81833536791001
5.24,33.0,4.1,19.4,-3.82,4.099999999999994,-36.82,4.834485104215848,6835.5,Concepción,Biobío,4.823744200775963,0.997440782930944,0.9952247423587801,4.22344,7452.627585520524,0.14891378228589355,0.8962520369364476,4.1,0.13130051885431418,25.332701946091046,5.214977649960008
11.57,45.2,345.0,19.5,8.380000000000003,-15.0,-36.82,4.834485104215848,14828.3,Concepción,Biobío,4.782868589292067,0.9659258262890683,0.9556128924909193,9.313849999999999,16435.09921708378,0.14630322476251367,1.2275936990765888,15.0,0.13130051885431418,55.934992655777364,11.056441166119937
14.4,35.8,346.1,16.7,-1.0200000000000031,-13.899999999999975,-36.82,4.834485104215848,19332.9,Concepción,Biobío,4.833719042357649,0.9707164815781909,0.9705626639832181,11.9952,21166.57473856283,0.1532605593607306,0.9722976643128733,13.899999999999977,0.13130051885431418,69.61658550070821,13.976102361358341
13.26,41.7,357.0,18.6,4.880000000000003,-3.0,-36.82,4.834485104215848,17454.9,Concepción,Biobío,4.816960345271064,0.9986295347545738,0.9950095542407329,10.79364,19046.317507097945,0.15026911713051924,1.1325366648560566,3.0,0.13130051885431418,64.10527248190215,13.193826689232118
7.22,42.2,358.9,15.6,5.380000000000003,-1.1000000000000227,-36.82,4.834485104215848,9844.1,Concepción,Biobío,4.813188007795735,0.9998157121216442,0.995411277902821,6.09368,10752.828894298182,0.1556448348701603,1.1461162411732755,1.1000000000000227,0.13130051885431418,34.904982452438425,7.186869426458368
9.89,33.2,349.0,19.4,-3.6199999999999974,-11.0,-36.82,4.834485104215848,12850.2,Concepción,Biobío,4.824839095874752,0.981627183447664,0.9796685914166064,7.9713400000000005,14066.123439083585,0.14832333753480062,0.9016838674633352,11.0,0.13130051885431418,47.81305768069474,9.688922369110239
14.89,45.6,8.1,10.9,8.780000000000001,8.099999999999994,-36.82,4.834485104215848,21223.4,Concepción,Biobío,4.777833270401973,0.9900236577165575,0.978422286625383,13.26699,23410.758919464926,0.1627107157204584,1.238457360130364,8.1,0.13130051885431418,71.98548320177399,14.568707847851954
9.39,30.7,314.6,18.6,-6.120000000000001,-45.39999999999998,-36.82,4.834485104215848,11375.0,Concepción,Biobío,4.8069323602843355,0.7021530529951627,0.6981513355727562,7.64346,13487.550632854429,0.1382871120058743,0.8337859858772406,45.39999999999998,0.13130051885431418,45.39581512858682,6.555641041028181
3.5,43.0,341.7,10.6,6.18,-18.299999999999955,-36.82,4.834485104215848,4980.1,Concepción,Biobío,4.806389988558716,0.9494254776419041,0.9439079885966041,3.129,5521.392920248357,0.16242987606001305,1.1678435632808257,18.30000000000001,0.13130051885431418,16.920697864755468,3.3036779600881143
2.59,33.7,353.0,13.4,-3.1199999999999974,-7.0,-36.82,4.834485104215848,3629.2,Concepción,Biobío,4.8273191037060785,0.992546151641322,0.9910749326644698,2.24294,3957.8629071722116,0.15995839283510518,0.9152634437805541,7.0,0.13130051885431418,12.521316419919046,2.5668840756009765
12.27,39.6,338.6,11.4,2.780000000000001,-21.399999999999977,-36.82,4.834485104215848,17330.6,Concepción,Biobío,4.8287955354003405,0.9310558158625285,0.929960082600095,10.87122,19183.214171448497,0.16123708194244415,1.075502444323737,21.399999999999977,0.13130051885431418,59.319132228728456,11.410610213503166
7.51,33.1,40.7,14.8,-3.719999999999999,40.69999999999999,-36.82,4.834485104215848,9712.3,Concepción,Biobío,4.824298996151055,0.7581343361976524,0.7565369709954294,6.3985199999999995,11290.745614594924,0.147631164535566,0.8989679521998913,40.7,0.13130051885431418,36.30698313266102,5.6815926521756746
5.21,37.2,0.5,12.3,0.3800000000000025,0.5,-36.82,4.834485104215848,7411.2,Concepción,Biobío,4.834378777948671,0.9999619230641713,0.999939930604518,4.56917,8062.698270824923,0.16238529697893933,1.0103204780010864,0.5,0.13130051885431418,25.18766739296457,5.209687038449539
6.52,28.2,4.4,19.5,-8.620000000000001,4.400000000000006,-36.82,4.834485104215848,8413.6,Concepción,Biobío,4.779875355737944,0.9970527522269202,0.9857901671026361,5.248599999999999,9261.611659065364,0.14730929770008686,0.7658881042911461,4.4,0.13130051885431418,31.52084287948733,6.427351889509187
11.85,38.8,347.9,15.6,1.9799999999999969,-12.100000000000025,-36.82,4.834485104215848,16127.4,Concepción,Biobío,4.831598666931518,0.9777832367586061,0.9771994496686195,10.001399999999999,17648.341052276097,0.15536096179411593,1.0537751222161869,12.100000000000023,0.13130051885431418,57.288648484957804,11.57981347857314
8.05,37.2,359.6,19.0,0.3800000000000025,-0.3999999999999772,-36.82,4.834485104215848,10582.6,Concepción,Biobío,4.834378777948671,0.9999756307053947,0.9999536379442653,6.520500000000001,11505.989944544397,0.1500694858050427,1.0103204780010864,0.39999999999997726,0.13130051885431418,38.917605088937584,8.049626785451336
13.29,32.5,329.6,12.8,-4.32,-30.399999999999977,-36.82,4.834485104215848,18103.8,Concepción,Biobío,4.8207498498461945,0.8625136692072577,0.860063181846456,11.58888,20449.58772310891,0.1555036746137275,0.8826724606192287,30.399999999999977,0.13130051885431418,64.25030703502863,11.4302396867394
11.55,36.4,355.8,10.3,-0.4200000000000017,-4.2000000000000455,-36.82,4.834485104215848,16815.5,Concepción,Biobío,4.8343552154464975,0.9973144772244581,0.9972876822406469,10.36035,18281.739578553872,0.16619719701911484,0.988593155893536,4.199999999999989,0.13130051885431418,55.83830295369305,11.518672729879473
14.66,37.9,336.6,17.8,1.0799999999999983,-23.399999999999977,-36.82,4.834485104215848,19159.5,Concepción,Biobío,4.83362626944707,0.9177546256839813,0.9175915887597269,12.050519999999999,21264.19169489013,0.14919219196770636,1.029331884845193,23.399999999999977,0.13130051885431418,70.87355162780433,13.451892691217596
13.55,31.9,353.1,17.0,-4.920000000000002,-6.899999999999977,-36.82,4.834485104215848,18146.9,Concepción,Biobío,4.8166720539953864,0.9927573419294455,0.9890994474469286,11.2465,19845.42840446569,0.15288294663768556,0.866376969038566,6.899999999999977,0.13130051885431418,65.50727316212475,13.402297512905882
5.31,35.8,296.0,15.5,-1.0200000000000031,-64.0,-36.82,4.834485104215848,6176.8,Concepción,Biobío,4.833719042357649,0.43837114678907746,0.4383016834629836,4.486949999999999,7917.613922501874,0.1327898597459777,0.9722976643128733,64.0,0.13130051885431418,25.671115903386152,2.3273819391884425
10.57,28.8,331.8,18.2,-8.02,-28.19999999999999,-36.82,4.834485104215848,13480.4,Concepción,Biobío,4.787201073774112,0.8813034520649923,0.8726838000529281,8.646260000000002,15257.078539669725,0.14558736494688596,0.7821835958718089,28.19999999999999,0.13130051885431418,51.10050755156152,9.22426776655945
2.27,55.6,36.6,18.4,18.78,36.599999999999994,-36.82,4.834485104215848,2698.9,Concepción,Biobío,4.577105308766751,0.8028174751911146,0.7600768330972003,1.8523200000000002,3268.5799086080015,0.13572405608191015,1.5100488864747421,36.6,0.13130051885431418,10.974281186569975,1.7253744111306448
14.88,45.3,20.8,15.9,8.479999999999997,20.80000000000001,-36.82,4.834485104215848,19769.8,Concepción,Biobío,4.7816316042646925,0.9348256763960144,0.9246055996398259,12.51408,22082.183673832395,0.1516684465066038,1.2303096143400325,20.8,0.13130051885431418,71.93713835073183,13.75813132264061
5.39,39.0,33.0,19.7,2.1799999999999997,33.0,-36.82,4.834485104215848,6737.8,Concepción,Biobío,4.830986171752042,0.838670567945424,0.8380635846548842,4.32817,7637.432788632577,0.142700417651494,1.0592069527430743,33.0,0.13130051885431418,26.05787471172342,4.517162721289825
10.64,46.2,34.7,17.2,9.380000000000004,34.69999999999999,-36.82,4.834485104215848,13468.6,Concepción,Biobío,4.769843750263003,0.8221440410307376,0.8111512459737941,8.809920000000002,15545.870858406652,0.14450295258694681,1.2547528517110267,34.7,0.13130051885431418,51.43892150885663,8.630649257161169
13.04,21.0,16.8,16.8,-15.82,16.80000000000001,-36.82,4.834485104215848,16762.2,Concepción,Biobío,4.651368785803679,0.9573194975320672,0.9210590027423756,10.849279999999998,19144.49913128542,0.14674027229178924,0.5703422053231939,16.8,0.13130051885431418,63.04168575897466,12.010609395760577
4.09,16.4,348.7,13.6,-20.42,-11.299999999999956,-36.82,4.834485104215848,5340.9,Concepción,Biobío,4.5306873065669935,0.9806146585466132,0.9189930861998792,3.53376,6235.627179883935,0.14906889506648355,0.44541010320478,11.300000000000011,0.13130051885431418,19.77304407624282,3.7586817225575055
13.02,33.6,334.1,10.0,-3.219999999999999,-25.899999999999977,-36.82,4.834485104215848,18502.6,Concepción,Biobío,4.8268525060224325,0.8995577789551805,0.8981375733013169,11.718,20677.43120468848,0.1622249577397611,0.9125475285171103,25.899999999999977,0.13130051885431418,62.944996056890346,11.693751204383146
2.16,25.8,28.7,12.4,-11.02,28.69999999999999,-36.82,4.834485104215848,2918.9,Concepción,Biobío,4.745339706737978,0.8771461637055888,0.8609720434582151,1.89216,3338.881057199467,0.15426285303568407,0.7007061379684953,28.7,0.13130051885431418,10.442487825106234,1.8596996138697448
7.75,34.9,1.6,17.6,-1.9200000000000017,1.5999999999999943,-36.82,4.834485104215848,10346.7,Concepción,Biobío,4.831770935862688,0.9996101150403544,0.9990489156403654,6.385999999999999,11268.652984565677,0.15240388864339374,0.9478544269418794,1.6,0.13130051885431418,37.467259557672826,7.7426290962128315
8.14,38.5,62.4,17.1,1.6799999999999995,62.400000000000006,-36.82,4.834485104215848,9362.3,Concepción,Biobío,4.832407023492797,0.4632960351198616,0.4630968894944445,6.74806,11907.5393766095,0.1312967699954001,1.0456273764258555,62.4,0.13130051885431418,39.352708748317006,3.7696086804847786
6.86,44.2,350.9,13.3,7.380000000000003,-9.100000000000025,-36.82,4.834485104215848,9545.9,Concepción,Biobío,4.794436520216145,0.9874138067509114,0.9792341301297866,5.947620000000001,10495.093307870737,0.15885052651197462,1.200434546442151,9.100000000000023,0.13130051885431418,33.16456781492072,6.717546132690336
9.62,27.7,49.3,16.3,-9.12,49.30000000000001,-36.82,4.834485104215848,11736.0,Concepción,Biobío,4.773370149388826,0.6520984038303921,0.6438549273000549,8.051939999999998,14208.34915636451,0.13926465981260502,0.7523085279739272,49.3,0.13130051885431418,46.50774670255646,6.193884400626527
13.89,40.0,356.1,12.0,3.1799999999999997,-3.8999999999999777,-36.82,4.834485104215848,19809.7,Concepción,Biobío,4.827040909588068,0.9976842788356053,0.9961480333433497,12.2232,21568.900588935674,0.16280642754059127,1.0863661053775122,3.8999999999999773,0.13130051885431418,67.15099809755813,13.836496183139127
6.25,36.9,33.4,12.6,0.0799999999999983,33.400000000000006,-36.82,4.834485104215848,8488.9,Concepción,Biobío,4.834480391677803,0.8348478632634064,0.8348470494740922,5.4625,9639.056831849362,0.15504840182648402,1.002172732210755,33.4,0.13130051885431418,30.215531901349053,5.217794059213076
9.53,39.6,42.4,19.5,2.780000000000001,42.400000000000006,-36.82,4.834485104215848,11597.8,Concepción,Biobío,4.8287955354003405,0.7384553406258837,0.7375862734166361,7.671649999999999,13537.294342161491,0.13892442515104908,1.075502444323737,42.4,0.13130051885431418,46.07264304317703,7.029197185660541
13.41,32.7,334.4,14.1,-4.119999999999997,-25.600000000000023,-36.82,4.834485104215848,18172.4,Concepción,Biobío,4.82199165786615,0.9018325264051136,0.8995019790888689,11.51919,20326.613650685737,0.15469611378409762,0.8881042911461163,25.600000000000023,0.13130051885431418,64.83044524753453,12.062321539581731
12.05,47.9,347.9,12.4,11.079999999999998,-12.100000000000025,-36.82,4.834485104215848,16707.8,Concepción,Biobío,4.7443693690645805,0.9777832367586061,0.9595571685632052,10.555800000000001,18626.628120024805,0.15828075560355442,1.3009234111895709,12.100000000000023,0.13130051885431418,58.255545505800974,11.562663881186623
2.53,36.0,334.2,14.9,-0.8200000000000003,-25.799999999999955,-36.82,4.834485104215848,3406.0,Concepción,Biobío,4.833990001557876,0.9003187714021939,0.9002265691909687,2.1530299999999998,3799.208884334394,0.15368094284115727,0.977729494839761,25.80000000000001,0.13130051885431418,12.231247313666096,2.2775732200531507
14.26,51.0,329.3,13.9,14.18,-30.69999999999999,-36.82,4.834485104215848,18628.1,Concepción,Biobío,4.687182787252092,0.8598522715968736,0.8336533633114146,12.27786,21665.352917801374,0.14912310194880465,1.3851167843563281,30.69999999999999,0.13130051885431418,68.93975758611799,11.887896960820772
2.61,30.5,16.7,17.3,-6.32,16.69999999999999,-36.82,4.834485104215848,3440.4,Concepción,Biobío,4.805103958031342,0.9578224948453149,0.9520014152198305,2.15847,3808.808237957325,0.15047499081509474,0.8283541553503531,16.7,0.13130051885431418,12.618006122003363,2.4847236937237573
9.65,42.8,355.1,19.6,5.979999999999997,-4.899999999999977,-36.82,4.834485104215848,12514.2,Concepción,Biobío,4.80817739344081,0.9963452961909065,0.9909235060065904,7.7586,13690.725187292715,0.1480374760451416,1.162411732753938,4.899999999999977,0.13130051885431418,46.65278125568294,9.562411832963598
9.48,36.3,1.3,15.9,-0.5200000000000031,1.3000000000000114,-36.82,4.834485104215848,12934.6,Concepción,Biobío,4.834286000817743,0.9997426093226983,0.9997014359306088,7.97268,14068.48798574806,0.1557544843265322,0.9858772406300923,1.3,0.13130051885431418,45.83091878796625,9.477169612622172
12.22,34.2,13.9,15.9,-2.6199999999999974,13.900000000000006,-36.82,4.834485104215848,16540.8,Concepción,Biobío,4.829431492497932,0.9707164815781908,0.9697017666539892,10.27702,18134.69653859085,0.15451875434387818,0.928843020097773,13.9,0.13130051885431418,59.07740797351767,11.84975558851175
3.93,41.9,313.6,13.6,5.079999999999998,-46.39999999999998,-36.82,4.834485104215848,5041.5,Concepción,Biobío,4.815495414440479,0.6896195437356701,0.6869107420915918,3.3955200000000003,5991.690664289455,0.1464411446896023,1.137968495382944,46.39999999999998,0.13130051885431418,18.999526459568283,2.6995592164199556
4.33,34.4,32.2,15.6,-2.4200000000000017,32.19999999999999,-36.82,4.834485104215848,5693.1,Concepción,Biobío,4.830173477708561,0.8461931661275641,0.8454384903334078,3.6545199999999998,6448.7187136164985,0.15009174602170267,0.9342748506246604,32.2,0.13130051885431418,20.933320501254624,3.660748663143656
11.78,15.5,351.3,13.2,-21.32,-8.700000000000045,-36.82,4.834485104215848,15414.3,Concepción,Biobío,4.503634081147567,0.9884938868086834,0.9208456871147388,10.22504,18042.973303054096,0.1493737935204782,0.420966865833786,8.699999999999989,0.13130051885431418,56.95023452766269,10.847562194211623
3.94,12.3,13.3,10.0,-24.52,13.300000000000011,-36.82,4.834485104215848,5205.4,Concepción,Biobío,4.398494124368954,0.9731788727770881,0.8854141571637593,3.546,6257.22572553553,0.15081820921122777,0.33405757740358505,13.3,0.13130051885431418,19.047871310610443,3.4885317792252115
8.1,47.0,15.5,18.7,10.18,15.5,-36.82,4.834485104215848,10431.5,Concepción,Biobío,4.758377556477765,0.963630453208623,0.9484603680519861,6.585299999999999,11620.335186229308,0.14701364225717345,1.276480173818577,15.5,0.13130051885431418,39.15932934414837,7.682528981221087
11.51,46.7,34.3,14.3,9.880000000000004,34.30000000000001,-36.82,4.834485104215848,15075.8,Concepción,Biobío,4.762786212747036,0.8260982944957638,0.813846662588165,9.86407,17406.010310908983,0.14952056778104408,1.2683324280282455,34.3,0.13130051885431418,55.644923549524414,9.367375086389778
10.47,51.9,357.4,14.9,15.079999999999998,-2.6000000000000227,-36.82,4.834485104215848,13948.8,Concepción,Biobío,4.668002383476053,0.9989705697907146,0.9645695250439407,8.90997,15722.41779406368,0.1520848870222815,1.409560021727322,2.6000000000000227,0.13130051885431418,50.61705904113993,10.099042927210059
4.74,36.7,306.9,10.8,-0.1199999999999974,-53.10000000000002,-36.82,4.834485104215848,6133.3,Concepción,Biobío,4.834474501007399,0.6004202253258837,0.6004189084574544,4.22808,7460.815269493025,0.1477106332967266,0.9967409016838675,53.10000000000002,0.13130051885431418,22.915459393983124,2.845985626088334
5.95,26.5,1.4,18.4,-10.32,1.4000000000000057,-36.82,4.834485104215848,7755.7,Concepción,Biobío,4.756275532037917,0.9997014897811831,0.9835288831569026,4.855200000000001,8567.423108465908,0.1487989716434519,0.7197175448126019,1.4,0.13130051885431418,28.765186370084297,5.851996854783571
14.6,33.5,5.0,11.7,-3.3200000000000003,5.0,-36.82,4.834485104215848,20861.0,Concepción,Biobío,4.826371204908958,0.9961946980917455,0.9945227468298985,12.8918,22748.7034992834,0.16310908863451554,0.9098316132536665,5.0,0.13130051885431418,70.58348252155139,14.520032103716519
7.83,36.9,334.1,14.1,0.0799999999999983,-25.899999999999977,-36.82,4.834485104215848,10642.0,Concepción,Biobío,4.834480391677803,0.8995577789551805,0.8995569020882204,6.72597,11868.559648386976,0.15515200289251618,1.002172732210755,25.899999999999977,0.13130051885431418,37.854018366010095,7.043530543350766
2.58,28.8,3.7,18.4,-8.02,3.6999999999999886,-36.82,4.834485104215848,3378.4,Concepción,Biobío,4.787201073774112,0.997915618272179,0.9881554325532245,2.10528,3714.9498520742923,0.14948143428551203,0.7821835958718089,3.7,0.13130051885431418,12.47297156887689,2.5494410159873193
4.85,50.0,351.0,14.6,13.18,-9.0,-36.82,4.834485104215848,6532.3,Concepción,Biobío,4.707137771304788,0.9876883405951378,0.9616712005666253,4.1419,7308.743156400342,0.15375182413030175,1.3579576317218902,9.0,0.13130051885431418,23.44725275544686,4.664105322748132
6.45,54.7,326.4,19.3,17.880000000000003,-33.60000000000002,-36.82,4.834485104215848,7696.4,Concepción,Biobío,4.600987371306669,0.8329212407100993,0.7926925054455909,5.20515,9184.940351176328,0.13621464726912322,1.485605649103748,33.60000000000002,0.13130051885431418,31.182428922192223,5.1128666601240615
14.99,40.6,16.8,12.1,3.780000000000001,16.80000000000001,-36.82,4.834485104215848,21114.2,Concepción,Biobío,4.82396788229701,0.9573194975320672,0.9552368886532033,13.176210000000001,23250.569705882266,0.1607936493430933,1.102661596958175,16.8,0.13130051885431418,72.46893171219557,14.319000960911518
5.93,36.7,345.9,17.2,-0.1199999999999974,-14.100000000000025,-36.82,4.834485104215848,7919.6,Concepción,Biobío,4.834474501007399,0.9698720152847466,0.9698698881181663,4.91004,8664.193063002955,0.15245597418897797,0.9967409016838675,14.100000000000023,0.13130051885431418,28.668496667999978,5.751328436540726
2.34,26.5,349.8,19.8,-10.32,-10.200000000000044,-36.82,4.834485104215848,2989.1,Concepción,Biobío,4.756275532037917,0.9841956079692418,0.9682738467517856,1.87668,3311.565249463626,0.14582113725949344,0.7197175448126019,10.199999999999989,0.13130051885431418,11.312695143865085,2.2657608013991783
8.67,49.2,348.4,15.5,12.380000000000004,-11.600000000000025,-36.82,4.834485104215848,11552.5,Concepción,Biobío,4.722069671022892,0.979575249599344,0.9567973583337818,7.326149999999999,12927.62951188159,0.15210825130481953,1.3362303096143402,11.600000000000023,0.13130051885431418,41.91498585355141,8.295433096753888
3.09,37.4,30.9,16.9,0.5799999999999983,30.90000000000001,-36.82,4.834485104215848,4011.5,Concepción,Biobío,4.834237403509831,0.8580649057236445,0.8580209417278155,2.5677899999999996,4531.08901460036,0.14819863752567572,1.0157523085279738,30.9,0.13130051885431418,14.938558972026971,2.65128470993895
5.56,34.5,359.0,13.9,-2.3200000000000003,-1.0,-36.82,4.834485104215848,7763.7,Concepción,Biobío,4.830522400548599,0.9998476951563913,0.9990281455988113,4.787159999999999,8447.360604696747,0.15940056174238693,0.9369907658881043,1.0,0.13130051885431418,26.879737179440113,5.5545964895293904
14.9,40.7,2.0,17.5,3.8800000000000026,2.0,-36.82,4.834485104215848,19899.9,Concepción,Biobío,4.823404270339418,0.9993908270190958,0.9971001831360131,12.2925,21691.18647240426,0.15246161625448196,1.1053775122216187,2.0,0.13130051885431418,72.03382805281615,14.856792728726596
11.16,32.1,349.0,19.1,-4.719999999999999,-11.0,-36.82,4.834485104215848,14538.5,Concepción,Biobío,4.818090031706291,0.981627183447664,0.9782982149012633,9.02844,15931.468423421886,0.14871380992127786,0.8718087995654535,11.0,0.13130051885431418,53.95285376304887,10.9178080782981
2.66,38.0,11.6,17.0,1.1799999999999995,11.599999999999994,-36.82,4.834485104215848,3561.0,Concepción,Biobío,4.833459868729287,0.9795752495993441,0.9793675138661694,2.2078,3895.855317777029,0.1528221238026573,1.0320478001086366,11.6,0.13130051885431418,12.859730377214158,2.6051175868840106
7.83,25.3,33.7,19.4,-11.52,33.69999999999999,-36.82,4.834485104215848,9612.0,Concepción,Biobío,4.737094655042281,0.8319541221304827,0.8151944499214543,6.310980000000001,11136.27366309651,0.1401354117461817,0.6871265616512765,33.7,0.13130051885431418,37.854018366010095,6.382972542884987
4.23,45.5,16.2,15.9,8.68,16.19999999999999,-36.82,4.834485104215848,5652.8,Concepción,Biobío,4.779113940985026,0.9602936856769432,0.9492950834943078,3.55743,6277.394955666065,0.15255243585176548,1.2357414448669202,16.2,0.13130051885431418,20.449871990833042,4.015518203180922
3.6,36.0,17.2,15.8,-0.8200000000000003,17.19999999999999,-36.82,4.834485104215848,4863.1,Concepción,Biobío,4.833990001557876,0.9552783621223437,0.9551805314648911,3.0312,5348.816305483164,0.15420788939624558,0.977729494839761,17.2,0.13130051885431418,17.404146375177053,3.438649913273608
9.63,46.1,15.2,13.0,9.28,15.199999999999989,-36.82,4.834485104215848,13297.7,Concepción,Biobío,4.7712116854300195,0.9650164944723115,0.9523864229189349,8.3781,14783.886872845242,0.15763263583645098,1.252036936447583,15.2,0.13130051885431418,46.55609155359862,9.171481252709345
8.57,35.2,325.5,17.1,-1.6199999999999974,-34.5,-36.82,4.834485104215848,11012.0,Concepción,Biobío,4.832552797504745,0.8241261886220157,0.8237967916892003,7.10453,12536.561726970936,0.1466835035671851,0.9560021727322108,34.5,0.13130051885431418,41.43153734312982,7.059938504776446
11.66,35.7,338.1,18.8,-1.1199999999999974,-21.899999999999977,-36.82,4.834485104215848,15076.0,Concepción,Biobío,4.833561476020242,0.9278362538989201,0.9276589908178405,9.467920000000001,16706.96914588617,0.14759901940051848,0.9695817490494297,21.899999999999977,0.13130051885431418,56.37009631515679,10.816503832936021
13.6,27.1,354.9,16.5,-9.72,-5.100000000000023,-36.82,4.834485104215848,18156.4,Concepción,Biobío,4.765084113298691,0.9960410654107695,0.9817424926685746,11.356,20038.650687868438,0.15240061778135913,0.7360130363932645,5.100000000000023,0.13130051885431418,65.74899741733553,13.351697900292613
5.21,42.9,341.9,12.3,6.079999999999998,-18.100000000000023,-36.82,4.834485104215848,7274.6,Concepción,Biobío,4.807291012920827,0.9505157316277836,0.9451690585020976,4.56917,8062.698270824923,0.15939228214094778,1.1651276480173818,18.100000000000023,0.13130051885431418,25.18766739296457,4.924330794795929
14.0,29.8,333.4,15.4,-7.02,-26.600000000000023,-36.82,4.834485104215848,18555.7,Concepción,Biobío,4.798243631966858,0.894154236839368,0.8874512549783892,11.844,20899.769174631365,0.15130218525766473,0.8093427485062467,26.600000000000023,0.13130051885431418,67.68279145902187,12.424317569697449
8.73,32.9,313.2,17.6,-3.9200000000000017,-46.80000000000001,-36.82,4.834485104215848,10699.5,Concepción,Biobío,4.823174711439481,0.6845471059286885,0.6829455917084405,7.19352,12693.592329710758,0.1399088327135213,0.8935361216730038,46.80000000000001,0.13130051885431418,42.20505495980436,5.962115015614685
5.36,36.8,326.3,19.4,-0.0200000000000031,-33.69999999999999,-36.82,4.834485104215848,6717.5,Concepción,Biobío,4.834484809682175,0.8319541221304827,0.8319540714449396,4.3201600000000004,7623.298446257637,0.1430667723028692,0.9994568169473111,33.69999999999999,0.13130051885431418,25.91284015859695,4.459273822944876
13.0,37.8,353.6,11.6,0.9799999999999968,-6.399999999999977,-36.82,4.834485104215848,18619.1,Concepción,Biobío,4.833777946100967,0.9937679191605964,0.9936225570313946,11.492,20278.634528441715,0.16349754127151386,1.026615969581749,6.399999999999977,0.13130051885431418,62.84830635480603,12.917093241408129
2.46,23.2,358.3,11.3,-13.62,-1.7000000000000457,-36.82,4.834485104215848,3444.5,Concepción,Biobío,4.6985338779763195,0.999559860119384,0.9714510986373102,2.18202,3850.3642632918886,0.1598405538849909,0.6300923411189571,1.6999999999999886,0.13130051885431418,11.892833356370987,2.389769702647783
9.27,35.0,340.2,14.1,-1.8200000000000005,-19.799999999999955,-36.82,4.834485104215848,12724.3,Concepción,Biobío,4.832046275925625,0.9408807689542258,0.94040612758341,7.962929999999999,14051.283261883429,0.15669316743262746,0.9505703422053232,19.80000000000001,0.13130051885431418,44.81567691608091,8.717564802698211
11.38,43.2,2.0,11.3,6.380000000000003,2.0,-36.82,4.834485104215848,16288.2,Concepción,Biobío,4.8045440193314155,0.9993908270190958,0.9932013683819374,10.09406,17811.847689537277,0.163390471146207,1.1732753938077132,2.0,0.13130051885431418,55.01644048597636,11.30263157218645
5.64,33.8,349.2,19.8,-3.020000000000003,-10.799999999999956,-36.82,4.834485104215848,7297.1,Concepción,Biobío,4.8277709965385585,0.9822872507286888,0.9809230553223011,4.52328,7981.721370502073,0.14769544026684805,0.9179793590439977,10.800000000000011,0.13130051885431418,27.266495987777382,5.532406032017778
13.23,35.0,27.3,14.2,-1.8200000000000005,27.30000000000001,-36.82,4.834485104215848,17879.4,Concepción,Biobío,4.832046275925625,0.8886172326549487,0.8881689564064007,11.35134,20030.427712154677,0.15427266797129813,0.9505703422053232,27.3,0.13130051885431418,63.960237928775676,11.750475293256681
5.12,38.1,356.0,15.3,1.2800000000000011,-4.0,-36.82,4.834485104215848,7033.9,Concepción,Biobío,4.8332787444545025,0.9975640502598242,0.997315125895873,4.33664,7652.378841056515,0.15682746503995432,1.0347637153720803,4.0,0.13130051885431418,24.752563733585145,5.10625344458687
12.92,35.8,17.4,12.3,-1.0200000000000031,17.400000000000006,-36.82,4.834485104215848,18178.3,Concepción,Biobío,4.833719042357649,0.9542403285162768,0.9540891216962176,11.33084,19994.253677362383,0.16061520137975882,0.9722976643128733,17.4,0.13130051885431418,62.46154754646876,12.326831452315131
3.02,28.6,5.1,14.5,-8.219999999999999,5.099999999999994,-36.82,4.834485104215848,4145.1,Concepción,Biobío,4.78481745933481,0.9960410654107696,0.9858081217037733,2.5821,4556.340255472446,0.15668375215458588,0.7767517653449213,5.1,0.13130051885431418,14.600145014731861,2.9771405275453953
4.08,36.5,324.9,19.8,-0.3200000000000003,-35.10000000000002,-36.82,4.834485104215848,5059.8,Concepción,Biobío,4.834409703790868,0.8181497174250232,0.8181369572582089,3.2721600000000004,5774.011204192991,0.14156929895245768,0.9913090711569799,35.10000000000002,0.13130051885431418,19.724699225200663,3.3379987856134923
6.95,44.8,357.7,14.9,7.979999999999997,-2.2999999999999545,-36.82,4.834485104215848,9509.8,Concepción,Biobío,4.78767079791474,0.999194395114446,0.9895187851045099,5.91445,10436.56195498974,0.15620051903682533,1.2167300380228137,2.3000000000000114,0.13130051885431418,33.599671474300145,6.877155556476343
13.1,28.4,329.1,10.1,-8.420000000000002,-30.899999999999977,-36.82,4.834485104215848,18230.9,Concepción,Biobío,4.782375543404762,0.8580649057236448,0.8488160644466961,11.7769,20781.36538270146,0.1588666387814145,0.7713199348180336,30.899999999999977,0.13130051885431418,63.33175486522761,11.119490444251719
3.88,33.8,357.3,12.4,-3.020000000000003,-2.7000000000000455,-36.82,4.834485104215848,5504.9,Concepción,Biobío,4.8277709965385585,0.9988898749619699,0.9975026219177107,3.39888,5997.619676821264,0.1619621757755496,0.9179793590439977,2.6999999999999886,0.13130051885431418,18.757802204357493,3.8703101730407172
13.38,25.8,341.4,19.8,-11.02,-18.600000000000023,-36.82,4.834485104215848,16871.0,Concepción,Biobío,4.745339706737978,0.9477684100095856,0.930292052174995,10.730760000000002,18935.36027257407,0.1439397041860338,0.7007061379684953,18.600000000000023,0.13130051885431418,64.68541069440805,12.447307658101433
4.99,44.4,9.5,19.9,7.579999999999998,9.5,-36.82,4.834485104215848,6404.8,Concepción,Biobío,4.79223966221712,0.9862856015372314,0.9776670888568246,3.9969900000000003,7053.036845095393,0.1465213532087005,1.2058663769690385,9.5,0.13130051885431418,24.124080670037085,4.8785587733955555
7.88,36.1,326.4,12.1,-0.7199999999999989,-33.60000000000002,-36.82,4.834485104215848,10764.7,Concepción,Biobío,4.8341033935953055,0.8329212407100993,0.8328554767503806,6.92652,12222.447583879404,0.1559450548176993,0.9804454101032049,33.60000000000002,0.13130051885431418,38.095742621220886,6.562901156792999
6.59,30.0,0.4,16.2,-6.82,0.4000000000000057,-36.82,4.834485104215848,8898.4,Concepción,Biobío,4.800276852434074,0.9999756307053947,0.9928999199702475,5.522419999999999,9744.790888666645,0.15414250178421712,0.8147745790331341,0.4,0.13130051885431418,31.85925683678244,6.543210472603931
3.54,37.6,14.3,10.8,0.7800000000000011,14.300000000000011,-36.82,4.834485104215848,5079.8,Concepción,Biobío,4.83403712541382,0.9690157314068695,0.9689259393199887,3.15768,5572.001277216309,0.16380956066351934,1.0211841390548615,14.3,0.13130051885431418,17.114077268924103,3.42999782519276
14.28,27.2,22.7,15.8,-9.62,22.69999999999999,-36.82,4.834485104215848,18863.3,Concepción,Biobío,4.766501432421977,0.9225380894562465,0.9095651408714538,12.02376,21216.971345083217,0.1507944502001714,0.7387289516567083,22.7,0.13130051885431418,69.03644728820231,12.98859021164436
7.7,28.6,340.9,11.3,-8.219999999999999,-19.100000000000023,-36.82,4.834485104215848,10816.9,Concepción,Biobío,4.78481745933481,0.9449489121575307,0.9352408696280716,6.8299,12051.953181848596,0.1603644072822155,0.7767517653449213,19.100000000000023,0.13130051885431418,37.225535302462035,7.201354696136152
10.97,25.1,0.4,18.2,-11.72,0.4000000000000057,-36.82,4.834485104215848,14269.5,Concepción,Biobío,4.733695588810869,0.9999756307053947,0.9791281036031404,8.973460000000001,15834.451426696016,0.14849027859292466,0.6816947311243889,0.4,0.13130051885431418,53.03430159324786,10.741035296526452
9.48,28.3,4.6,19.4,-8.52,4.599999999999994,-36.82,4.834485104215848,12252.1,Concepción,Biobío,4.781132731651086,0.9967788784562471,0.9857786339748424,7.640880000000001,13482.997998231791,0.14753602874592991,0.7686040195545899,4.6,0.13130051885431418,45.83091878796625,9.345181450081506
8.52,47.7,38.7,11.7,10.880000000000004,38.69999999999999,-36.82,4.834485104215848,11313.6,Concepción,Biobío,4.747583588965339,0.7804304073383299,0.7664019051331766,7.52316,13275.270809170861,0.15158531095247285,1.2954915806626834,38.7,0.13130051885431418,41.18981308791903,6.529744231734664
10.02,31.0,323.0,14.6,-5.82,-37.0,-36.82,4.834485104215848,13089.6,Concepción,Biobío,4.80956513635849,0.7986355100472928,0.794518841816633,8.55708,15099.712665387922,0.149126404724797,0.841933731667572,37.0,0.13130051885431418,48.4415407442428,7.9610787950026625
13.68,40.5,337.2,11.0,3.68,-22.799999999999955,-36.82,4.834485104215848,19322.7,Concepción,Biobío,4.824516799611836,0.9218631515885009,0.9199623467457607,12.1752,21484.200409909812,0.16124178883281262,1.099945681694731,22.80000000000001,0.13130051885431418,66.13575622567281,12.585084903482006
11.09,30.1,70.1,13.4,-6.719999999999999,70.1,-36.82,4.834485104215848,12674.6,Concepción,Biobío,4.801271530491266,0.34037955021305033,0.3380410961602117,9.60394,16946.988278200704,0.13046637927130042,0.8174904942965779,70.1,0.13130051885431418,53.614439805753754,3.748875756416748
8.92,42.9,353.2,10.7,6.079999999999998,-6.7999999999999545,-36.82,4.834485104215848,12842.3,Concepción,Biobío,4.807291012920827,0.992965508106537,0.9873800539996026,7.96556,14055.924125859221,0.16435156745909862,1.1651276480173818,6.800000000000011,0.13130051885431418,43.12360712960537,8.807430081676456
10.39,28.6,312.7,12.6,-8.219999999999999,-47.30000000000001,-36.82,4.834485104215848,13352.5,Concepción,Biobío,4.78481745933481,0.6781596698680705,0.6711925176420191,9.080860000000001,16023.968077266381,0.14670433020862172,0.7767517653449213,47.30000000000001,0.13130051885431418,50.23030023280267,6.9736902583005795
9.88,37.1,345.4,19.9,0.2800000000000011,-14.600000000000025,-36.82,4.834485104215848,12743.5,Concepción,Biobío,4.834427375730303,0.9677091704819711,0.9676976150870001,7.913880000000001,13964.730266441378,0.14724063187473424,1.0076045627376427,14.600000000000023,0.13130051885431418,47.76471282965259,9.560852437059562
7.63,37.2,290.8,10.4,0.3800000000000025,-69.19999999999999,-36.82,4.834485104215848,9127.3,Concepción,Biobío,4.834378777948671,0.35510696240813716,0.35509915243521395,6.83648,12063.564164723392,0.13655691005822965,1.0103204780010864,69.19999999999999,0.13130051885431418,36.887121345166925,2.7094065330806822
10.12,55.4,6.0,18.6,18.58,6.0,-36.82,4.834485104215848,12655.7,Concepción,Biobío,4.582510242224968,0.9945218953682733,0.9426871059480305,8.23768,14536.103557453334,0.14275836085693144,1.5046170559478544,6.0,0.13130051885431418,48.92498925466438,9.539993512194068
3.01,32.8,18.0,19.8,-5.940000000000005,18.0,-38.74,4.805798371588579,3821.8,Temuco,La Araucanía,4.7799951366002515,0.9510565162951535,0.9459501150523915,2.41402,4234.472085518525,0.14494303615042706,0.8466701084150747,18.0,0.1240526167162772,14.465453098481621,2.8473098463076982
8.88,36.9,329.1,13.7,-1.8400000000000032,-30.899999999999977,-38.74,4.805798371588579,11911.5,Temuco,La Araucanía,4.803320444024749,0.8580649057236448,0.8576224771161489,7.6634400000000005,13442.565827559874,0.1531261569788967,0.9525038719669592,30.899999999999977,0.1240526167162772,42.67548953970658,7.615687596791403
7.88,29.5,17.8,19.4,-9.240000000000002,17.80000000000001,-38.74,4.805798371588579,9985.2,Temuco,La Araucanía,4.743440284983068,0.9521293927421387,0.9397749486848779,6.35128,11140.884444748635,0.14465266671302413,0.7614868353123386,17.8,0.1240526167162772,37.869691168118,7.405426595636838
14.11,42.6,14.6,16.9,3.859999999999999,14.599999999999994,-38.74,4.805798371588579,18711.9,Temuco,La Araucanía,4.7948965108916966,0.9677091704819712,0.9655139409371657,11.725409999999998,20567.734043736076,0.15138636738735767,1.09963861641714,14.6,0.1240526167162772,67.80981502311485,13.623401706623408
4.59,35.7,31.7,16.3,-3.039999999999999,31.69999999999999,-38.74,4.805798371588579,5948.6,Temuco,La Araucanía,4.799035431089134,0.8508111094240514,0.8496138088998932,3.84183,6739.0170306408545,0.14794421066244864,0.921528136293237,31.7,0.1240526167162772,22.058614525591576,3.89972738285051
4.34,33.4,22.3,12.3,-5.340000000000003,22.30000000000001,-38.74,4.805798371588579,5990.5,Temuco,La Araucanía,4.78494105624613,0.925209718385782,0.9211942792511828,3.80618,6676.482780780151,0.15756844054457841,0.8621579762519359,22.3,0.1240526167162772,20.85716493269443,3.9979831719501333
11.73,42.7,32.5,10.5,3.960000000000001,32.5,-38.74,4.805798371588579,16223.9,Temuco,La Araucanía,4.794324558547177,0.8433914458128857,0.8413778541010104,10.49835,18415.32796704394,0.1578894611249304,1.1022199277232834,32.5,0.1240526167162772,56.37201489873403,9.869362228604853
11.43,29.6,357.2,14.4,-9.14,-2.7999999999999545,-38.74,4.805798371588579,15590.8,Temuco,La Araucanía,4.744779875208616,0.9988061373414341,0.9861244466080155,9.78408,17162.41524199472,0.1557105590111738,0.7640681466184822,2.8000000000000114,0.1240526167162772,54.93027538725745,11.271402424729617
11.09,44.9,338.4,10.1,6.159999999999997,-21.600000000000023,-38.74,4.805798371588579,15709.4,Temuco,La Araucanía,4.77805026594708,0.9297764858882512,0.9244080675405457,9.96991,17488.38269365291,0.16170518505708792,1.1590087764584407,21.600000000000023,0.1240526167162772,53.29630394091734,10.251685469024652
2.34,34.9,52.7,10.7,-3.8400000000000034,52.69999999999999,-38.74,4.805798371588579,3013.0,Temuco,La Araucanía,4.795009148685211,0.6059884002657112,0.6046279303870798,2.08962,3665.436723532208,0.14698708191858878,0.9008776458440887,52.7,0.1240526167162772,11.245568189517273,1.4148293571057668
5.38,48.0,321.8,16.0,9.259999999999998,-38.19999999999999,-38.74,4.805798371588579,6803.9,Temuco,La Araucanía,4.743170632885596,0.785856893175402,0.7756158392737881,4.5192,7927.2028603223325,0.1443681994873623,1.23902942694889,38.19999999999999,0.1240526167162772,25.855195239146553,4.1728132152929795
12.92,35.6,324.3,17.2,-3.140000000000001,-35.69999999999999,-38.74,4.805798371588579,16395.9,Temuco,La Araucanía,4.798583296055636,0.8120835268918064,0.8108643238515327,10.69776,18765.116319490586,0.14486672462784683,0.9189468249870935,35.69999999999999,0.1240526167162772,62.09091496092444,10.476367064161803
9.81,43.8,14.1,11.7,5.059999999999995,14.099999999999994,-38.74,4.805798371588579,13820.9,Temuco,La Araucanía,4.787069611149308,0.9698720152847469,0.9660923101813436,8.662230000000001,15194.559752338897,0.16082857395538053,1.130614352090862,14.1,0.1240526167162772,47.14488202528396,9.477365562878981
9.83,40.2,40.6,17.3,1.4600000000000009,40.599999999999994,-38.74,4.805798371588579,12291.4,Temuco,La Araucanía,4.804238199525168,0.7592713073348809,0.7590248147043833,8.12941,14259.931449091206,0.14273935441315141,1.0376871450696954,40.6,0.1240526167162772,47.24099799271573,7.461213928544088
5.85,44.7,4.7,19.5,5.960000000000001,4.699999999999989,-38.74,4.805798371588579,7547.0,Temuco,La Araucanía,4.779821241889812,0.9966373868180366,0.9912501906316403,4.709249999999999,8260.572683212282,0.14727003083167467,1.153846153846154,4.7,0.1240526167162772,28.113920473793183,5.798813615195096
5.38,39.6,25.0,17.4,0.8599999999999994,25.0,-38.74,4.805798371588579,6999.7,Temuco,La Araucanía,4.805257020475328,0.9063077870366499,0.9062056956271641,4.44388,7795.082812650294,0.14852277163857344,1.0221992772328343,25.0,0.1240526167162772,25.855195239146553,4.875386642474143
14.31,25.4,310.1,17.8,-13.340000000000003,-49.89999999999998,-38.74,4.805798371588579,16730.7,Temuco,La Araucanía,4.676128467070614,0.6441236297613868,0.626743905704983,11.76282,20633.355538470692,0.1334659161617032,0.6556530717604543,49.89999999999998,0.1240526167162772,68.77097469743256,8.968705290638306
11.46,46.8,347.5,17.0,8.059999999999995,-12.5,-38.74,4.805798371588579,15104.5,Temuco,La Araucanía,4.758325657522,0.9762960071199334,0.9666519443426955,9.511800000000001,16684.80442706983,0.15045881246663,1.2080536912751676,12.5,0.1240526167162772,55.07444933840512,11.077831282167292
3.65,38.0,313.2,12.2,-0.740000000000002,-46.80000000000001,-38.74,4.805798371588579,4740.6,Temuco,La Araucanía,4.805397553153674,0.6845471059286885,0.68449001258469,3.2047,5621.41684512192,0.14826421467442297,0.9808982963345378,46.80000000000001,0.1240526167162772,17.541164056298314,2.4983885459341186
14.19,45.1,19.5,13.6,6.359999999999999,19.5,-38.74,4.805798371588579,19375.2,Temuco,La Araucanía,4.776221070969716,0.9426414910921784,0.9368400011830981,12.260159999999999,21505.74779164663,0.1558689796982247,1.1641713990707279,19.5,0.1240526167162772,68.19427889284194,13.293759616788162
9.57,44.3,321.3,19.5,5.559999999999995,-38.69999999999999,-38.74,4.805798371588579,11676.0,Temuco,La Araucanía,4.7831884510659,0.7804304073383299,0.7767587032594157,7.703849999999999,13513.449671511375,0.13927656346173115,1.1435209086215796,38.69999999999999,0.1240526167162772,45.9914904161027,7.433580790192608
6.33,32.6,328.1,16.6,-6.140000000000001,-31.899999999999977,-38.74,4.805798371588579,8144.9,Temuco,La Araucanía,4.7782299837595215,0.8489716876291418,0.844101574709129,5.27922,9260.366410929117,0.14688516667027346,0.8415074858027878,31.899999999999977,0.1240526167162772,30.420703692155705,5.343162967908787
7.16,31.4,12.9,17.9,-7.340000000000003,12.900000000000006,-38.74,4.805798371588579,9352.9,Temuco,La Araucanía,4.766417223419181,0.9747611941912218,0.966773506808171,5.87836,10311.327714198174,0.14911768832427744,0.8105317501290655,12.9,0.1240526167162772,34.40951634057423,6.922098308746504
11.43,44.0,26.5,19.7,5.259999999999998,26.5,-38.74,4.805798371588579,14355.6,Temuco,La Araucanía,4.785560877652099,0.8949343616020251,0.8911657414236298,9.17829,16099.789064628225,0.14337420151248217,1.1357769747031492,26.5,0.1240526167162772,54.93027538725745,10.18602442447209
6.89,36.3,356.0,12.3,-2.440000000000005,-4.0,-38.74,4.805798371588579,9735.4,Temuco,La Araucanía,4.801441203624592,0.9975640502598242,0.9966596107087367,6.042529999999999,10599.301004510424,0.1612985532603005,0.937016004130098,4.0,0.1240526167162772,33.11195078024531,6.866984717783195
9.52,46.2,14.3,13.2,7.460000000000001,14.300000000000011,-38.74,4.805798371588579,13119.2,Temuco,La Araucanía,4.7651208649918795,0.9690157314068695,0.9608137344109824,8.263359999999999,14494.89534162532,0.15731361037565714,1.1925658234383067,14.3,0.1240526167162772,45.75120049752327,9.146946751592552
11.24,37.3,13.4,16.4,-1.4400000000000048,13.400000000000006,-38.74,4.805798371588579,15038.8,Temuco,La Araucanía,4.804280648960532,0.9727758782093966,0.9724686651621107,9.396640000000001,16482.8003817975,0.15273647605583449,0.9628291171915332,13.4,0.1240526167162772,54.017173696655625,10.930547796422125
4.54,46.9,354.6,10.2,8.159999999999997,-5.399999999999977,-38.74,4.805798371588579,6500.4,Temuco,La Araucanía,4.757142371034611,0.99556196460308,0.9854824606880573,4.07692,7151.392256440372,0.16344819262567134,1.2106350025813113,5.399999999999977,0.1240526167162772,21.818324607012148,4.47409037152378
14.28,42.1,332.6,15.7,3.359999999999999,-27.399999999999977,-38.74,4.805798371588579,18829.5,Temuco,La Araucanía,4.797537148031449,0.8878153851364016,0.8862892201151157,12.038039999999999,21116.12345562813,0.1505242507962089,1.0867320598864223,27.399999999999977,0.1240526167162772,68.6268007462849,12.65621006324385
6.63,41.0,14.1,18.1,2.259999999999998,14.099999999999994,-38.74,4.805798371588579,8689.3,Temuco,La Araucanía,4.802060272112258,0.9698720152847469,0.9691176186596476,5.42997,9524.799459077814,0.14961225094182387,1.0583376355188434,14.1,0.1240526167162772,31.862443203632278,6.4252498117134635
7.45,35.7,15.3,16.1,-3.039999999999999,15.300000000000011,-38.74,4.805798371588579,9983.3,Temuco,La Araucanía,4.799035431089134,0.9645574184577981,0.9632000488960843,6.25055,10964.19229920954,0.15297263338543102,0.921528136293237,15.3,0.1240526167162772,35.80319786833491,7.175840364275828
11.08,40.6,22.4,13.0,1.8599999999999992,22.40000000000001,-38.74,4.805798371588579,15259.2,Temuco,La Araucanía,4.8032662880299535,0.924546033612313,0.9240589079299827,9.6396,16908.98050370932,0.15721279857573808,1.0480123902942695,22.4,0.1240526167162772,53.248245957201455,10.238572699864209
9.91,48.3,7.8,17.2,9.559999999999995,7.800000000000011,-38.74,4.805798371588579,13024.8,Temuco,La Araucanía,4.739056517076117,0.9907478404714436,0.9769885557252915,8.205480000000001,14393.36708406747,0.15003524874555932,1.2467733608673204,7.8,0.1240526167162772,47.62546186244282,9.68195658723764
7.72,38.3,330.8,11.5,-0.4400000000000048,-29.19999999999999,-38.74,4.805798371588579,10673.8,Temuco,La Araucanía,4.8056566638706855,0.8729220772698097,0.8728963375724892,6.8322,11984.474106544134,0.1578329429578631,0.9886422302529684,29.19999999999999,0.1240526167162772,37.100763428663825,6.738759726059616
10.45,43.0,17.3,18.9,4.259999999999998,17.30000000000001,-38.74,4.805798371588579,13469.8,Temuco,La Araucanía,4.792521082640758,0.9547607995027974,0.9521230202971622,8.47495,14866.048831892538,0.14714338773459176,1.109963861641714,17.3,0.1240526167162772,50.220592983100644,9.949685562105344
13.74,39.1,360.0,11.0,0.3599999999999994,0.0,-38.74,4.805798371588579,19723.2,Temuco,La Araucanía,4.805703509243146,1.0,0.9999802608561371,12.2286,21450.387877884954,0.16386512731550718,1.0092927207021167,0.0,0.1240526167162772,66.03166962562707,13.739728784163324
12.4,39.7,347.9,18.6,0.9600000000000009,-12.100000000000025,-38.74,4.805798371588579,16190.8,Temuco,La Araucanía,4.805123808472041,0.9777832367586061,0.9776459907785446,10.0936,17705.349351865265,0.14905361614376197,1.0247805885389778,12.100000000000023,0.1240526167162772,59.591899807698375,12.122810285653953
12.72,52.5,352.6,15.0,13.759999999999998,-7.399999999999977,-38.74,4.805798371588579,16905.3,Temuco,La Araucanía,4.667874702458982,0.9916711623830905,0.9632107662719077,10.812,18965.506577669734,0.1517160980442836,1.3551884357253483,7.399999999999977,0.1240526167162772,61.12975528660672,12.252040946978667
5.36,48.4,342.7,14.3,9.659999999999997,-17.299999999999955,-38.74,4.805798371588579,7224.9,Temuco,La Araucanía,4.737656267549674,0.9547607995027977,0.9412231092583189,4.59352,8057.568791588742,0.15387318544264975,1.249354672173464,17.30000000000001,0.1240526167162772,25.759079271714786,5.04495586562459
7.45,39.4,22.2,15.0,0.6599999999999966,22.19999999999999,-38.74,4.805798371588579,10027.3,Temuco,La Araucanía,4.805479531182002,0.9258705848099948,0.9258091579812201,6.3325,11107.942138650906,0.15364683889552877,1.0170366546205472,22.2,0.1240526167162772,35.80319786833491,6.89727822696009
9.2,40.5,324.5,12.0,1.759999999999998,-35.5,-38.74,4.805798371588579,12436.0,Temuco,La Araucanía,4.803531215238753,0.8141155183563192,0.8137314558084925,8.096,14201.326419979114,0.15430811991264642,1.0454310789881258,35.5,0.1240526167162772,44.21334501861492,7.4863293934381305
2.57,33.1,335.2,14.6,-5.640000000000001,-24.799999999999955,-38.74,4.805798371588579,3448.7,Temuco,La Araucanía,4.782533654211196,0.907777478532909,0.9033829565728376,2.1947799999999997,3849.8996047482406,0.15318568661940551,0.8544140423335054,24.80000000000001,0.1240526167162772,12.350901814982647,2.3216941983921924
12.01,37.4,351.8,18.5,-1.3400000000000034,-8.200000000000045,-38.74,4.805798371588579,15744.6,Temuco,La Araucanía,4.804484115231039,0.9897762309077889,0.9895055537791556,9.78815,17169.55449576563,0.14965268668803397,0.9654104284976768,8.199999999999989,0.1240526167162772,57.71763844277883,11.883961700887658
6.21,41.2,40.3,18.0,2.460000000000001,40.30000000000001,-38.74,4.805798371588579,7697.8,Temuco,La Araucanía,4.801369492917954,0.7626683296956882,0.7619654775914219,5.0922,8932.311560748227,0.14150471694644814,1.0635002581311306,40.3,0.1240526167162772,29.844007887565073,4.731805615842729
5.67,45.5,26.4,11.6,6.759999999999998,26.40000000000001,-38.74,4.805798371588579,7821.1,Temuco,La Araucanía,4.772388113772864,0.8957117602394128,0.8894847073078779,5.01228,8792.122577610291,0.15746378037093411,1.174496644295302,26.4,0.1240526167162772,27.24887676690724,5.043378290435667
5.37,44.7,319.0,16.7,5.960000000000001,-41.0,-38.74,4.805798371588579,6721.1,Temuco,La Araucanía,4.779821241889812,0.754709580222772,0.750630093915928,4.47321,7846.531046827417,0.14287688239245597,1.153846153846154,41.0,0.1240526167162772,25.807137255430668,4.030883604328534
5.68,29.9,33.8,18.6,-8.840000000000003,33.80000000000001,-38.74,4.805798371588579,7060.2,Temuco,La Araucanía,4.748711909248744,0.8309844692743282,0.8211134842803124,4.623519999999999,8110.192283757636,0.14189417325873047,0.7718120805369126,33.8,0.1240526167162772,27.296934750623127,4.663924590712174
6.39,46.6,33.7,18.2,7.859999999999999,33.69999999999999,-38.74,4.805798371588579,8001.2,Temuco,La Araucanía,4.760648742880944,0.8319541221304827,0.8241380597800431,5.22702,9168.801534555241,0.1429388099270407,1.2028910686628806,33.7,0.1240526167162772,30.70905159445102,5.266242201994475
9.86,38.0,330.6,14.3,-0.740000000000002,-29.399999999999977,-38.74,4.805798371588579,13198.3,Temuco,La Araucanía,4.805397553153674,0.8712138111201896,0.8711411491961469,8.450019999999999,14822.318709900184,0.15280479220502563,0.9808982963345378,29.399999999999977,0.1240526167162772,47.385171943863384,8.589451731074009
9.59,30.8,297.0,10.5,-7.940000000000001,-63.0,-38.74,4.805798371588579,11691.5,Temuco,La Araucanía,4.759726468008362,0.45399049973954686,0.44963821424750683,8.58305,15055.668815341125,0.13917060674884893,0.7950438822922045,63.0,0.1240526167162772,46.08760638353447,4.31203047463359
5.32,49.4,358.2,19.3,10.659999999999997,-1.7999999999999543,-38.74,4.805798371588579,6810.3,Temuco,La Araucanía,4.722860753083231,0.9995065603657316,0.9822572528859832,4.29324,7530.842717306217,0.146133741888969,1.2751677852348993,1.8000000000000114,0.1240526167162772,25.56684733685124,5.225608585353431
4.68,50.4,28.1,14.0,11.659999999999997,28.09999999999999,-38.74,4.805798371588579,6176.7,Temuco,La Araucanía,4.706626609480018,0.8821268660176679,0.8639234232300013,4.0248,7059.967709378944,0.15066297857393748,1.3009808982963345,28.1,0.1240526167162772,22.491136379034547,4.043161620716406
12.74,40.8,39.8,13.6,2.059999999999995,39.80000000000001,-38.74,4.805798371588579,16690.7,Temuco,La Araucanía,4.802692539717585,0.7682835235935233,0.7677870068300147,11.00736,19308.19075867358,0.14955502749044822,1.0531750129065565,39.8,0.1240526167162772,61.225871254038495,9.781606467014386
3.21,44.4,338.2,17.6,5.659999999999997,-21.799999999999955,-38.74,4.805798371588579,4164.6,Temuco,La Araucanía,4.78236849810443,0.9284858268809139,0.9239591481121469,2.64504,4639.708057547129,0.14810310246233946,1.146102219927723,21.80000000000001,0.1240526167162772,15.426612772799338,2.9659088654399914
8.67,44.9,43.8,12.6,6.159999999999997,43.80000000000001,-38.74,4.805798371588579,11269.4,Temuco,La Araucanía,4.77805026594708,0.721760228098362,0.7175928707711161,7.57758,13291.957392972496,0.14838075977100484,1.1590087764584407,43.8,0.1240526167162772,41.66627188167298,6.221530189585577
8.77,49.9,304.3,18.3,11.159999999999997,-55.69999999999999,-38.74,4.805798371588579,10019.2,Temuco,La Araucanía,4.714923211110171,0.5635260489375716,0.5528700629449598,7.165089999999999,12568.401916814248,0.13041554073403,1.2880743417656169,55.69999999999999,0.1240526167162772,42.14685171883183,4.848670452027297
9.46,44.6,350.8,10.8,5.859999999999999,-9.200000000000044,-38.74,4.805798371588579,13512.3,Temuco,La Araucanía,4.780684890952106,0.9871362650729878,0.9819778240478649,8.438320000000001,14801.795547954318,0.16305496828752641,1.1512648425400103,9.199999999999989,0.1240526167162772,45.46285259522796,9.289510215492804
13.51,28.1,349.6,17.4,-10.64,-10.399999999999975,-38.74,4.805798371588579,17626.2,Temuco,La Araucanía,4.723170777678681,0.983571470813386,0.966660619007328,11.159260000000002,19574.641040688755,0.14893584660778927,0.7253484770263294,10.399999999999977,0.1240526167162772,64.9263360001617,13.059584962789001
10.11,54.8,28.8,19.7,16.059999999999995,28.80000000000001,-38.74,4.805798371588579,12198.0,Temuco,La Araucanía,4.618240182120547,0.8763066800438635,0.8421066405042439,8.11833,14240.495839316829,0.13773152852865062,1.4145585957666493,28.8,0.1240526167162772,48.58662153676053,8.513698135497906
14.66,47.3,32.5,20.0,8.559999999999995,32.5,-38.74,4.805798371588579,17974.0,Temuco,La Araucanía,4.7522643509854054,0.8433914458128857,0.8339965166990032,11.728000000000002,20572.277205226663,0.13996087885527045,1.2209602478058852,32.5,0.1240526167162772,70.45300412748857,12.226388934807387
13.33,34.7,23.9,19.2,-4.039999999999999,23.90000000000001,-38.74,4.805798371588579,16948.7,Temuco,La Araucanía,4.793856481458715,0.9142539552342637,0.9119821328563739,10.77064,18892.956323132887,0.14514501913149522,0.8957150232318017,23.9,0.1240526167162772,64.06129229327576,12.156721830975464
4.79,30.5,326.2,18.7,-8.240000000000002,-33.80000000000001,-38.74,4.805798371588579,5951.9,Temuco,La Araucanía,4.75618530809212,0.8309844692743282,0.8224057312476951,3.8942699999999997,6831.002894952082,0.14184564494142093,0.7872999483737738,33.80000000000001,0.1240526167162772,23.019774199909293,3.93932345267646
5.14,42.8,21.6,12.8,4.059999999999995,21.59999999999999,-38.74,4.805798371588579,7080.9,Temuco,La Araucanía,4.793738001858598,0.9297764858882515,0.9274431694818979,4.48208,7862.090059345353,0.1572610735035446,1.1048012390294268,21.6,0.1240526167162772,24.701803629965294,4.767057891136955
6.48,36.5,12.7,19.7,-2.240000000000002,12.699999999999989,-38.74,4.805798371588579,8343.6,Temuco,La Araucanía,4.802126132026999,0.9755345439458566,0.9747891118097218,5.2034400000000005,9127.43946971049,0.1469854557754101,0.9421786267423851,12.7,0.1240526167162772,31.141573447893993,6.316633444526998
7.09,41.4,318.2,19.3,2.6599999999999966,-41.80000000000001,-38.74,4.805798371588579,8617.5,Temuco,La Araucanía,4.800620210551597,0.745475999682862,0.7446727627434215,5.721629999999999,10036.40504994381,0.13874934791429178,1.0686628807434175,41.80000000000001,0.1240526167162772,34.07311045456302,5.279729887850858
9.19,44.7,308.3,15.3,5.960000000000001,-51.69999999999999,-38.74,4.805798371588579,11235.6,Temuco,La Araucanía,4.779821241889812,0.6197790317951403,0.6164288953456587,7.78393,13653.919313274211,0.13956504240761997,1.153846153846154,51.69999999999999,0.1240526167162772,44.16528703489904,5.664981548226603
5.02,34.2,25.9,14.0,-4.539999999999999,25.90000000000001,-38.74,4.805798371588579,6768.5,Temuco,La Araucanía,4.790719294992982,0.8995577789551802,0.8967352509167127,4.3172,7572.871346385107,0.1539162982772108,0.8828084667010841,25.9,0.1240526167162772,24.125107825374663,4.501610959601897
4.89,29.8,355.5,11.1,-8.940000000000001,-4.5,-38.74,4.805798371588579,6925.0,Temuco,La Araucanía,4.74741569135603,0.996917333733128,0.9848063999374626,4.34721,7625.512379718059,0.1616615775368612,0.7692307692307692,4.5,0.1240526167162772,23.50035403706815,4.815703295694192
6.96,41.8,327.9,15.9,3.059999999999995,-32.10000000000002,-38.74,4.805798371588579,9059.0,Temuco,La Araucanía,4.798946173534539,0.8471219213821369,0.8459140789525531,5.8533599999999995,10267.474804057429,0.14858224426599487,1.0789881259679917,32.10000000000002,0.1240526167162772,33.44835666625651,5.88756198950977
10.74,34.5,354.8,17.0,-4.240000000000002,-5.2000000000000455,-38.74,4.805798371588579,14322.1,Temuco,La Araucanía,4.79264540260384,0.9958843986159703,0.9931587668697823,8.9142,15636.54446306544,0.15222932238123177,0.8905524006195147,5.199999999999989,0.1240526167162772,51.614274510861335,10.666525156181462
10.95,39.9,9.1,14.0,1.1599999999999966,9.099999999999994,-38.74,4.805798371588579,15129.8,Temuco,La Araucanía,4.804813473194499,0.9874138067509114,0.9872114465607065,9.417,16518.51419181612,0.15773023915264486,1.0299432111512647,9.1,0.1240526167162772,52.623492168894934,10.809965339839735
14.69,28.0,357.9,14.1,-10.740000000000002,-2.1000000000000227,-38.74,4.805798371588579,20008.0,Temuco,La Araucanía,4.721614900417669,0.9993283937786562,0.9818230956943073,12.61871,22134.68622888521,0.15548116166372924,0.7227671657201858,2.1000000000000227,0.1240526167162772,70.59717807863622,14.422981275749374
4.63,36.7,321.2,15.7,-2.039999999999999,-38.80000000000001,-38.74,4.805798371588579,5935.7,Temuco,La Araucanía,4.802752548037945,0.779337964931474,0.778844035360578,3.9030899999999997,6846.474201649738,0.1463480181859424,0.9473412493546722,38.80000000000001,0.1240526167162772,22.25084646045512,3.606047883719476
7.11,44.5,47.1,10.3,5.759999999999998,47.099999999999994,-38.74,4.805798371588579,9383.3,Temuco,La Araucanía,4.781533977219133,0.6807208689589179,0.6772839208510698,6.37767,11187.175576693206,0.15065442588418138,1.1486835312338668,47.1,0.1240526167162772,34.1692264219948,4.815488677251107
14.54,43.6,25.1,19.6,4.859999999999999,25.09999999999999,-38.74,4.805798371588579,18350.8,Temuco,La Araucanía,4.7885200157140115,0.9055687990111396,0.9023129945082456,11.69016,20505.90144043763,0.14407429041598363,1.125451729478575,25.1,0.1240526167162772,69.87630832289793,13.119630940149891
10.97,32.4,351.6,12.9,-6.340000000000003,-8.399999999999977,-38.74,4.805798371588579,15282.4,Temuco,La Araucanía,4.776406609694357,0.9892723329629883,0.9832220464942745,9.554870000000001,16760.354220660305,0.15903064813542953,0.8363448631905007,8.399999999999977,0.1240526167162772,52.71960813632671,10.785945850042191
9.7,29.4,352.6,11.4,-9.340000000000003,-7.399999999999977,-38.74,4.805798371588579,13652.1,Temuco,La Araucanía,4.742086245415783,0.9916711623830905,0.978524235830117,8.594199999999999,15075.227213263894,0.16066586640305042,0.758905524006195,7.399999999999977,0.1240526167162772,46.61624420440921,9.491685087552135
9.02,38.9,9.0,10.1,0.1599999999999966,9.0,-38.74,4.805798371588579,13043.1,Temuco,La Araucanía,4.8057796332980365,0.9876883405951378,0.9876844894990949,8.108979999999999,14224.094850924188,0.16507077119339064,1.0041300980898296,9.0,0.1240526167162772,43.34830131172898,8.908914095281835
2.98,43.2,331.8,18.6,4.460000000000001,-28.19999999999999,-38.74,4.805798371588579,3787.4,Temuco,La Araucanía,4.791245768065953,0.8813034520649923,0.8786347467366861,2.4257199999999997,4254.995247464394,0.14508442891728726,1.115126484254001,28.19999999999999,0.1240526167162772,14.321279147333964,2.6183315452753244
13.61,42.0,8.1,18.6,3.259999999999998,8.099999999999994,-38.74,4.805798371588579,17800.0,Temuco,La Araucanía,4.798021439281449,0.9900236577165575,0.9884215624197519,11.078539999999998,19433.04876442631,0.14929929980305914,1.0841507485802788,8.1,0.1240526167162772,65.40691583732055,13.452417464532822
10.13,34.6,326.7,11.0,-4.140000000000001,-33.30000000000001,-38.74,4.805798371588579,13911.6,Temuco,La Araucanía,4.793258242579216,0.8358073613682702,0.8336264267288777,9.0157,15814.587278236871,0.15677020649366455,0.8931337119256583,33.30000000000001,0.1240526167162772,48.68273750419231,8.44463570276353
9.43,41.1,358.2,11.5,2.359999999999999,-1.7999999999999543,-38.74,4.805798371588579,13450.9,Temuco,La Araucanía,4.801722195954379,0.9995065603657316,0.9986588002283792,8.34555,14639.066169004036,0.1628304207401812,1.060918946824987,1.8000000000000114,0.1240526167162772,45.31867864408029,9.417352486153614
9.01,50.8,330.8,14.5,12.059999999999995,-29.19999999999999,-38.74,4.805798371588579,11771.4,Temuco,La Araucanía,4.699731228887177,0.8729220772698097,0.8536561107481274,7.70355,13512.923436589688,0.1491417450929713,1.3113061435209086,29.19999999999999,0.1240526167162772,43.300243328013096,7.691441557840628
7.09,40.4,332.0,11.9,1.6599999999999966,-28.0,-38.74,4.805798371588579,9787.3,Temuco,La Araucanía,4.80378151005842,0.882947592858927,0.8825770440144912,6.24629,10956.719763321558,0.15758415930856373,1.0428497676819823,28.0,0.1240526167162772,34.07311045456302,6.257471242062743
5.31,25.7,41.1,17.4,-13.040000000000004,41.099999999999994,-38.74,4.805798371588579,6458.0,Temuco,La Araucanía,4.681870200776979,0.7535633923016379,0.7341310887429565,4.38606,7693.659802076777,0.13883514347874693,0.6633970056788848,41.1,0.1240526167162772,25.51878935313535,3.898236081225099
11.82,40.4,1.5,10.6,1.6599999999999966,1.5,-38.74,4.805798371588579,17043.8,Temuco,La Araucanía,4.80378151005842,0.9996573249755573,0.9992377962633241,10.56708,18535.88838760288,0.16460569115113305,1.0428497676819823,1.5,0.1240526167162772,56.804536752177,11.810990751832492
8.62,55.1,5.2,15.5,16.36,5.199999999999989,-38.74,4.805798371588579,11271.5,Temuco,La Araucanía,4.611215691344053,0.9958843986159703,0.955561888074949,7.283899999999999,12776.808486967126,0.14926924747587114,1.42230252968508,5.2,0.1240526167162772,41.42598196309355,8.23694347520606
2.44,28.4,309.7,13.8,-10.340000000000003,-50.30000000000001,-38.74,4.805798371588579,3023.1,Temuco,La Araucanía,4.727752065139161,0.6387678175155975,0.6283942094319591,2.10328,3689.3979536331112,0.14143554906804404,0.7330924109447599,50.30000000000001,0.1240526167162772,11.726148026676132,1.5332818710139802
7.19,39.0,345.1,14.6,0.259999999999998,-14.899999999999975,-38.74,4.805798371588579,9814.9,Temuco,La Araucanía,4.805748890842869,0.9663760793213294,0.966366129463815,6.1402600000000005,10770.730800832629,0.15583065012923833,1.006711409395973,14.899999999999977,0.1240526167162772,34.553690291721885,6.94817247084483
14.07,36.9,11.5,14.2,-1.8400000000000032,11.5,-38.74,4.805798371588579,19361.4,Temuco,La Araucanía,4.803320444024749,0.9799247046208296,0.9794194436322677,12.07206,21175.798495747662,0.15708638802075728,0.9525038719669592,11.5,0.1240526167162772,67.61758308825131,13.780431571906007
6.86,39.5,4.9,11.5,0.759999999999998,4.900000000000006,-38.74,4.805798371588579,9783.2,Temuco,La Araucanía,4.805375594832381,0.9963452961909064,0.9962576454823652,6.0711,10649.416110219268,0.1627993663218712,1.0196179659266906,4.9,0.1240526167162772,32.96777682909765,6.8343274480090255
7.37,40.3,306.1,12.2,1.5599999999999952,-53.89999999999998,-38.74,4.805798371588579,9307.5,Temuco,La Araucanía,4.804017171726514,0.5891963573533423,0.5889779802202834,6.47086,11350.64168453385,0.14416553595658071,1.0402684563758389,53.89999999999998,0.1240526167162772,35.41873399860783,4.340767714223489
10.11,47.9,5.2,10.6,9.159999999999997,5.199999999999989,-38.74,4.805798371588579,14378.3,Temuco,La Araucanía,4.74451311330735,0.9958843986159703,0.9831845248659088,9.03834,15854.300473660329,0.16234999480599255,1.2364481156427465,5.2,0.1240526167162772,48.58662153676053,9.939995546394337
12.42,39.4,9.2,11.2,0.6599999999999966,9.199999999999989,-38.74,4.805798371588579,17748.6,Temuco,La Araucanía,4.805479531182002,0.9871362650729879,0.987070773576307,11.02896,19346.079673035183,0.1631317142037809,1.0170366546205472,9.2,0.1240526167162772,59.68801577513015,12.259419007817733
10.69,49.0,32.1,19.8,10.259999999999998,32.099999999999994,-38.74,4.805798371588579,13086.4,Temuco,La Araucanía,4.728951856581734,0.8471219213821372,0.833576124740111,8.57338,15038.706509698683,0.1397456761963342,1.2648425400103251,32.1,0.1240526167162772,51.37398459228191,8.910928773471786
13.05,37.8,343.6,12.8,-0.9400000000000048,-16.399999999999977,-38.74,4.805798371588579,18172.2,Temuco,La Araucanía,4.805151621865561,0.9593139745400576,0.9591848729841146,11.3796,19961.143049505226,0.15896184327927362,0.9757356737222508,16.399999999999977,0.1240526167162772,62.71566874923096,12.517362592442696
3.48,35.9,303.9,13.1,-2.8400000000000034,-56.10000000000002,-38.74,4.805798371588579,4305.4,Temuco,La Araucanía,4.799895843740799,0.5577451089796899,0.5570600810648323,3.02412,5304.658504593285,0.1412310397312759,0.9266907589055239,56.10000000000002,0.1240526167162772,16.724178333128254,1.9385690821056163
14.02,33.4,335.1,11.3,-5.340000000000003,-24.899999999999977,-38.74,4.805798371588579,19512.5,Temuco,La Araucanía,4.78494105624613,0.9070440142914651,0.9031074148811774,12.43574,21813.735550147117,0.15887691425817,0.8621579762519359,24.899999999999977,0.1240526167162772,67.37729316967187,12.661565956634107
13.75,24.2,332.6,17.6,-14.540000000000004,-27.399999999999977,-38.74,4.805798371588579,17202.2,Temuco,La Araucanía,4.65188117482271,0.8878153851364016,0.8593809722126993,11.33,19874.138875785986,0.14281610626816107,0.624677336086732,27.399999999999977,0.1240526167162772,66.07972760934295,11.816488367924615
8.75,40.9,18.4,19.2,2.1599999999999966,18.40000000000001,-38.74,4.805798371588579,11244.6,Temuco,La Araucanía,4.802383720361753,0.9488760116444965,0.9482018092775345,7.07,12401.602987802906,0.14670058708414874,1.0557563242127,18.4,0.1240526167162772,42.05073575140006,8.296765831178426
10.12,55.2,292.1,17.9,16.46,-67.89999999999998,-38.74,4.805798371588579,10666.9,Temuco,La Araucanía,4.608846091740205,0.3762242631393661,0.3608057581106004,8.30852,14574.111238503565,0.12032437237172199,1.4248838409912234,67.89999999999998,0.1240526167162772,48.63467952047641,3.6513542720792755
4.77,42.4,348.8,16.1,3.6599999999999966,-11.200000000000044,-38.74,4.805798371588579,6406.5,Temuco,La Araucanía,4.795996595623988,0.9809551553491914,0.9789544258302655,4.0020299999999995,7020.026478822753,0.15331983573131158,1.0944759938048527,11.199999999999989,0.1240526167162772,22.923658232477518,4.669612611210366
7.82,44.2,35.6,18.1,5.460000000000001,35.599999999999994,-38.74,4.805798371588579,9792.7,Temuco,La Araucanía,4.783993833605828,0.8131007610470277,0.8094116161730213,6.40458,11234.378849168705,0.14295244601712037,1.1409395973154361,35.6,0.1240526167162772,37.58134326582269,6.329598838473027
4.64,35.4,0.2,14.0,-3.3400000000000034,0.1999999999999886,-38.74,4.805798371588579,6417.7,Temuco,La Araucanía,4.797635175459711,0.9999939076577904,0.9982953040617379,3.9903999999999997,6999.626105025278,0.15789098173515984,0.9137842023748063,0.2,0.1240526167162772,22.298904444171004,4.632090210846464
2.29,36.8,22.4,18.6,-1.9400000000000048,22.40000000000001,-38.74,4.805798371588579,2943.2,Temuco,La Araucanía,4.803043811483555,0.924546033612313,0.9240161075890944,1.8640599999999998,3269.778227078343,0.1467169149169508,0.9499225606608156,22.4,0.1240526167162772,11.005278270937845,2.115996886379026
14.75,46.6,319.0,18.0,7.859999999999999,-41.0,-38.74,4.805798371588579,18109.2,Temuco,La Araucanía,4.760648742880944,0.754709580222772,0.7476192167296632,12.095,21216.037926092813,0.1401532389133968,1.2028910686628806,41.0,0.1240526167162772,70.88552598093153,11.027383446762533
5.37,54.8,320.0,10.0,16.059999999999995,-40.0,-38.74,4.805798371588579,7037.4,Temuco,La Araucanía,4.618240182120547,0.766044443118978,0.7361476605879314,4.833,8477.644588408974,0.14960077549042114,1.4145585957666493,40.0,0.1240526167162772,25.807137255430668,3.9531129373571914
9.71,50.6,35.9,14.9,11.86,35.900000000000006,-38.74,4.805798371588579,12413.3,Temuco,La Araucanía,4.703207572733613,0.810041640445796,0.7927494420276483,8.26321,14494.63222416448,0.1459364962920117,1.3061435209086216,35.9,0.1240526167162772,46.664302188125106,7.697597082088466
5.9,45.2,2.5,12.6,6.460000000000001,2.5,-38.74,4.805798371588579,8265.6,Temuco,La Araucanía,4.7752846482803974,0.9990482215818578,0.9927049090564921,5.1566,9045.276657270788,0.15992570234501974,1.1667527103768716,2.5,0.1240526167162772,28.354210392372618,5.8569589634333035
6.82,39.0,2.6,10.9,0.259999999999998,2.5999999999999943,-38.74,4.805798371588579,9803.1,Temuco,La Araucanía,4.805748890842869,0.9989705697907147,0.9989602843386601,6.07662,10659.098832778345,0.16408729361667937,1.006711409395973,2.6,0.1240526167162772,32.77554489423411,6.812909139189663
7.17,40.4,332.0,18.5,1.6599999999999966,-28.0,-38.74,4.805798371588579,9150.7,Temuco,La Araucanía,4.80378151005842,0.882947592858927,0.8825770440144912,5.84355,10250.2669221182,0.14569044025397554,1.0428497676819823,28.0,0.1240526167162772,34.45757432429011,6.328077405583902
6.36,32.7,2.5,10.1,-6.039999999999999,2.5,-38.74,4.805798371588579,9167.7,Temuco,La Araucanía,4.77911983919381,0.9990482215818578,0.9935021835913798,5.71764,10029.40612548535,0.16455048677522185,0.8440887971089314,2.5,0.1240526167162772,30.56487764330336,6.318673887641175
10.29,27.2,331.4,17.3,-11.540000000000004,-28.600000000000023,-38.74,4.805798371588579,13027.3,Temuco,La Araucanía,4.708650506760271,0.8779829754279804,0.8602347960780758,8.50983,14927.232412120904,0.14452232295396958,0.7021166752710376,28.600000000000023,0.1240526167162772,49.451665243646474,8.8518160516434
14.49,29.7,29.7,19.9,-9.040000000000004,29.69999999999999,-38.74,4.805798371588579,17885.4,Temuco,La Araucanía,4.746105012011802,0.8686315144381913,0.8578421451551144,11.60649,20359.13452077858,0.14090492262022936,0.7666494579246257,29.7,0.1240526167162772,69.6360184043185,12.430132683297607
7.57,39.1,68.2,14.8,0.3599999999999994,68.19999999999999,-38.74,4.805798371588579,8617.5,Temuco,La Araucanía,4.805703509243146,0.37136783555023495,0.371360505067103,6.4496400000000005,11313.419334406386,0.12995150286820725,1.0092927207021167,68.2,0.1240526167162772,36.37989367292554,2.81119902335797
14.65,36.4,12.1,13.7,-2.3400000000000034,12.099999999999994,-38.74,4.805798371588579,20270.0,Temuco,La Araucanía,4.801790981369835,0.9777832367586062,0.9769678968970332,12.64295,22177.20601055768,0.15794723144295356,0.9395973154362415,12.1,0.1240526167162772,70.40494614377268,14.312579689541536
10.68,27.0,344.1,16.1,-11.740000000000002,-15.899999999999975,-38.74,4.805798371588579,14027.4,Temuco,La Araucanía,4.70526587431534,0.9617413095492114,0.9416226428670182,8.960519999999999,15717.795134974214,0.14993458519316608,0.6969540526587507,15.899999999999977,0.1240526167162772,51.32592660856602,10.056529825819755
9.89,38.4,296.7,18.0,-0.3400000000000034,-63.30000000000001,-38.74,4.805798371588579,11132.8,Temuco,La Araucanía,4.805713756688662,0.4493189986158965,0.44931108753033716,8.109800000000002,14225.533226376807,0.1285002608603312,0.991223541559112,63.30000000000001,0.1240526167162772,47.52934589501105,4.443686655675035
5.08,36.2,317.9,12.4,-2.539999999999999,-42.10000000000002,-38.74,4.805798371588579,6696.9,Temuco,La Araucanía,4.801076799856756,0.7419758409756162,0.7412468690368106,4.45008,7805.958334365199,0.1504894294035163,0.9344346928239546,42.10000000000002,0.1240526167162772,24.41345572766998,3.765534094706998
2.82,29.4,38.9,12.5,-9.340000000000003,38.900000000000006,-38.74,4.805798371588579,3701.1,Temuco,La Araucanía,4.742086245415783,0.778243148526021,0.7679257107481199,2.4675,4328.282230891608,0.149822695035461,0.758905524006195,38.9,0.1240526167162772,13.552351407879792,2.165550504309698
13.08,35.8,334.3,16.1,-2.940000000000005,-25.700000000000045,-38.74,4.805798371588579,17238.2,Temuco,La Araucanía,4.799472947428439,0.9010770213220912,0.8998910176822978,10.97412,19249.883929350442,0.15044579894711854,0.9241094475993804,25.69999999999999,0.1240526167162772,62.859842700378614,11.770574511284456
9.46,36.2,350.7,19.4,-2.539999999999999,-9.299999999999956,-38.74,4.805798371588579,12252.1,Temuco,La Araucanía,4.801076799856756,0.9868557164068074,0.9858861563683503,7.624760000000001,13374.716604990113,0.14784794424010733,0.9344346928239546,9.300000000000011,0.1240526167162772,45.46285259522796,9.326483039244595
7.39,33.8,16.4,13.0,-4.940000000000005,16.400000000000006,-38.74,4.805798371588579,10227.7,Temuco,La Araucanía,4.787946854507008,0.9593139745400575,0.9557505271211366,6.4293,11277.740606715874,0.1579899407443108,0.8724832214765099,16.4,0.1240526167162772,35.5148499660396,7.062996395425199
12.56,46.2,37.1,13.8,7.460000000000001,37.099999999999994,-38.74,4.805798371588579,16424.9,Temuco,La Araucanía,4.7651208649918795,0.7975839288252285,0.7908329744535233,10.82672,18991.327171160607,0.14928253061105778,1.1925658234383067,37.1,0.1240526167162772,60.36082754715255,9.932862159136253
6.04,23.5,355.0,19.9,-15.240000000000002,-5.0,-38.74,4.805798371588579,7518.7,Temuco,La Araucanía,4.636793901869943,0.9961946980917455,0.9611617350604938,4.83804,8486.485335093348,0.1421024978076144,0.6066081569437274,5.0,0.1240526167162772,29.027022164395017,5.8054168797653825
12.19,22.9,349.9,11.8,-15.840000000000003,-10.100000000000025,-38.74,4.805798371588579,16622.7,Temuco,La Araucanía,4.623311017531563,0.9845031799744366,0.9471193018999045,10.751579999999999,18859.522864441577,0.155665996156742,0.5911202891068662,10.100000000000023,0.1240526167162772,58.58268214966478,11.545384290159834
6.26,38.8,1.8,10.8,0.0599999999999951,1.8000000000000114,-38.74,4.805798371588579,9016.5,Temuco,La Araucanía,4.805795736515,0.9995065603657316,0.9995060123249847,5.58392,9794.845679724527,0.1644218565363911,1.001548786783686,1.8,0.1240526167162772,30.0842978061445,6.256907637154404
13.97,39.5,344.3,15.9,0.759999999999998,-15.700000000000044,-38.74,4.805798371588579,18779.5,Temuco,La Araucanía,4.805375594832381,0.9626917464264786,0.9626070562954531,11.74877,20608.710202971593,0.15345587249912565,1.0196179659266906,15.699999999999989,0.1240526167162772,67.13700325109245,13.44762057644748
5.48,42.0,345.7,10.2,3.259999999999998,-14.299999999999956,-38.74,4.805798371588579,7866.6,Temuco,La Araucanía,4.798021439281449,0.9690157314068697,0.9674476319642782,4.9210400000000005,8632.076996760627,0.16387111288871112,1.0841507485802788,14.300000000000011,0.1240526167162772,26.335775076305413,5.301613023164245
3.79,34.4,10.3,11.8,-4.340000000000003,10.300000000000011,-38.74,4.805798371588579,5353.7,Temuco,La Araucanía,4.792017963399407,0.9838850379335415,0.9810637923494365,3.34278,5863.625238411287,0.1612540812761292,0.8879710893133711,10.3,0.1240526167162772,18.213975828320713,3.7182317730043644
11.08,31.4,4.6,16.2,-7.340000000000003,4.599999999999994,-38.74,4.805798371588579,14835.7,Temuco,La Araucanía,4.766417223419181,0.9967788784562471,0.9886107670064036,9.28504,16287.04099092921,0.15284955409392875,0.8105317501290655,4.6,0.1240526167162772,53.248245957201455,10.953807298430952
4.12,38.7,53.3,16.6,-0.0399999999999991,53.30000000000001,-38.74,4.805798371588579,4951.9,Temuco,La Araucanía,4.805797200444706,0.5976251469755209,0.5976250013379026,3.43608,6027.2842990565505,0.13720519129316838,0.9989674754775426,53.3,0.1240526167162772,19.799889290944947,2.4622150055121588
14.34,35.2,11.0,15.1,-3.539999999999999,11.0,-38.74,4.805798371588579,19517.5,Temuco,La Araucanía,4.796628597193214,0.981627183447664,0.979754175236211,12.17466,21355.77083896528,0.15537134687275114,0.9086215797625193,11.0,0.1240526167162772,68.91514864858021,14.049674872887266
10.52,51.1,28.8,13.8,12.36,28.80000000000001,-38.74,4.805798371588579,13838.1,Temuco,La Araucanía,4.694409355154227,0.8763066800438635,0.855995603374063,9.06824,15906.74855418866,0.15016081566748268,1.3190500774393392,28.8,0.1240526167162772,50.556998869111844,9.005073747495143
5.0,36.1,333.2,15.8,-2.640000000000001,-26.799999999999955,-38.74,4.805798371588579,6605.8,Temuco,La Araucanía,4.800697771176363,0.8925858184521258,0.8916384787508911,4.21,7384.8300677015895,0.15081735159817353,0.931853381517811,26.80000000000001,0.1240526167162772,24.028991857942895,4.458192393754455
4.71,38.3,13.1,16.4,-0.4400000000000048,13.099999999999994,-38.74,4.805798371588579,6314.9,Temuco,La Araucanía,4.8056566638706855,0.9739759672790517,0.9739472478237325,3.9375600000000004,6906.938594151799,0.15305286527256687,0.9886422302529684,13.1,0.1240526167162772,22.635310330182207,4.58729153724978
14.01,58.5,341.9,18.0,19.76,-18.100000000000023,-38.74,4.805798371588579,17216.2,Temuco,La Araucanía,4.522818658186265,0.9505157316277836,0.8945465359764251,11.4882,20151.64009115663,0.14027977406875064,1.5100671140939597,18.100000000000023,0.1240526167162772,67.329235185956,12.532596969029715
9.9,37.2,9.9,17.9,-1.5399999999999991,9.900000000000006,-38.74,4.805798371588579,13058.9,Temuco,La Araucanía,4.804062548017987,0.9851093261547739,0.9847535109799096,8.1279,14257.282733318707,0.15058000092246668,0.9602478058853898,9.9,0.1240526167162772,47.57740387872693,9.749059758701105
13.62,43.2,17.2,16.6,4.460000000000001,17.19999999999999,-38.74,4.805798371588579,18054.1,Temuco,La Araucanía,4.791245768065953,0.9552783621223437,0.9523856508217831,11.359079999999999,19925.148580861704,0.15131940672795177,1.115126484254001,17.2,0.1240526167162772,65.45497382103645,12.971492564192685
3.43,43.9,1.2,18.9,5.159999999999997,1.1999999999999886,-38.74,4.805798371588579,4471.2,Temuco,La Araucanía,4.786322534384957,0.9997806834748455,0.995729001667761,2.7817300000000005,4879.478229032671,0.14880785973880745,1.1331956633970055,1.2,0.1240526167162772,16.483888414548826,3.4153504757204205
14.03,44.6,60.2,18.4,5.859999999999999,60.19999999999999,-38.74,4.805798371588579,15902.8,Temuco,La Araucanía,4.780684890952106,0.4969739610275554,0.49437694280455174,11.44848,20081.96658752501,0.1293933091841683,1.1512648425400103,60.2,0.1240526167162772,67.42535115338775,6.936108507547861
8.76,41.1,35.7,11.3,2.359999999999999,35.69999999999999,-38.74,4.805798371588579,11920.0,Temuco,La Araucanía,4.801722195954379,0.8120835268918064,0.8113947349722741,7.7701199999999995,13629.694965712462,0.15533454264923585,1.060918946824987,35.7,0.1240526167162772,42.09879373511595,7.107817878357121
10.69,40.3,29.4,19.6,1.5599999999999952,29.40000000000001,-38.74,4.805798371588579,13412.4,Temuco,La Araucanía,4.804017171726514,0.8712138111201894,0.8708909082848622,8.59476,15076.20951845105,0.14322693081486987,1.0402684563758389,29.4,0.1240526167162772,51.37398459228191,9.309823809565176
6.85,39.5,19.1,18.9,0.759999999999998,19.09999999999999,-38.74,4.805798371588579,8832.9,Temuco,La Araucanía,4.805375594832381,0.9449489121575309,0.9448657829030419,5.55535,9744.730574015683,0.1472002799720028,1.0196179659266906,19.1,0.1240526167162772,32.919718845381766,6.472330612885837
2.77,34.1,44.1,13.2,-4.640000000000001,44.099999999999994,-38.74,4.805798371588579,3582.3,Temuco,La Araucanía,4.790048069746961,0.7181262977631889,0.7157727437695296,2.40436,4217.527321040141,0.14763117551060778,0.8802271553949407,44.1,0.1240526167162772,13.312061489300364,1.982690500241597
14.45,41.3,324.1,10.2,2.559999999999995,-35.89999999999998,-38.74,4.805798371588579,19900.0,Temuco,La Araucanía,4.801002164077377,0.8100416404457962,0.8092332153934134,12.976099999999999,22761.589891093252,0.1572103458627609,1.066081569437274,35.89999999999998,0.1240526167162772,69.44378646945496,11.693419962434824
14.93,55.0,34.3,16.0,16.259999999999998,34.30000000000001,-38.74,4.805798371588579,18557.6,Temuco,La Araucanía,4.613571244385206,0.8260982944957638,0.7930551891342636,12.5412,21998.72466628484,0.14189199521664264,1.4197212183789365,34.3,0.1240526167162772,71.75056968781747,11.840313973774556
6.74,48.4,335.2,14.4,9.659999999999997,-24.799999999999955,-38.74,4.805798371588579,8962.8,Temuco,La Araucanía,4.737656267549674,0.907777478532909,0.894905971531687,5.76944,10120.269355296974,0.15180277224503066,1.249354672173464,24.80000000000001,0.1240526167162772,32.391081024507024,6.031666248123571
14.27,41.2,345.9,17.5,2.460000000000001,-14.100000000000025,-38.74,4.805798371588579,18835.4,Temuco,La Araucanía,4.801369492917954,0.9698720152847466,0.968978210520251,11.772749999999998,20650.773914378595,0.1506769318396355,1.0635002581311306,14.100000000000023,0.1240526167162772,68.57874276256902,13.827319064123982
4.18,45.6,14.0,15.2,6.859999999999999,14.0,-38.74,4.805798371588579,5633.3,Temuco,La Araucanía,4.771393523260881,0.9702957262759965,0.9633493513525507,3.54464,6217.711176051725,0.15384468331476264,1.1770779556014455,14.0,0.1240526167162772,20.088237193240257,4.026800288653662
4.01,31.8,30.8,10.8,-6.940000000000001,30.80000000000001,-38.74,4.805798371588579,5526.1,Temuco,La Araucanía,4.7705873858700345,0.8589598969306643,0.8526664941856734,3.57692,6274.334053625456,0.15731504571903576,0.8208569953536397,30.8,0.1240526167162772,19.2712514700702,3.41919264168455
2.95,36.7,331.2,12.4,-2.039999999999999,-28.80000000000001,-38.74,4.805798371588579,4033.9,Temuco,La Araucanía,4.802752548037945,0.8763066800438635,0.8757512935467031,2.5842,4532.98761542861,0.15609859917963007,0.9473412493546722,28.80000000000001,0.1240526167162772,14.177105196186309,2.583466315962774
7.09,46.3,347.2,18.8,7.559999999999995,-12.799999999999956,-38.74,4.805798371588579,9142.7,Temuco,La Araucanía,4.764024599137167,0.9751493543055634,0.966672996355607,5.75708,10098.58847652339,0.14720553097487618,1.19514713474445,12.800000000000011,0.1240526167162772,34.07311045456302,6.8537115441612535
2.68,50.6,2.4,10.4,11.86,2.4000000000000057,-38.74,4.805798371588579,3791.2,Temuco,La Araucanía,4.703207572733613,0.9991228300988584,0.9777942596161576,2.4012800000000003,4212.124642510801,0.1614870851223335,1.3061435209086216,2.4,0.1240526167162772,12.879539635857393,2.6204886157713028
7.13,32.6,355.3,17.4,-6.140000000000001,-4.7000000000000455,-38.74,4.805798371588579,9444.0,Temuco,La Araucanía,4.7782299837595215,0.9966373868180365,0.9909201919046644,5.88938,10330.658076988215,0.15120367346154587,0.8415074858027878,4.699999999999989,0.1240526167162772,34.265342389426564,7.065260968280257
3.8,34.9,21.4,12.9,-3.8400000000000034,21.40000000000001,-38.74,4.805798371588579,5233.4,Temuco,La Araucanía,4.795009148685211,0.9310558158625283,0.9289655557317236,3.3097999999999996,5805.774479353615,0.15721581350636865,0.9008776458440887,21.4,0.1240526167162772,18.2620338120366,3.5300691117805494
11.5,56.2,85.9,14.5,17.46,85.89999999999998,-38.74,4.805798371588579,11071.1,Temuco,La Araucanía,4.584379143911727,0.07149744433268641,0.06820331759640823,9.8325,17247.349558355316,0.10989775660115149,1.4506969540526589,85.9,0.1240526167162772,55.26668127326866,0.7843381523586946
12.83,39.5,10.5,15.3,0.759999999999998,10.5,-38.74,4.805798371588579,17461.5,Temuco,La Araucanía,4.805375594832381,0.9832549075639546,0.983168408445974,10.86701,19062.000521143433,0.15536414012534833,1.0196179659266906,10.5,0.1240526167162772,61.658393107481466,12.614050680361846
10.94,53.3,341.6,12.5,14.559999999999995,-18.399999999999977,-38.74,4.805798371588579,14757.2,Temuco,La Araucanía,4.65145973518879,0.9488760116444966,0.9184027752691485,9.5725,16791.279292891562,0.1539864599767933,1.3758389261744965,18.399999999999977,0.1240526167162772,52.57543418517905,10.047326361444483
4.61,40.4,327.6,16.5,1.6599999999999966,-32.39999999999998,-38.74,4.805798371588579,5955.5,Temuco,La Araucanía,4.80378151005842,0.8443279255020153,0.8439735842708369,3.8493500000000003,6752.207986011191,0.147473231707921,1.0428497676819823,32.39999999999998,0.1240526167162772,22.15473049302335,3.8907182234885584
11.97,40.7,351.9,16.9,1.9600000000000009,-8.100000000000023,-38.74,4.805798371588579,15991.4,Temuco,La Araucanía,4.802986729239036,0.9900236577165575,0.9894444423130272,9.94707,17448.318674948325,0.15250645639975127,1.050593701600413,8.100000000000023,0.1240526167162772,57.52540650791529,11.843649974486937
5.24,36.3,336.5,10.9,-2.440000000000005,-23.5,-38.74,4.805798371588579,7377.3,Temuco,La Araucanía,4.801441203624592,0.917060074385124,0.9162286236108292,4.66884,8189.6888392607825,0.16071708668827775,0.937016004130098,23.5,0.1240526167162772,25.182383467124154,4.801037987720745
11.87,46.3,11.7,13.7,7.559999999999995,11.699999999999989,-38.74,4.805798371588579,16297.0,Temuco,La Araucanía,4.764024599137167,0.9792228106217659,0.9707110446866868,10.24381,17968.83517715492,0.15673025508457297,1.19514713474445,11.7,0.1240526167162772,57.04482667075643,11.522340100430972
9.38,49.6,11.3,17.4,10.86,11.300000000000011,-38.74,4.805798371588579,12205.8,Temuco,La Araucanía,4.719728862752276,0.980614658546613,0.96305232748467,7.747880000000001,13590.683416851258,0.14854543330315154,1.2803304078471864,11.3,0.1240526167162772,45.07838872550087,9.033430831806205
6.77,30.5,348.4,17.2,-8.240000000000002,-11.600000000000025,-38.74,4.805798371588579,8899.0,Temuco,La Araucanía,4.75618530809212,0.979575249599344,0.9694625221604967,5.6055600000000005,9832.804758742357,0.15005429540748536,0.7872999483737738,11.600000000000023,0.1240526167162772,32.535254975654674,6.563261275026562
3.09,35.9,49.6,15.4,-2.8400000000000034,49.599999999999994,-38.74,4.805798371588579,3816.1,Temuco,La Araucanía,4.799895843740799,0.648119901063131,0.6473238739581777,2.61414,4585.505860613167,0.1409798879874688,0.9266907589055239,49.6,0.1240526167162772,14.849916968208708,2.000230770530769
12.76,46.1,341.6,17.8,7.359999999999999,-18.399999999999977,-38.74,4.805798371588579,16571.2,Temuco,La Araucanía,4.766202615462048,0.9488760116444966,0.9410580675181868,10.488719999999999,18398.43582605772,0.14825152803423944,1.189984512132163,18.399999999999977,0.1240526167162772,61.321987221470266,12.007900941532062
14.22,37.7,357.0,11.1,-1.0399999999999991,-3.0,-38.74,4.805798371588579,20385.3,Temuco,La Araucanía,4.805006700035313,0.9986295347545738,0.9984650279372279,12.641580000000001,22174.802871081964,0.1636490183611737,0.9731543624161074,3.0,0.1240526167162772,68.3384528439896,14.198172697267381
10.66,34.8,16.0,11.2,-3.940000000000005,16.0,-38.74,4.805798371588579,15087.7,Temuco,La Araucanía,4.794440117419999,0.9612616959383189,0.9589898039818158,9.46608,16604.60622500443,0.1615703736067919,0.8982963345379451,16.0,0.1240526167162772,51.22981064113425,10.222831310446157
14.54,46.8,22.3,16.6,8.059999999999995,22.30000000000001,-38.74,4.805798371588579,19010.1,Temuco,La Araucanía,4.758325657522,0.925209718385782,0.916070297000105,12.126359999999998,21271.047016573357,0.14925053230577903,1.2080536912751676,22.3,0.1240526167162772,69.87630832289793,13.319662118381526
14.14,47.6,31.9,16.9,8.86,31.90000000000001,-38.74,4.805798371588579,18008.3,Temuco,La Araucanía,4.748453822776486,0.8489716876291414,0.838841446071537,11.75034,20611.46416572843,0.14538486627527722,1.2287041817243158,31.9,0.1240526167162772,67.9539889742625,11.861218047451533
4.53,35.1,10.7,18.1,-3.640000000000001,10.699999999999989,-38.74,4.805798371588579,5944.8,Temuco,La Araucanía,4.796103390238444,0.9826127965436152,0.9806305217995865,3.71007,6507.894653035068,0.14980797725966918,0.9060402684563759,10.7,0.1240526167162772,21.770266623296262,4.442256263752127
11.51,40.4,26.3,11.8,1.6599999999999966,26.30000000000001,-38.74,4.805798371588579,15936.1,Temuco,La Araucanía,4.80378151005842,0.8964864303834404,0.8961101996608952,10.15182,17807.474009001035,0.15805295375472592,1.0428497676819823,26.3,0.1240526167162772,55.31473925698454,10.314228398096903
6.54,29.1,343.4,15.2,-9.64,-16.600000000000023,-38.74,4.805798371588579,8732.9,Temuco,La Araucanía,4.737937472129898,0.9583225744651331,0.9447904562099794,5.54592,9728.189256310594,0.152432170136707,0.7511615900877646,16.600000000000023,0.1240526167162772,31.429921350189307,6.178929583613265
8.34,31.6,23.0,16.6,-7.140000000000001,23.0,-38.74,4.805798371588579,10908.2,Temuco,La Araucanía,4.768531356169467,0.9205048534524404,0.9133667120002761,6.955559999999999,12200.861906342627,0.14930795089955434,0.8156943727413526,23.0,0.1240526167162772,40.08035841904875,7.6174783780823025
4.04,39.7,22.6,12.2,0.9600000000000009,22.59999999999999,-38.74,4.805798371588579,5609.6,Temuco,La Araucanía,4.805123808472041,0.923210217112981,0.9230806312433455,3.54712,6222.061384737688,0.15850626158506262,1.0247805885389778,22.6,0.1240526167162772,19.415425421217858,3.7292457502231158
14.67,39.0,37.8,15.2,0.259999999999998,37.80000000000001,-38.74,4.805798371588579,18997.7,Temuco,La Araucanía,4.805748890842869,0.7901550123756902,0.7901468768992895,12.440159999999999,21821.48874466,0.14783143930551276,1.006711409395973,37.8,0.1240526167162772,70.50106211120445,11.591454684112577
11.44,31.0,318.3,16.4,-7.740000000000002,-41.69999999999999,-38.74,4.805798371588579,14291.0,Temuco,La Araucanía,4.76201475251727,0.7466381822853915,0.739835874067356,9.56384,16776.088644818807,0.1426042564741195,0.8002065049044914,41.69999999999999,0.1240526167162772,54.97833337097334,8.463722399330551
5.47,33.0,337.3,12.1,-5.740000000000002,-22.700000000000045,-38.74,4.805798371588579,7564.2,Temuco,La Araucanía,4.781702046708717,0.922538089456246,0.9179124735234168,4.80813,8434.019713400961,0.15785980816909168,0.8518327310273619,22.69999999999999,0.1240526167162772,26.287717092589524,5.020981230173089
6.83,30.2,20.6,13.8,-8.540000000000003,20.59999999999999,-38.74,4.805798371588579,9246.8,Temuco,La Araucanía,4.752513754953086,0.9360595357389734,0.9256809119072454,5.88746,10327.290173489406,0.15454916197008897,0.7795560144553433,20.6,0.1240526167162772,32.823602877949995,6.322400628326487
7.49,42.4,293.7,12.2,3.6599999999999966,-66.30000000000001,-38.74,4.805798371588579,8872.8,Temuco,La Araucanía,4.795996595623988,0.40194777665596004,0.40112797487660556,6.57622,11535.455389031009,0.13523053569142415,1.0944759938048527,66.30000000000001,0.1240526167162772,35.995429803198455,3.004448531825776
11.72,23.0,12.3,19.0,-15.740000000000002,12.300000000000011,-38.74,4.805798371588579,14649.7,Temuco,La Araucanía,4.625593413745418,0.9770455744352636,0.9404089028693373,9.493200000000002,16652.177861925116,0.1426911418641981,0.5937016004130098,12.3,0.1240526167162772,56.323956915018144,11.021592341628635
14.03,30.6,26.5,12.4,-8.14,26.5,-38.74,4.805798371588579,19122.5,Temuco,La Araucanía,4.757380187734522,0.8949343616020251,0.8859179416220423,12.29028,21558.581777784202,0.15559043406659573,0.7898812596799174,26.5,0.1240526167162772,67.42535115338775,12.429428720957253
6.18,23.8,345.6,11.2,-14.94,-14.399999999999975,-38.74,4.805798371588579,8486.4,Temuco,La Araucanía,4.643344755508524,0.9685831611286312,0.9358414968237294,5.487839999999999,9626.310175471612,0.15675843418894356,0.6143520908621579,14.399999999999977,0.1240526167162772,29.699833936417416,5.7835004503706475
8.14,42.1,349.2,10.4,3.359999999999999,-10.799999999999956,-38.74,4.805798371588579,11705.7,Temuco,La Araucanía,4.797537148031449,0.9822872507286888,0.980598687466534,7.29344,12793.542757476838,0.16416058025647065,1.0867320598864223,10.800000000000011,0.1240526167162772,39.11919874473104,7.982073315977587
9.71,24.3,333.1,10.4,-14.44,-26.899999999999977,-38.74,4.805798371588579,13218.4,Temuco,La Araucanía,4.653979869703546,0.8917975296052143,0.8636250274607511,8.70016,15261.093387604433,0.15540162427286278,0.6272586473928755,26.899999999999977,0.1240526167162772,46.664302188125106,8.385799016643894
7.11,39.0,347.0,11.9,0.259999999999998,-13.0,-38.74,4.805798371588579,10044.2,Temuco,La Araucanía,4.805748890842869,0.9743700647852352,0.9743600326212377,6.26391,10987.627294388756,0.16126556589535607,1.006711409395973,13.0,0.1240526167162772,34.1692264219948,6.927699831937001
8.55,51.9,347.7,16.1,13.159999999999997,-12.299999999999956,-38.74,4.805798371588579,11215.2,Temuco,La Araucanía,4.6795889012585,0.9770455744352637,0.9513864862040899,7.17345,12583.066329965313,0.1497396459184491,1.3397005678884872,12.300000000000011,0.1240526167162772,41.089576077082356,8.134354457044969
3.37,52.1,342.9,10.2,13.36,-17.100000000000023,-38.74,4.805798371588579,4704.5,Temuco,La Araucanía,4.675741124895983,0.95579301479833,0.9299268010496254,3.02626,5308.412313701333,0.15936005311437204,1.3448631905007744,17.100000000000023,0.1240526167162772,16.195540512253512,3.133853319537238
4.18,24.3,341.6,12.9,-14.44,-18.399999999999977,-38.74,4.805798371588579,5616.8,Temuco,La Araucanía,4.653979869703546,0.9488760116444966,0.9189003606862368,3.64078,6386.351927288976,0.15339407048130915,0.6272586473928755,18.399999999999977,0.1240526167162772,20.088237193240257,3.8410035076684697
7.21,41.1,353.2,10.6,2.359999999999999,-6.7999999999999545,-38.74,4.805798371588579,10381.1,Temuco,La Araucanía,4.801722195954379,0.992965508106537,0.99212329595014,6.44574,11306.578280424428,0.1643629788662373,1.060918946824987,6.800000000000011,0.1240526167162772,34.64980625915365,7.15320896380051
13.89,30.8,352.9,14.0,-7.940000000000001,-7.100000000000023,-38.74,4.805798371588579,19051.2,Temuco,La Araucanía,4.759726468008362,0.9923319378854887,0.9828187170162751,11.945400000000001,20953.622111810586,0.15657267966507885,0.7950438822922045,7.100000000000023,0.1240526167162772,66.75253938136537,13.651351979356061
6.54,29.2,46.9,10.5,-9.540000000000004,46.900000000000006,-38.74,4.805798371588579,8549.1,Temuco,La Araucanía,4.739334834798561,0.683273773680799,0.6738241904724889,5.8533,10267.369557073092,0.14922395375141384,0.7537429013939081,46.9,0.1240526167162772,31.429921350189307,4.4068102056900775
5.25,37.8,350.1,16.1,-0.9400000000000048,-9.899999999999975,-38.74,4.805798371588579,7078.2,Temuco,La Araucanía,4.805151621865561,0.985109326154774,0.9849767531388941,4.40475,7726.444237698,0.15390737116764514,0.9757356737222508,9.899999999999977,0.1240526167162772,25.23044145084004,5.171127953979194
11.66,48.6,8.6,16.9,9.86,8.599999999999994,-38.74,4.805798371588579,15360.0,Temuco,La Araucanía,4.734812477638304,0.9887563810470059,0.9741515744819608,9.68946,16996.440747694025,0.15037947320190792,1.254517294785751,8.6,0.1240526167162772,56.03560901272283,11.358607358459663
14.34,43.5,345.6,17.3,4.759999999999998,-14.399999999999975,-38.74,4.805798371588579,18911.7,Temuco,La Araucanía,4.78922333909618,0.9685831611286312,0.9652425512807007,11.859179999999999,20802.38219531718,0.1505488049521408,1.1228704181724316,14.399999999999977,0.1240526167162772,68.91514864858021,13.841578185365247
7.97,33.0,345.3,12.2,-5.740000000000002,-14.700000000000044,-38.74,4.805798371588579,11133.9,Temuco,La Araucanía,4.781702046708717,0.9672677527758766,0.9624178618286213,6.99766,12274.710207019645,0.1594721644523126,0.8518327310273619,14.699999999999989,0.1240526167162772,38.30221302156097,7.670470358774112
2.11,44.4,317.4,18.7,5.659999999999997,-42.60000000000002,-38.74,4.805798371588579,2568.9,Temuco,La Araucanía,4.78236849810443,0.7360970871197341,0.7325083677666238,1.7154299999999998,3009.0639057095814,0.1389826657144712,1.146102219927723,42.60000000000002,0.1240526167162772,10.1402345640519,1.5455926559875761
10.95,20.8,320.7,16.9,-17.94,-39.30000000000001,-38.74,4.805798371588579,13148.9,Temuco,La Araucanía,4.572138516106513,0.7738402097265061,0.736215786563048,9.09945,15961.494527208368,0.13707908508996894,0.5369127516778524,39.30000000000001,0.1240526167162772,52.623492168894934,8.061562862865374
7.4,32.7,329.8,10.6,-6.039999999999999,-30.19999999999999,-38.74,4.805798371588579,10247.2,Temuco,La Araucanía,4.77911983919381,0.8642748019537048,0.8594769345612194,6.615600000000001,11604.532493084713,0.1580772553375293,0.8440887971089314,30.19999999999999,0.1240526167162772,35.562907949755484,6.360129315753024
10.76,32.1,4.6,14.4,-6.640000000000001,4.599999999999994,-38.74,4.805798371588579,14745.9,Temuco,La Araucanía,4.773562432594915,0.9967788784562471,0.9900927670900169,9.21056,16156.394401037896,0.15644255741712076,0.8286009292720702,4.6,0.1240526167162772,51.71039047829311,10.653398173888581
5.61,39.4,26.9,17.7,0.6599999999999966,26.90000000000001,-38.74,4.805798371588579,7247.0,Temuco,La Araucanía,4.805479531182002,0.891797529605214,0.8917383633512563,4.61703,8098.8080682851,0.14746579412171676,1.0170366546205472,26.9,0.1240526167162772,26.960528864611927,5.002652218400549
2.03,37.1,315.3,13.1,-1.6400000000000006,-44.69999999999999,-38.74,4.805798371588579,2633.1,Temuco,La Araucanía,4.803829813067778,0.7107994738729927,0.7105083150992194,1.7640699999999998,3094.384127679416,0.14807004521222755,0.9576664945792462,44.69999999999999,0.1240526167162772,9.755770694324815,1.4423318796514153
6.48,37.6,346.3,13.8,-1.1400000000000006,-13.700000000000044,-38.74,4.805798371588579,8942.3,Temuco,La Araucanía,4.804847141321351,0.971549119997646,0.9713568175210161,5.5857600000000005,9798.073253910887,0.15753248492023222,0.9705730511099638,13.699999999999989,0.1240526167162772,31.141573447893993,6.294392177536185
11.16,37.3,325.8,16.3,-1.4400000000000048,-34.19999999999999,-38.74,4.805798371588579,14405.4,Temuco,La Araucanía,4.804280648960532,0.8270805742745619,0.8268193733656316,9.34092,16385.061015675805,0.1473523346590072,0.9628291171915332,34.19999999999999,0.1240526167162772,53.63270982692854,9.227304206760449
7.11,38.9,353.4,10.6,0.1599999999999966,-6.600000000000023,-38.74,4.805798371588579,10244.4,Temuco,La Araucanía,4.8057796332980365,0.9933727656003963,0.9933688923402095,6.35634,11149.760273761123,0.16447989518910272,1.0041300980898296,6.600000000000023,0.1240526167162772,34.1692264219948,7.06285282453889
4.85,43.1,26.9,19.7,4.359999999999999,26.90000000000001,-38.74,4.805798371588579,6095.5,Temuco,La Araucanía,4.791890723818444,0.891797529605214,0.889216729295873,3.8945499999999997,6831.49404754566,0.14347079037800686,1.1125451729478575,26.9,0.1240526167162772,23.308122102204607,4.312701137084984
8.03,39.9,348.8,11.7,1.1599999999999966,-11.200000000000044,-38.74,4.805798371588579,11380.6,Temuco,La Araucanía,4.804813473194499,0.9809551553491914,0.9807541187924188,7.090489999999999,12437.544832954261,0.16178770250828803,1.0299432111512647,11.199999999999989,0.1240526167162772,38.59056092385629,7.875455573903122
11.78,36.5,358.8,10.3,-2.240000000000002,-1.2000000000000457,-38.74,4.805798371588579,17041.6,Temuco,La Araucanía,4.802126132026999,0.9997806834748455,0.9990167242125374,10.566659999999999,18535.15165871251,0.16514330457163678,0.9421786267423851,1.1999999999999886,0.1240526167162772,56.61230481731346,11.76841701122369
3.55,42.0,36.4,10.1,3.259999999999998,36.400000000000006,-38.74,4.805798371588579,4890.4,Temuco,La Araucanía,4.798021439281449,0.804893797355914,0.8035912864945612,3.19145,5598.174802747325,0.15725770145990095,1.0841507485802788,36.4,0.1240526167162772,17.060584219139454,2.8527490670556923
10.99,45.3,11.4,14.0,6.559999999999995,11.400000000000006,-38.74,4.805798371588579,15077.2,Temuco,La Araucanía,4.774333679245887,0.9802711746217219,0.9738531086653497,9.4514,16578.855796169788,0.15660978639776302,1.1693340216830148,11.4,0.1240526167162772,52.815724103758484,10.702645664232193
10.68,34.3,341.0,18.8,-4.440000000000005,-19.0,-38.74,4.805798371588579,13745.6,Temuco,La Araucanía,4.791375926877202,0.9455185755993168,0.9426810263877686,8.67216,15211.978128246797,0.146922511244506,0.8853897780072275,19.0,0.1240526167162772,51.32592660856602,10.06783336182137
6.82,38.3,4.0,18.2,-0.4400000000000048,4.0,-38.74,4.805798371588579,8995.1,Temuco,La Araucanía,4.8056566638706855,0.9975640502598242,0.9975346352669169,5.578760000000001,9785.794439071478,0.15056274186853064,0.9886422302529684,4.0,0.1240526167162772,32.77554489423411,6.803186212520373
14.61,48.0,339.3,19.1,9.259999999999998,-20.700000000000045,-38.74,4.805798371588579,18514.8,Temuco,La Araucanía,4.743170632885596,0.935444030829867,0.9232536017264686,11.819489999999998,20732.761315177733,0.14466541025568902,1.23902942694889,20.69999999999999,0.1240526167162772,70.21271420890913,13.488735121223707
13.63,29.9,10.5,15.3,-8.840000000000003,10.5,-38.74,4.805798371588579,18322.4,Temuco,La Araucanía,4.748711909248744,0.9832549075639546,0.9715751532523826,11.54461,20250.589797598208,0.15345547861452544,0.7718120805369126,10.5,0.1240526167162772,65.50303180475234,13.242569338829977
6.11,53.2,12.9,14.5,14.46,12.900000000000006,-38.74,4.805798371588579,8112.4,Temuco,La Araucanía,4.653561264669809,0.9747611941912218,0.9438829066172666,5.22405,9163.59180883052,0.15156678549275457,1.373257614868353,12.9,0.1240526167162772,29.363428050406217,5.767124559431499
2.4,28.0,325.8,13.9,-10.740000000000002,-34.19999999999999,-38.74,4.805798371588579,3138.3,Temuco,La Araucanía,4.721614900417669,0.8270805742745619,0.812592552036241,2.0664,3624.706140593483,0.1492722602739726,0.7227671657201858,34.19999999999999,0.1240526167162772,11.53391609181259,1.9502221248869784
6.01,36.0,4.4,10.5,-2.740000000000002,4.400000000000006,-38.74,4.805798371588579,8662.8,Temuco,La Araucanía,4.800304118738,0.9970527522269202,0.9959128667172645,5.37895,9435.30444006258,0.16454311307637953,0.9292720702116675,4.4,0.1240526167162772,28.882848213247357,5.98543632897076
4.66,31.1,357.1,19.1,-7.640000000000001,-2.8999999999999773,-38.74,4.805798371588579,6029.3,Temuco,La Araucanía,4.763137137619126,0.9987193571841863,0.9898536918207491,3.7699399999999996,6612.913602240124,0.14769876731926235,0.802787816210635,2.8999999999999773,0.1240526167162772,22.39502041160278,4.6127182038846914
9.11,56.2,13.6,15.0,17.46,13.599999999999994,-38.74,4.805798371588579,11842.2,Temuco,La Araucanía,4.584379143911727,0.9719610005785463,0.9271795017640251,7.743499999999999,13583.000386994596,0.1483918018735997,1.4506969540526589,13.6,0.1240526167162772,43.78082316517195,8.446605261070268
13.94,34.7,20.8,14.6,-4.039999999999999,20.80000000000001,-38.74,4.805798371588579,18862.0,Temuco,La Araucanía,4.793856481458715,0.9348256763960144,0.9325027355119159,11.90476,20882.334821085788,0.1544617178645598,0.8957150232318017,20.8,0.1240526167162772,66.99282929994479,12.999088133036107
13.31,34.7,11.9,15.2,-4.039999999999999,11.900000000000006,-38.74,4.805798371588579,18084.2,Temuco,La Araucanía,4.793856481458715,0.9785089851017784,0.9760774959115011,11.28688,19798.501376375232,0.1551019077906885,0.8957150232318017,11.9,0.1240526167162772,63.965176325843984,12.99159147058208
5.98,35.8,352.4,17.9,-2.940000000000005,-7.600000000000023,-38.74,4.805798371588579,7883.9,Temuco,La Araucanía,4.799472947428439,0.9912155402515417,0.989910895686493,4.90958,8611.974822752109,0.15049976329011466,0.9241094475993804,7.600000000000023,0.1240526167162772,28.738674262099703,5.919667156205229
7.57,39.5,23.3,12.2,0.759999999999998,23.30000000000001,-38.74,4.805798371588579,10498.4,Temuco,La Araucanía,4.805375594832381,0.9184463813430871,0.9183655835750948,6.64646,11658.664525362448,0.1583153881881737,1.0196179659266906,23.3,0.1240526167162772,36.37989367292554,6.952027467663468
2.48,36.1,338.2,17.1,-2.640000000000001,-21.799999999999955,-38.74,4.805798371588579,3247.3,Temuco,La Araucanía,4.800697771176363,0.9284858268809139,0.9275003849573985,2.05592,3606.3230006624826,0.14947433348063044,0.931853381517811,21.80000000000001,0.1240526167162772,11.918379961539676,2.3002009546943483
9.07,37.7,327.0,17.1,-1.0399999999999991,-33.0,-38.74,4.805798371588579,11633.9,Temuco,La Araucanía,4.805006700035313,0.838670567945424,0.8385324115809938,7.51903,13189.253877422869,0.14642456188045289,0.9731543624161074,33.0,0.1240526167162772,43.58859123030841,7.605488973039614
2.82,10.5,280.1,18.5,-28.24,-79.89999999999998,-38.74,4.805798371588579,2508.3,Temuco,La Araucanía,4.2337802170946,0.17536672609198753,0.1544934094726657,2.2983,4031.485735059041,0.10153745263771496,0.2710376871450697,79.89999999999998,0.1240526167162772,13.552351407879792,0.43567141471291726
14.2,39.2,358.2,10.1,0.4600000000000008,-1.7999999999999543,-38.74,4.805798371588579,20599.7,Temuco,La Araucanía,4.805643488637106,0.9995065603657316,0.9994743479185759,12.7658,22392.6992109893,0.1656030934465239,1.0118740320082602,1.8000000000000114,0.1240526167162772,68.24233687655781,14.192535740443777
13.27,38.9,339.5,11.7,0.1599999999999966,-20.5,-38.74,4.805798371588579,18602.0,Temuco,La Araucanía,4.8057796332980365,0.9366721892483976,0.9366685370694529,11.71741,20553.70111249104,0.16002381173588243,1.0041300980898296,20.5,0.1240526167162772,63.77294439098044,12.429591486911638
4.78,47.0,9.9,14.7,8.259999999999998,9.900000000000006,-38.74,4.805798371588579,6490.3,Temuco,La Araucanía,4.7559445934665545,0.9851093261547739,0.9748901246871469,4.07734,7152.128985330736,0.15500038210962724,1.2132163138874548,9.9,0.1240526167162772,22.971716216193407,4.659974796004562
11.09,49.2,310.7,18.5,10.46,-49.30000000000001,-38.74,4.805798371588579,13035.5,Temuco,La Araucanía,4.725935096846353,0.6520984038303921,0.6412617623491436,9.03835,15854.318014824383,0.1341813143602983,1.2700051626226123,49.30000000000001,0.1240526167162772,53.29630394091734,7.111592944452002
9.38,37.2,343.8,19.7,-1.5399999999999991,-16.200000000000045,-38.74,4.805798371588579,12040.5,Temuco,La Araucanía,4.804062548017987,0.9602936856769428,0.9599468337523712,7.532140000000001,13212.250343500678,0.1465337208283436,0.9602478058853898,16.19999999999999,0.1240526167162772,45.07838872550087,9.004301300597243
12.42,45.3,11.8,15.9,6.559999999999995,11.800000000000011,-38.74,4.805798371588579,16642.8,Temuco,La Araucanía,4.774333679245887,0.978867388761685,0.9724585137215322,10.445219999999999,18322.131762412824,0.15296803652968036,1.1693340216830148,11.8,0.1240526167162772,59.68801577513015,12.07793474042143
8.18,29.9,334.3,12.1,-8.840000000000003,-25.700000000000045,-38.74,4.805798371588579,11178.1,Temuco,La Araucanía,4.748711909248744,0.9010770213220912,0.890373430479184,7.19022,12612.482862087727,0.15599496488818926,0.7718120805369126,25.69999999999999,0.1240526167162772,39.31143067959457,7.2832546613197255
4.49,44.9,10.2,11.8,6.159999999999997,10.199999999999989,-38.74,4.805798371588579,6328.6,Temuco,La Araucanía,4.77805026594708,0.984195607969242,0.9785129801121764,3.9601800000000003,6946.616707247146,0.16090042814575262,1.1590087764584407,10.2,0.1240526167162772,21.57803468843272,4.393523280703672
10.32,34.2,346.1,16.4,-4.539999999999999,-13.899999999999975,-38.74,4.805798371588579,13771.6,Temuco,La Araucanía,4.790719294992982,0.9707164815781909,0.9676706800179629,8.62752,15133.674371899482,0.15233531556405083,0.8828084667010841,13.899999999999977,0.1240526167162772,49.59583919479414,9.986361417785377
3.04,29.3,359.2,12.1,-9.44,-0.7999999999999545,-38.74,4.805798371588579,4257.5,Temuco,La Araucanía,4.740717760631401,0.9999025240093042,0.9863617422018811,2.67216,4687.27969446781,0.1598736782023552,0.7563242127000516,0.8000000000000114,0.1240526167162772,14.60962704962928,2.9985396962937187
9.6,37.3,14.9,15.5,-1.4400000000000048,14.900000000000006,-38.74,4.805798371588579,12968.6,Temuco,La Araucanía,4.804280648960532,0.9663760793213293,0.9660708873991171,8.112,14229.39228246919,0.15421185312024355,0.9628291171915332,14.9,0.1240526167162772,46.13566436725036,9.274280519031523
4.77,49.9,23.8,18.3,11.159999999999997,23.80000000000001,-38.74,4.805798371588579,6025.5,Temuco,La Araucanía,4.714923211110171,0.9149596678498247,0.8976582539705656,3.8970899999999995,6835.949503215958,0.14420177479107435,1.2880743417656169,23.8,0.1240526167162772,22.923658232477518,4.281829871439598
10.9,40.2,2.3,13.9,1.4600000000000009,2.3000000000000114,-38.74,4.805798371588579,15140.3,Temuco,La Araucanía,4.804238199525168,0.999194395114446,0.9988700129700783,9.3849,16462.207055195402,0.1585637384273805,1.0376871450696954,2.3,0.1240526167162772,52.38320225031551,10.887683141373854
12.76,50.7,339.6,13.8,11.96,-20.399999999999977,-38.74,4.805798371588579,17096.7,Temuco,La Araucanía,4.701476561566874,0.9372819894918917,0.9169359520420898,10.99912,19293.73683949119,0.15295282775797658,1.308724832214765,20.399999999999977,0.1240526167162772,61.321987221470266,11.700102748057065
3.42,32.8,348.5,10.4,-5.940000000000005,-11.5,-38.74,4.805798371588579,4900.2,Temuco,La Araucanía,4.7799951366002515,0.9799247046208296,0.9746633046474802,3.06432,5375.173984099604,0.1635624449250981,0.8466701084150747,11.5,0.1240526167162772,16.43583043083294,3.333348501894382
7.2,47.1,15.9,12.5,8.36,15.900000000000006,-38.74,4.805798371588579,9959.4,Temuco,La Araucanía,4.754732328466468,0.9617413095492113,0.9515219205136449,6.3,11050.933355467936,0.15790525114155252,1.2157976251935982,15.9,0.1240526167162772,34.60174827543777,6.8509578276982435
11.54,33.5,334.5,17.0,-5.240000000000002,-25.5,-38.74,4.805798371588579,15007.4,Temuco,La Araucanía,4.7857143752854245,0.9025852843498606,0.8988132743501627,9.578199999999999,16801.277756403648,0.14845524401921448,0.8647392875580795,25.5,0.1240526167162772,55.458913208132195,10.372305186000876
4.13,40.5,355.5,13.6,1.759999999999998,-4.5,-38.74,4.805798371588579,5747.3,Temuco,La Araucanía,4.803531215238753,0.996917333733128,0.9964470336313204,3.56832,6259.248652537039,0.15885822636461133,1.0454310789881258,4.5,0.1240526167162772,19.84794727466083,4.115326248897353
9.36,40.5,350.4,11.6,1.759999999999998,-9.600000000000025,-38.74,4.805798371588579,13306.2,Temuco,La Araucanía,4.803531215238753,0.9859960370705049,0.9855308891380482,8.274239999999999,14513.980128118574,0.16228339772860323,1.0454310789881258,9.600000000000023,0.1240526167162772,44.982272758069094,9.224569122332131
10.73,44.0,357.4,11.1,5.259999999999998,-2.6000000000000227,-38.74,4.805798371588579,15334.1,Temuco,La Araucanía,4.785560877652099,0.9989705697907146,0.9947638471432603,9.53897,16732.46376981079,0.16313774804563658,1.1357769747031492,2.6000000000000227,0.1240526167162772,51.56621652714545,10.673816079847184
6.61,40.7,334.8,11.0,1.9600000000000009,-25.200000000000045,-38.74,4.805798371588579,9265.4,Temuco,La Araucanía,4.802986729239036,0.9048270524660192,0.9042976815138866,5.8829,10319.291402679733,0.16001423054870506,1.050593701600413,25.19999999999999,0.1240526167162772,31.766327236200507,5.97740767480679
12.82,32.8,313.7,16.6,-5.940000000000005,-46.30000000000001,-38.74,4.805798371588579,15773.9,Temuco,La Araucanía,4.7799951366002515,0.6908824110768582,0.687172933519974,10.69188,18754.80211502548,0.14045815257267824,0.8466701084150747,46.30000000000001,0.1240526167162772,61.61033512376558,8.809557007726067
8.64,45.8,13.0,16.1,7.059999999999995,13.0,-38.74,4.805798371588579,11527.3,Temuco,La Araucanía,4.769360741834437,0.9743700647852352,0.9669823774710821,7.24896,12715.519659754422,0.15230345213935395,1.1822405782137324,13.0,0.1240526167162772,41.52209793052533,8.35472774135015
10.15,52.6,24.1,15.2,13.86,24.09999999999999,-38.74,4.805798371588579,13189.7,Temuco,La Araucanía,4.6658725338751355,0.9128341772330428,0.8862560569985533,8.6072,15098.030726537085,0.14834221832332367,1.357769747031492,24.1,0.1240526167162772,48.778853471624075,8.995498978535316
3.83,34.1,315.2,15.0,-4.640000000000001,-44.80000000000001,-38.74,4.805798371588579,4841.6,Temuco,La Araucanía,4.790048069746961,0.7095707365365208,0.7072452221444688,3.2555,5710.525958527916,0.14430654410625082,0.8802271553949407,44.80000000000001,0.1240526167162772,18.406207763184256,2.708749200813316
2.3,24.1,9.2,11.5,-14.64,9.199999999999989,-38.74,4.805798371588579,3167.0,Temuco,La Araucanía,4.649768309505063,0.9871362650729879,0.9550868695688409,2.0355,3570.503943659521,0.15718681755012903,0.6220960247805886,9.2,0.1240526167162772,11.05333625465373,2.196699800008334
2.66,42.7,27.1,15.0,3.960000000000001,27.09999999999999,-38.74,4.805798371588579,3537.4,Temuco,La Araucanía,4.794324558547177,0.8902128046111266,0.8880874272029617,2.261,3966.0571931290483,0.15180931781508564,1.1022199277232834,27.1,0.1240526167162772,12.78342366842562,2.3623125563598784
13.75,36.1,14.9,10.6,-2.640000000000001,14.900000000000006,-38.74,4.805798371588579,19646.5,Temuco,La Araucanía,4.800697771176363,0.9663760793213293,0.9653504228440034,12.2925,21562.4759162047,0.16310917393109173,0.931853381517811,14.9,0.1240526167162772,66.07972760934295,13.273568314105047
13.47,37.7,349.6,19.3,-1.0399999999999991,-10.399999999999975,-38.74,4.805798371588579,17478.0,Temuco,La Araucanía,4.805006700035313,0.983571470813386,0.9834094445497271,10.870289999999999,19067.754022953897,0.1481221588308875,0.9731543624161074,10.399999999999977,0.1240526167162772,64.73410406529815,13.246525218084825
12.5,43.2,336.4,10.6,4.460000000000001,-23.600000000000023,-38.74,4.805798371588579,17598.6,Temuco,La Araucanía,4.791245768065953,0.9163627295622394,0.9135878600285801,11.175,19602.250832913367,0.16071780821917808,1.115126484254001,23.600000000000023,0.1240526167162772,60.07247964485723,11.419848250357251
4.59,35.1,2.0,14.2,-3.640000000000001,2.0,-38.74,4.805798371588579,6344.5,Temuco,La Araucanía,4.796103390238444,0.9993908270190958,0.9973747051013043,3.93822,6908.096310979514,0.1577904119537211,0.9060402684563759,2.0,0.1240526167162772,22.058614525591576,4.577949896414987
8.83,36.6,6.2,10.0,-2.140000000000001,6.199999999999989,-38.74,4.805798371588579,12795.0,Temuco,La Araucanía,4.802446654575157,0.9941509639723154,0.9934576113923249,7.947,13939.963075540269,0.16541522518189858,0.9447599380485286,6.2,0.1240526167162772,42.435199621127154,8.772230708594229
12.35,37.9,2.4,17.9,-0.8400000000000034,2.4000000000000057,-38.74,4.805798371588579,16361.3,Temuco,La Araucanía,4.805281906370639,0.9991228300988584,0.999015457264982,10.139349999999999,17785.600177422828,0.15123306157913222,0.9783169850283944,2.4,0.1240526167162772,59.35160988911895,12.337840897222527
10.77,50.5,355.5,11.7,11.759999999999998,-4.5,-38.74,4.805798371588579,15017.8,Temuco,La Araucanía,4.704924257114434,0.996917333733128,0.9759919545414468,9.50991,16681.48914706319,0.1591792693215977,1.303562209602478,4.5,0.1240526167162772,51.75844846200899,10.511433350411382
3.5,39.0,332.9,19.2,0.259999999999998,-27.100000000000023,-38.74,4.805798371588579,4435.7,Temuco,La Araucanía,4.805748890842869,0.8902128046111264,0.8902036389345819,2.8280000000000003,4960.641195121163,0.14467384213959555,1.006711409395973,27.100000000000023,0.1240526167162772,16.820294300560025,3.1157127362710364
13.64,28.9,10.6,10.4,-9.840000000000003,10.599999999999994,-38.74,4.805798371588579,19337.8,Temuco,La Araucanía,4.735099453355501,0.9829353491495543,0.968475219842266,12.221440000000001,21437.828404420645,0.1618410128684101,0.7459989674754774,10.6,0.1240526167162772,65.55108978846822,13.21000199864851
4.09,29.2,11.8,18.2,-9.540000000000004,11.800000000000011,-38.74,4.805798371588579,5292.9,Temuco,La Araucanía,4.739334834798561,0.978867388761685,0.9653297861252255,3.3456200000000003,5868.606929003277,0.14772917573768293,0.7537429013939081,11.8,0.1240526167162772,19.655715339797286,3.948198825252172
4.23,39.9,5.0,16.6,1.1599999999999966,5.0,-38.74,4.805798371588579,5692.2,Temuco,La Araucanía,4.804813473194499,0.9961946980917455,0.995990538349185,3.52782,6188.206938109031,0.15361572589785938,1.0299432111512647,5.0,0.1240526167162772,20.32852711181969,4.213039977217053
13.71,29.7,2.8,12.5,-9.040000000000004,2.8000000000000114,-38.74,4.805798371588579,19114.6,Temuco,La Araucanía,4.746105012011802,0.998806137341434,0.9863998544943854,11.99625,21042.81893103686,0.15915623365939602,0.7666494579246257,2.8,0.1240526167162772,65.88749567447942,13.523542005118024
8.3,26.2,42.0,12.0,-12.540000000000004,42.0,-38.74,4.805798371588579,10739.0,Temuco,La Araucanía,4.69115444562007,0.7431448254773942,0.7254168573504775,7.304,12812.066226720288,0.14770039060350992,0.6763035622096024,42.0,0.1240526167162772,39.88812648418521,6.020959916008963
6.85,43.8,344.4,13.6,5.059999999999995,-15.600000000000025,-38.74,4.805798371588579,9422.6,Temuco,La Araucanía,4.787069611149308,0.963162566797658,0.9594090092026764,5.918399999999999,10381.562535079593,0.1570276305702763,1.130614352090862,15.600000000000023,0.1240526167162772,32.919718845381766,6.571951713038333
9.2,44.2,32.0,18.3,5.460000000000001,32.0,-38.74,4.805798371588579,11602.5,Temuco,La Araucanía,4.783993833605828,0.848048096156426,0.8442003906361192,7.516399999999999,13184.640551276061,0.1439659023228112,1.1409395973154361,32.0,0.1240526167162772,44.21334501861492,7.7666435938522955
14.76,35.8,341.6,18.6,-2.940000000000005,-18.399999999999977,-38.74,4.805798371588579,19104.8,Temuco,La Araucanía,4.799472947428439,0.9488760116444966,0.9476270946519494,12.014639999999998,21075.07713173639,0.14775834972961602,0.9241094475993804,18.399999999999977,0.1240526167162772,70.93358396464743,13.986975917062773
3.56,41.1,27.7,11.8,2.359999999999999,27.69999999999999,-38.74,4.805798371588579,4910.4,Temuco,La Araucanía,4.801722195954379,0.8853936257544159,0.8846426537732958,3.13992,5507.78518436522,0.15745728797906725,1.060918946824987,27.7,0.1240526167162772,17.10864220285534,3.149327847432933
11.84,40.2,30.8,13.5,1.4600000000000009,30.80000000000001,-38.74,4.805798371588579,15918.4,Temuco,La Araucanía,4.804238199525168,0.8589598969306643,0.8586810410296959,10.2416,17964.958579898477,0.15347710724423053,1.0376871450696954,30.8,0.1240526167162772,56.90065271960877,10.1667835257916
6.35,43.6,352.7,12.4,4.859999999999999,-7.299999999999955,-38.74,4.805798371588579,8922.3,Temuco,La Araucanía,4.7885200157140115,0.9918944425900298,0.9883282702615368,5.5626,9757.447917956499,0.16039801531657857,1.125451729478575,7.300000000000011,0.1240526167162772,30.516819659587473,6.275884516160758
3.52,43.6,41.5,11.2,4.859999999999999,41.5,-38.74,4.805798371588579,4699.8,Temuco,La Araucanía,4.7885200157140115,0.7489557207890021,0.7462629895344848,3.12576,5482.946896061502,0.1524167185554172,1.125451729478575,41.5,0.1240526167162772,16.916410267991797,2.6268457231613866
7.49,17.9,11.7,16.5,-20.840000000000003,11.699999999999989,-38.74,4.805798371588579,9378.8,Temuco,La Araucanía,4.491391206289368,0.9792228106217659,0.9151596426986084,6.25415,10970.507118269808,0.14294249257762248,0.4620547237996902,11.7,0.1240526167162772,35.995429803198455,6.854545723812577
9.13,36.8,338.1,13.5,-1.9400000000000048,-21.899999999999977,-38.74,4.805798371588579,12513.6,Temuco,La Araucanía,4.803043811483555,0.9278362538989201,0.9273044420060004,7.897450000000001,13853.046607641314,0.15646146228750618,0.9499225606608156,21.899999999999977,0.1240526167162772,43.87693913260373,8.466289555514784
4.68,42.9,350.6,12.3,4.159999999999997,-9.399999999999975,-38.74,4.805798371588579,6582.9,Temuco,La Araucanía,4.793136842612713,0.9865721616069695,0.9839729031601695,4.10436,7199.525210610854,0.16057106896147993,1.1073825503355703,9.399999999999977,0.1240526167162772,22.491136379034547,4.604993186789593
7.27,35.5,28.3,18.7,-3.240000000000002,28.30000000000001,-38.74,4.805798371588579,9234.1,Temuco,La Araucanía,4.798116543705225,0.8804773535091619,0.8790699545793952,5.9105099999999995,10367.722556639173,0.14499601163221598,0.9163655136809499,28.3,0.1240526167162772,34.93815416144896,6.390838569792202
10.26,39.0,23.1,17.5,0.259999999999998,23.09999999999999,-38.74,4.805798371588579,13388.6,Temuco,La Araucanía,4.805748890842869,0.9198214973217377,0.9198120267925793,8.4645,14847.718315453705,0.1489648143697651,1.006711409395973,23.1,0.1240526167162772,49.30749129249882,9.437271394891864
9.49,44.7,333.5,17.7,5.960000000000001,-26.5,-38.74,4.805798371588579,12199.3,Temuco,La Araucanía,4.779821241889812,0.8949343616020251,0.8900969081373402,7.81027,13700.122739398503,0.1467454325870539,1.153846153846154,26.5,0.1240526167162772,45.607026546375614,8.44701965822336
11.4,39.4,356.5,10.4,0.6599999999999966,-3.5,-38.74,4.805798371588579,16474.9,Temuco,La Araucanía,4.805479531182002,0.9981347984218669,0.9980685772281465,10.214400000000001,17917.246613665353,0.16497336377473365,1.0170366546205472,3.5,0.1240526167162772,54.7861014361098,11.37798178040087
12.87,50.8,5.1,19.2,12.059999999999995,5.099999999999994,-38.74,4.805798371588579,16405.6,Temuco,La Araucanía,4.699731228887177,0.9960410654107696,0.9740577815414427,10.39896,18240.98633748839,0.1455155701731044,1.3113061435209086,5.1,0.1240526167162772,61.85062504234501,12.536123648438368
7.32,47.8,347.3,15.7,9.059999999999995,-12.700000000000044,-38.74,4.805798371588579,9766.0,Temuco,La Araucanía,4.745841141119345,0.9755345439458564,0.9633637567093692,6.1707600000000005,10824.231351204338,0.15230057140005487,1.2338668043366028,12.699999999999989,0.1240526167162772,35.1784440800284,7.051822699112583
7.5,37.8,58.9,15.0,-0.9400000000000048,58.900000000000006,-38.74,4.805798371588579,8947.8,Temuco,La Araucanía,4.805151621865561,0.5165333288666417,0.5164638153828158,6.375,11182.492085890175,0.1361917808219178,0.9757356737222508,58.9,0.1240526167162772,36.04348778691434,3.873478615371119
8.46,37.2,5.8,10.1,-1.5399999999999991,5.800000000000011,-38.74,4.805798371588579,12245.4,Temuco,La Araucanía,4.804062548017987,0.9948807088287882,0.9945213642931285,7.605540000000001,13341.00248767391,0.16523365393957057,0.9602478058853898,5.8,0.1240526167162772,40.65705422363938,8.413650741919868
9.36,15.9,358.5,19.0,-22.840000000000003,-1.5,-38.74,4.805798371588579,11281.9,Temuco,La Araucanía,4.428987207335012,0.9996573249755573,0.9212765833477865,7.5816,13299.008940923128,0.1375948854544745,0.4104284976768198,1.5,0.1240526167162772,44.982272758069094,8.623148820135281
3.41,36.1,29.8,15.4,-2.640000000000001,29.80000000000001,-38.74,4.805798371588579,4489.3,Temuco,La Araucanía,4.800697771176363,0.8677654533689283,0.8668444565881797,2.88486,5060.380253945275,0.1502865598093172,0.931853381517811,29.8,0.1240526167162772,16.387772447117054,2.9559395969656928
6.06,27.9,350.9,18.3,-10.840000000000003,-9.100000000000025,-38.74,4.805798371588579,7831.3,Temuco,La Araucanía,4.720044640298826,0.9874138067509114,0.969794586860935,4.95102,8684.665406601407,0.14752211522522116,0.7201858544140423,9.100000000000023,0.1240526167162772,29.123138131826785,5.876955196377266
4.23,40.5,25.2,16.6,1.759999999999998,25.19999999999999,-38.74,4.805798371588579,5561.4,Temuco,La Araucanía,4.803531215238753,0.9048270524660196,0.904400196356196,3.52782,6188.206938109031,0.1500858188412837,1.0454310789881258,25.2,0.1240526167162772,20.32852711181969,3.825612830586709
7.02,40.0,318.3,18.0,1.259999999999998,-41.69999999999999,-38.74,4.805798371588579,8676.4,Temuco,La Araucanía,4.80463635086558,0.7466381822853915,0.7464576484857366,5.7564,10097.39567736756,0.14109068675278721,1.0325245224574082,41.69999999999999,0.1240526167162772,33.73670456855182,5.240132692369871
14.65,44.3,348.7,16.9,5.559999999999995,-11.299999999999956,-38.74,4.805798371588579,19452.1,Temuco,La Araucanía,4.7831884510659,0.9806146585466132,0.9760011442501774,12.17415,21354.87623959841,0.15157401779731014,1.1435209086215796,11.300000000000011,0.1240526167162772,70.40494614377268,14.298416763265099
9.58,49.9,26.2,19.2,11.159999999999997,26.19999999999999,-38.74,4.805798371588579,11925.9,Temuco,La Araucanía,4.714923211110171,0.8972583696743285,0.8802916781841492,7.740640000000001,13577.983614074497,0.1421089884748477,1.2880743417656169,26.2,0.1240526167162772,46.039548399818585,8.43319427700415
7.58,38.5,39.3,12.3,-0.240000000000002,39.30000000000001,-38.74,4.805798371588579,10110.3,Temuco,La Araucanía,4.805756210469106,0.7738402097265061,0.7738334208504417,6.64766,11660.769465049205,0.1522617197383164,0.9938048528652556,39.3,0.1240526167162772,36.427951656641426,5.865657330046348
9.36,57.0,340.7,12.0,18.26,-19.299999999999955,-38.74,4.805798371588579,12435.8,Temuco,La Araucanía,4.563799772265857,0.9438009515832297,0.8962753396739029,8.236799999999999,14448.306009891792,0.15166793505834603,1.4713474445018069,19.30000000000001,0.1240526167162772,44.982272758069094,8.389137179347731
10.7,40.6,337.8,17.1,1.8599999999999992,-22.200000000000045,-38.74,4.805798371588579,14028.7,Temuco,La Araucanía,4.8032662880299535,0.9258705848099944,0.9253827612468852,8.870299999999999,15559.538752858289,0.1496682029616353,1.0480123902942695,22.19999999999999,0.1240526167162772,51.42204257599779,9.90159554534167
7.65,28.3,14.2,15.0,-10.44,14.199999999999989,-38.74,4.805798371588579,10241.7,Temuco,La Araucanía,4.726239364713152,0.969445349895139,0.9533963808593942,6.5025,11406.141927607978,0.15282925955770438,0.7305110996386164,14.2,0.1240526167162772,36.76435754265263,7.293482313574366
7.82,34.2,344.4,16.0,-4.539999999999999,-15.600000000000025,-38.74,4.805798371588579,10469.8,Temuco,La Araucanía,4.790719294992982,0.963162566797658,0.9601404670348765,6.5688,11522.439845301236,0.15283665580586017,0.8828084667010841,15.600000000000023,0.1240526167162772,37.58134326582269,7.508298452212735
11.12,35.8,353.3,17.1,-2.940000000000005,-6.7000000000000455,-38.74,4.805798371588579,14828.2,Temuco,La Araucanía,4.799472947428439,0.993170649538486,0.9918634316454358,9.21848,16170.287002970488,0.15222274235406197,0.9241094475993804,6.699999999999989,0.1240526167162772,53.44047789206499,11.029521359897245
2.79,43.5,21.9,15.5,4.759999999999998,21.90000000000001,-38.74,4.805798371588579,3724.5,Temuco,La Araucanía,4.78922333909618,0.9278362538989199,0.9246361787257877,2.35755,4135.417132092608,0.15239112289487897,1.1228704181724316,21.9,0.1240526167162772,13.408177456732135,2.5797349386449477
9.02,31.2,346.4,17.9,-7.540000000000003,-13.600000000000025,-38.74,4.805798371588579,11765.3,Temuco,La Araucanía,4.764245013379218,0.9719610005785462,0.9635569352183885,7.4054199999999994,12989.968712579264,0.14889919914143102,0.8053691275167785,13.600000000000023,0.1240526167162772,43.34830131172898,8.691283555669864
9.12,36.4,310.9,13.2,-2.3400000000000034,-49.10000000000002,-38.74,4.805798371588579,11601.5,Temuco,La Araucanía,4.801790981369835,0.6547408137173394,0.6541948478382431,7.91616,13885.866125590645,0.14521624409196507,0.9395973154362415,49.10000000000002,0.1240526167162772,43.82888114888784,5.9662570122847765
11.84,37.5,327.5,18.6,-1.240000000000002,-32.5,-38.74,4.805798371588579,14923.1,Temuco,La Araucanía,4.804672946209716,0.8433914458128857,0.8431939397870306,9.63776,16905.75292952296,0.14388093144514377,0.9679917398038203,32.5,0.1240526167162772,56.90065271960877,9.983416247078443
14.77,35.2,0.2,11.1,-3.539999999999999,0.1999999999999886,-38.74,4.805798371588579,21155.8,Temuco,La Araucanía,4.796628597193214,0.9999939076577904,0.9980858545475784,13.13053,23032.47808761467,0.16351020054843984,0.9086215797625193,0.2,0.1240526167162772,70.9816419483633,14.741728071667731
12.34,45.2,313.4,16.3,6.460000000000001,-46.60000000000002,-38.74,4.805798371588579,15207.0,Temuco,La Araucanía,4.7752846482803974,0.6870875108044228,0.6827249477977972,10.328579999999999,18117.53162486016,0.14067738282897804,1.1667527103768716,46.60000000000002,0.1240526167162772,59.30355190540306,8.424825855824817
8.55,43.9,352.6,18.9,5.159999999999997,-7.399999999999977,-38.74,4.805798371588579,11118.4,Temuco,La Araucanía,4.786322534384957,0.9916711623830905,0.9876523449827851,6.934050000000001,12163.130862457534,0.14844722155464765,1.1331956633970055,7.399999999999977,0.1240526167162772,41.089576077082356,8.444427549602814
4.2,48.1,325.2,12.5,9.36,-34.80000000000001,-38.74,4.805798371588579,5585.3,Temuco,La Araucanía,4.741813703943512,0.8211492091337039,0.8102163827496327,3.6750000000000003,6446.37779068963,0.1518074581430746,1.2416107382550334,34.80000000000001,0.1240526167162772,20.184353160672032,3.4029088075484575
9.65,36.1,41.0,13.3,-2.640000000000001,41.0,-38.74,4.805798371588579,12632.0,Temuco,La Araucanía,4.800697771176363,0.754709580222772,0.753908574500446,8.36655,14675.902613522267,0.14943099817824781,0.931853381517811,41.0,0.1240526167162772,46.375954285829785,7.275217743929304
12.85,48.4,54.1,13.1,9.659999999999997,54.099999999999994,-38.74,4.805798371588579,15821.6,Temuco,La Araucanía,4.737656267549674,0.5863723567357894,0.5780580990310867,11.166649999999999,19587.603960926353,0.14055398610592898,1.249354672173464,54.1,0.1240526167162772,61.75450907491324,7.428046572549464
14.12,27.8,333.5,15.6,-10.94,-26.5,-38.74,4.805798371588579,18372.0,Temuco,La Araucanía,4.718460002105437,0.8949343616020251,0.8786702360825601,11.917279999999998,20904.296358484273,0.14853118087624664,0.7176045431078988,26.5,0.1240526167162772,67.85787300683073,12.406823733485748
12.73,27.6,6.4,14.1,-11.14,6.400000000000006,-38.74,4.805798371588579,17278.5,Temuco,La Araucanía,4.715247610847135,0.9937679191605964,0.9750433630884097,10.93507,19181.3856837106,0.1549435590612188,0.7124419204956117,6.4,0.1240526167162772,61.17781327032261,12.412302012115456
4.46,29.0,336.0,11.1,-9.740000000000002,-24.0,-38.74,4.805798371588579,6164.4,Temuco,La Araucanía,4.73652567688202,0.9135454576426009,0.9003772490132155,3.96494,6954.966301337943,0.1577799619141225,0.748580278781621,24.0,0.1240526167162772,21.433860737285062,4.015682530598941
11.26,38.8,352.3,18.9,0.0599999999999951,-7.700000000000045,-38.74,4.805798371588579,14702.5,Temuco,La Araucanía,4.805795736515,0.9909831997148362,0.9909826563475442,9.13186,16018.345439914832,0.1490557353382483,1.001548786783686,7.699999999999989,0.1240526167162772,54.1132896640874,11.158464710473348
13.44,48.4,45.1,12.0,9.659999999999997,45.099999999999994,-38.74,4.805798371588579,17370.1,Temuco,La Araucanía,4.737656267549674,0.7058715706786811,0.6958629164888483,11.8272,20746.28555266514,0.1475363190367471,1.249354672173464,45.1,0.1240526167162772,64.58993011415049,9.352397597610121
10.85,33.9,348.3,15.3,-4.840000000000003,-11.700000000000044,-38.74,4.805798371588579,14696.0,Temuco,La Araucanía,4.788661847392637,0.9792228106217656,0.9757310962197128,9.18995,16120.242061917867,0.1546198682743093,0.8750645327826535,11.699999999999989,0.1240526167162772,52.14291233173608,10.586682393983883
10.91,34.9,352.8,15.9,-3.8400000000000034,-7.2000000000000455,-38.74,4.805798371588579,14740.5,Temuco,La Araucanía,4.795009148685211,0.9921147013144778,0.9898873613741523,9.17531,16094.561797739447,0.15423514935399218,0.9008776458440887,7.199999999999989,0.1240526167162772,52.4312602340314,10.799671112592002
8.5,37.0,336.4,10.4,-1.740000000000002,-23.600000000000023,-38.74,4.805798371588579,12025.7,Temuco,La Araucanía,4.803582444818857,0.9163627295622394,0.9159401998291534,7.6160000000000005,13359.350545276797,0.16150550631211388,0.9550851832731027,23.600000000000023,0.1240526167162772,40.84928615850292,7.785491698547804
10.28,43.3,28.7,11.0,4.559999999999995,28.69999999999999,-38.74,4.805798371588579,14264.8,Temuco,La Araucanía,4.790586217347933,0.8771461637055888,0.8743696671274626,9.1492,16048.761818388453,0.15840484693424303,1.1177077955601444,28.7,0.1240526167162772,49.40360725993059,8.988520178070315
5.83,34.9,278.4,19.7,-3.8400000000000034,-81.60000000000002,-38.74,4.805798371588579,5701.8,Temuco,La Araucanía,4.795009148685211,0.1460830285624112,0.1457550659148568,4.68149,8211.878411791999,0.11164501045607274,0.9008776458440887,81.60000000000002,0.1240526167162772,28.017804506361415,0.8497520342836151
3.15,34.5,348.9,16.6,-4.240000000000002,-11.100000000000025,-38.74,4.805798371588579,4211.0,Temuco,La Araucanía,4.79264540260384,0.9812926639922451,0.9786069683020668,2.6271,4608.23920923013,0.15260563890700876,0.8905524006195147,11.100000000000023,0.1240526167162772,15.138264870504022,3.0826119501515103
12.76,28.0,358.9,10.3,-10.740000000000002,-1.1000000000000227,-38.74,4.805798371588579,18134.6,Temuco,La Araucanía,4.721614900417669,0.9998157121216442,0.9823018776513494,11.44572,20077.125226245473,0.1622382301999685,0.7227671657201858,1.1000000000000227,0.1240526167162772,61.321987221470266,12.534171958831218
14.26,34.2,343.5,17.9,-4.539999999999999,-16.5,-38.74,4.805798371588579,18625.5,Temuco,La Araucanía,4.790719294992982,0.958819734868193,0.9558112615396152,11.70746,20536.24765425502,0.14910228822840016,0.8828084667010841,16.5,0.1240526167162772,68.53068477885313,13.629868589554912
13.14,48.2,21.6,15.1,9.46,21.59999999999999,-38.74,4.805798371588579,17443.9,Temuco,La Araucanía,4.740442330614538,0.9297764858882515,0.9171320706610838,11.15586,19568.67704490961,0.15154587407824413,1.2441920495611771,21.6,0.1240526167162772,63.14819060267393,12.051115408486641
6.34,39.5,30.1,10.8,0.759999999999998,30.09999999999999,-38.74,4.805798371588579,8817.8,Temuco,La Araucanía,4.805375594832381,0.8651514205697045,0.865075311277777,5.65528,9920.019426430274,0.1587694279993662,1.0196179659266906,30.1,0.1240526167162772,30.46876167587159,5.484577473501107
3.22,32.8,324.7,16.8,-5.940000000000005,-35.30000000000001,-38.74,4.805798371588579,4091.5,Temuco,La Araucanía,4.7799951366002515,0.8161375900801602,0.8117555939181604,2.67904,4699.3480153385435,0.14505161802660313,0.8466701084150747,35.30000000000001,0.1240526167162772,15.474670756515225,2.613853012416477
5.64,48.6,52.3,15.0,9.86,52.30000000000001,-38.74,4.805798371588579,6841.6,Temuco,La Araucanía,4.734812477638304,0.611527040185831,0.6024942447446009,4.794,8409.23404858941,0.1384759869166748,1.254517294785751,52.3,0.1240526167162772,27.104702815759584,3.398067540359549
12.96,34.1,324.4,12.0,-4.640000000000001,-35.60000000000002,-38.74,4.805798371588579,17448.7,Temuco,La Araucanía,4.790048069746961,0.8131007610470274,0.8104359421295607,11.404800000000002,20005.346782927103,0.15369295760753143,0.8802271553949407,35.60000000000002,0.1240526167162772,62.283146895787986,10.503249809999108
10.53,50.1,32.2,18.8,11.36,32.19999999999999,-38.74,4.805798371588579,12992.6,Temuco,La Araucanía,4.711647622847128,0.8461931661275641,0.8296153336821146,8.55036,14998.326750041082,0.14085218575325123,1.293236964377904,32.2,0.1240526167162772,50.60505685282773,8.735849463672666
14.57,50.0,3.7,12.9,11.259999999999998,3.6999999999999886,-38.74,4.805798371588579,20065.6,Temuco,La Araucanía,4.713292595731973,0.997915618272179,0.9787069558668984,12.69047,22260.561622153204,0.1572130135419311,1.2906556530717603,3.7,0.1240526167162772,70.02048227404559,14.259760346980709
6.45,39.2,347.4,12.8,0.4600000000000008,-12.600000000000025,-38.74,4.805798371588579,9021.8,Temuco,La Araucanía,4.805643488637106,0.9759167619387473,0.9758853097518694,5.6244000000000005,9865.852311824423,0.15967222399207107,1.0118740320082602,12.600000000000023,0.1240526167162772,30.997399496746333,6.294460247899558
9.17,26.8,349.8,12.7,-11.94,-10.200000000000044,-38.74,4.805798371588579,12579.1,Temuco,La Araucanía,4.701823909690622,0.9841956079692418,0.9629023283040135,8.00541,14042.421014793108,0.1565943641913526,0.6917914300464636,10.199999999999989,0.1240526167162772,44.069171067467266,8.829814350547803
12.27,57.1,359.2,17.7,18.36,-0.7999999999999545,-38.74,4.805798371588579,15472.6,Temuco,La Araucanía,4.5611647080753555,0.9999025240093042,0.9490036309032961,10.09821,17713.435828495218,0.1439509811583362,1.4739287558079504,0.8000000000000114,0.1240526167162772,58.96714601939186,11.644274551183443
5.04,41.8,5.2,17.1,3.059999999999995,5.199999999999989,-38.74,4.805798371588579,6730.2,Temuco,La Araucanía,4.798946173534539,0.9958843986159703,0.9944644478376381,4.17816,7328.979001346336,0.15243803000652315,1.0789881259679917,5.2,0.1240526167162772,24.221223792806438,5.012100817101696
14.53,36.1,337.0,19.0,-2.640000000000001,-23.0,-38.74,4.805798371588579,18585.7,Temuco,La Araucanía,4.800697771176363,0.9205048534524404,0.9195278820791253,11.7693,20644.722212779172,0.14601894364360307,0.931853381517811,23.0,0.1240526167162772,69.82825033918205,13.36074012660969
9.7,46.4,354.2,12.3,7.659999999999997,-5.7999999999999545,-38.74,4.805798371588579,13588.3,Temuco,La Araucanía,4.762913821237325,0.9948807088287883,0.9860028890468577,8.5069,14922.09285105241,0.15991503083368638,1.1977284460505937,5.800000000000011,0.1240526167162772,46.61624420440921,9.56422802375452
2.1,44.4,340.7,17.9,5.659999999999997,-19.299999999999955,-38.74,4.805798371588579,2734.0,Temuco,La Araucanía,4.78236849810443,0.9438009515832297,0.939199606462189,1.7241,3024.2720949463924,0.1486192650576212,1.146102219927723,19.30000000000001,0.1240526167162772,10.092176580336016,1.972319173570597
2.33,49.2,329.6,15.7,10.46,-30.399999999999977,-38.74,4.805798371588579,3002.4,Temuco,La Araucanía,4.725935096846353,0.8625136692072577,0.8481803241921911,1.96419,3445.4179027740583,0.1470985948615439,1.2700051626226123,30.399999999999977,0.1240526167162772,11.19751020580139,1.9762601553678054
13.47,33.4,339.6,13.1,-5.340000000000003,-20.399999999999977,-38.74,4.805798371588579,18508.5,Temuco,La Araucanía,4.78494105624613,0.9372819894918917,0.9332141563228593,11.70543,20532.686797951596,0.15685541690819782,0.8621579762519359,20.399999999999977,0.1240526167162772,64.73410406529815,12.570394685668916
10.39,41.3,331.3,10.4,2.559999999999995,-28.69999999999999,-38.74,4.805798371588579,14541.3,Temuco,La Araucanía,4.801002164077377,0.8771461637055888,0.876270768049446,9.30944,16329.841431226576,0.15976571255290253,1.066081569437274,28.69999999999999,0.1240526167162772,49.93224508080534,9.104453280033745
11.92,29.3,349.5,18.2,-9.44,-10.5,-38.74,4.805798371588579,15453.7,Temuco,La Araucanía,4.740717760631401,0.9832549075639546,0.9699395694737813,9.75056,17103.61726007801,0.14799672857099078,0.7563242127000516,10.5,0.1240526167162772,57.28511658933586,11.561679668127473
12.19,44.1,10.8,12.4,5.359999999999999,10.800000000000011,-38.74,4.805798371588579,17079.4,Temuco,La Araucanía,4.784784643270875,0.9822872507286886,0.9779921230889632,10.67844,18731.226790533816,0.15994283809245546,1.1383582860092927,10.8,0.1240526167162772,58.58268214966478,11.92172398045446
7.47,38.6,3.0,16.3,-0.1400000000000005,3.0,-38.74,4.805798371588579,10076.9,Temuco,La Araucanía,4.805784025082697,0.9986295347545738,0.9986265535965255,6.252389999999999,10967.4198733959,0.15399344715238428,0.996386164171399,3.0,0.1240526167162772,35.899313835766684,7.459740355366045
12.38,41.0,49.4,15.5,2.259999999999998,49.400000000000006,-38.74,4.805798371588579,15329.5,Temuco,La Araucanía,4.802060272112258,0.6507742172658508,0.6502680248348187,10.4611,18349.987130934227,0.14135241699308798,1.0583376355188434,49.4,0.1240526167162772,59.49578384026661,8.050318147455057
14.19,37.6,304.7,10.0,-1.1400000000000006,-55.30000000000001,-38.74,4.805798371588579,18240.0,Temuco,La Araucanía,4.804847141321351,0.569279523430844,0.5691668437320031,12.770999999999999,22401.820616298573,0.1467365596069005,0.9705730511099638,55.30000000000001,0.1240526167162772,68.19427889284194,8.076477512557124
4.24,36.7,11.7,19.9,-2.039999999999999,11.699999999999989,-38.74,4.805798371588579,5442.4,Temuco,La Araucanía,4.802752548037945,0.9792228106217659,0.978602197839602,3.39624,5957.400301456258,0.14652795726716636,0.9473412493546722,11.7,0.1240526167162772,20.376585095535575,4.149273318839913
11.93,31.8,0.2,18.1,-6.940000000000001,0.1999999999999886,-38.74,4.805798371588579,15645.5,Temuco,La Araucanía,4.7705873858700345,0.9999939076577904,0.9926671809666889,9.770669999999999,17138.892540995224,0.14970796158718858,0.8208569953536397,0.2,0.1240526167162772,57.33317457305174,11.842519468932599
6.0,45.1,20.4,14.9,6.359999999999999,20.40000000000001,-38.74,4.805798371588579,8064.0,Temuco,La Araucanía,4.776221070969716,0.9372819894918915,0.9315134846516263,5.106,8956.518367145918,0.15342465753424658,1.1641713990707279,20.4,0.1240526167162772,28.83479022953147,5.589080907909758
6.18,50.7,17.9,16.8,11.96,17.900000000000006,-38.74,4.805798371588579,8017.1,Temuco,La Araucanía,4.701476561566874,0.9515944038794382,0.9309376798674375,5.14176,9019.24556981124,0.14808965435711016,1.308724832214765,17.9,0.1240526167162772,29.699833936417416,5.753194861580763
7.37,34.3,355.9,14.8,-4.440000000000005,-4.100000000000023,-38.74,4.805798371588579,10092.5,Temuco,La Araucanía,4.791375926877202,0.997440782930944,0.994447412541179,6.27924,11014.517898887061,0.1563245416751857,0.8853897780072275,4.100000000000023,0.1240526167162772,35.41873399860783,7.329077430428489
13.23,43.2,4.3,17.4,4.460000000000001,4.300000000000011,-38.74,4.805798371588579,17554.8,Temuco,La Araucanía,4.791245768065953,0.9971851335251157,0.9941655228871332,10.927980000000002,19168.948998394684,0.1514718520589362,1.115126484254001,4.3,0.1240526167162772,63.5807124561169,13.152809867796773
2.29,42.2,341.4,11.3,3.460000000000001,-18.600000000000023,-38.74,4.805798371588579,3222.1,Temuco,La Araucanía,4.797038242651285,0.9477684100095856,0.9460407941521535,2.03123,3563.013866607482,0.16061992781798964,1.0893133711925658,18.600000000000023,0.1240526167162772,11.005278270937845,2.1664334186084315
7.64,38.8,15.3,14.5,0.0599999999999951,15.300000000000011,-38.74,4.805798371588579,10451.0,Temuco,La Araucanía,4.805795736515,0.9645574184577981,0.9645568895800608,6.5322,11458.239184855183,0.15615661383250856,1.001548786783686,15.3,0.1240526167162772,36.71629955893674,7.369214636391664
10.84,26.5,313.0,13.4,-12.240000000000002,-47.0,-38.74,4.805798371588579,13584.9,Temuco,La Araucanía,4.69655355684945,0.6819983600624985,0.6664952576148631,9.38744,16466.662510865703,0.14306159328716575,0.684047496128033,47.0,0.1240526167162772,52.09485434802019,7.2248085925451155
3.44,28.3,19.4,14.6,-10.44,19.40000000000001,-38.74,4.805798371588579,4589.1,Temuco,La Araucanía,4.726239364713152,0.943222657947601,0.9276078002015182,2.93776,5153.173011803093,0.1522877508760752,0.7305110996386164,19.4,0.1240526167162772,16.53194639826471,3.1909708326932225
12.3,32.5,359.4,14.5,-6.240000000000002,-0.6000000000000227,-38.74,4.805798371588579,16865.0,Temuco,La Araucanía,4.77732557300804,0.9999451693655121,0.9940208181552644,10.5165,18447.16517980612,0.15652262687010432,0.8389261744966443,0.6000000000000227,0.1240526167162772,59.111319970539526,12.226456063309753
14.24,21.6,347.8,11.4,-17.14,-12.200000000000044,-38.74,4.805798371588579,19345.2,Temuco,La Araucanía,4.5923608659320605,0.9774158942860958,0.9340064138345677,12.61664,22131.055207925554,0.15508119131907033,0.5575632421270005,12.199999999999989,0.1240526167162772,68.43456881142136,13.300251333004244
3.18,50.0,354.2,19.8,11.259999999999998,-5.7999999999999545,-38.74,4.805798371588579,4034.9,Temuco,La Araucanía,4.713292595731973,0.9948807088287883,0.975730464740509,2.5503600000000004,4473.6283162620975,0.14484434680221703,1.2906556530717603,5.800000000000011,0.1240526167162772,15.28243882165168,3.102822877874819
3.99,41.7,356.0,10.2,2.960000000000001,-4.0,-38.74,4.805798371588579,5770.4,Temuco,La Araucanía,4.799386613720727,0.9975640502598242,0.9962331290156553,3.5830200000000003,6285.034163699798,0.16509309804190841,1.0764068146618482,4.0,0.1240526167162772,19.17513550263843,3.9749701847724648
14.66,38.5,32.4,10.1,-0.240000000000002,32.400000000000006,-38.74,4.805798371588579,20422.5,Temuco,La Araucanía,4.805756210469106,0.844327925502015,0.8443205182394149,13.17934,23118.09650937346,0.1590269861144854,0.9938048528652556,32.4,0.1240526167162772,70.45300412748857,12.377738797389823
4.57,21.2,80.8,13.7,-17.540000000000003,80.80000000000001,-38.74,4.805798371588579,4620.1,Temuco,La Araucanía,4.582361359933254,0.1598811876918347,0.15244779743373302,3.9439100000000002,6918.077233327548,0.1154067124286842,0.5472379969024264,80.8,0.1240526167162772,21.96249855815981,0.6966864342721599
3.03,24.1,30.5,16.2,-14.64,30.5,-38.74,4.805798371588579,3820.1,Temuco,La Araucanía,4.649768309505063,0.8616291604415258,0.833654609492519,2.5391399999999997,4453.94713019093,0.1439222689392227,0.6220960247805886,30.5,0.1240526167162772,14.561569065913393,2.5259734667623324
14.38,38.7,345.9,11.8,-0.0399999999999991,-14.100000000000025,-38.74,4.805798371588579,20307.0,Temuco,La Araucanía,4.805797200444706,0.9698720152847466,0.9698717789328276,12.68316,22247.73903122805,0.1612065844875874,0.9989674754775426,14.100000000000023,0.1240526167162772,69.10738058344377,13.946756181054061
13.6,54.5,15.7,15.3,15.759999999999998,15.699999999999989,-38.74,4.805798371588579,17716.8,Temuco,La Araucanía,4.625138061509561,0.9626917464264788,0.9265020905207881,11.5192,20206.017699731154,0.14871071716357775,1.406814661848219,15.7,0.1240526167162772,65.35885785360468,12.600428431082719
10.52,33.2,16.8,17.2,-5.539999999999999,16.80000000000001,-38.74,4.805798371588579,13837.9,Temuco,La Araucanía,4.7833506932867556,0.9573194975320672,0.9528478991729461,8.710560000000001,15279.336198222984,0.15015864541555984,0.856995353639649,16.8,0.1240526167162772,50.556998869111844,10.023959899299392
9.17,45.7,336.9,10.9,6.960000000000001,-23.100000000000023,-38.74,4.805798371588579,12813.5,Temuco,La Araucanía,4.770384398256749,0.9198214973217375,0.9130433240698645,8.17047,14331.955468706366,0.15951235665237548,1.1796592669075892,23.100000000000023,0.1240526167162772,44.069171067467266,8.372607281720658
13.95,34.9,328.5,19.8,-3.8400000000000034,-31.5,-38.74,4.805798371588579,17324.1,Temuco,La Araucanía,4.795009148685211,0.8526401643540923,0.8507259507150087,11.1879,19624.87893454599,0.1417660922079835,0.9008776458440887,31.5,0.1240526167162772,67.04088728366067,11.86762701247437
10.52,39.2,358.4,13.4,0.4600000000000008,-1.6000000000000227,-38.74,4.805798371588579,14705.3,Temuco,La Araucanía,4.805643488637106,0.9996101150403544,0.9995778992558023,9.11032,15980.561772537563,0.1595710280049308,1.0118740320082602,1.6000000000000227,0.1240526167162772,50.556998869111844,10.51555950017104
10.56,48.5,20.2,16.4,9.759999999999998,20.19999999999999,-38.74,4.805798371588579,13817.0,Temuco,La Araucanía,4.736241586300616,0.938493022759556,0.9249097317783408,8.82816,15485.620287525051,0.1493639303998893,1.2519359834796076,20.2,0.1240526167162772,50.749230803975394,9.767046767579279
12.97,36.0,319.7,11.1,-2.740000000000002,-40.30000000000001,-38.74,4.805798371588579,17440.7,Temuco,La Araucanía,4.800304118738,0.7626683296956882,0.7617964053408818,11.530330000000001,20225.541015325813,0.153504046922473,0.9292720702116675,40.30000000000001,0.1240526167162772,62.33120487950387,9.880499377271237
10.49,33.2,342.0,17.1,-5.539999999999999,-18.0,-38.74,4.805798371588579,13797.2,Temuco,La Araucanía,4.7833506932867556,0.9510565162951535,0.946614172053069,8.696209999999999,15254.164627802193,0.15014516978553177,0.856995353639649,18.0,0.1240526167162772,50.412824917964194,9.929982664836693
8.55,50.1,14.3,18.4,11.36,14.300000000000011,-38.74,4.805798371588579,10947.4,Temuco,La Araucanía,4.711647622847128,0.9690157314068695,0.9500316730673507,6.976800000000001,12238.119338798208,0.1461641165318166,1.293236964377904,14.3,0.1240526167162772,41.089576077082356,8.12277080472585
7.07,39.1,1.0,11.1,0.3599999999999994,1.0,-38.74,4.805798371588579,10140.5,Temuco,La Araucanía,4.805703509243146,0.9998476951563913,0.9998279590188957,6.28523,11025.025056156785,0.16373286056590003,1.0092927207021167,1.0,0.1240526167162772,33.97699448713125,7.068783670263593
8.54,47.5,35.4,11.3,8.759999999999998,35.400000000000006,-38.74,4.805798371588579,11514.6,Temuco,La Araucanía,4.74973846866295,0.8151277957285542,0.8056192850572212,7.574979999999999,13287.396690317857,0.15391710243495557,1.2261228704181724,35.4,0.1240526167162772,41.041518093366456,6.879988694388668
8.79,33.3,324.7,12.8,-5.440000000000005,-35.30000000000001,-38.74,4.805798371588579,11733.0,Temuco,La Araucanía,4.784153161446553,0.8161375900801602,0.8124617243287944,7.664879999999999,13445.09175518398,0.15237583181386072,0.8595766649457923,35.30000000000001,0.1240526167162772,42.242967686263604,7.141538556850102
6.69,50.0,58.8,10.1,11.259999999999998,58.80000000000001,-38.74,4.805798371588579,8290.6,Temuco,La Araucanía,4.713292595731973,0.5180270093731302,0.5080556192498907,6.014310000000001,10549.799839543553,0.14146719358955984,1.2906556530717603,58.8,0.1240526167162772,32.150791105927595,3.3988920927817694
7.83,40.9,321.6,19.9,2.1599999999999966,-38.39999999999998,-38.74,4.805798371588579,9547.3,Temuco,La Araucanía,4.802383720361753,0.7836934573258401,0.7831366216830188,6.2718300000000005,11001.519896321346,0.1391921365547566,1.0557563242127,38.39999999999998,0.1240526167162772,37.629401249538574,6.131959747778037
12.42,42.2,309.3,16.0,3.460000000000001,-50.69999999999999,-38.74,4.805798371588579,15190.4,Temuco,La Araucanía,4.797038242651285,0.6333808726275504,0.6322263302015853,10.4328,18300.345636654904,0.13961867366671815,1.0893133711925658,50.69999999999999,0.1240526167162772,59.68801577513015,7.8522510211036884
7.41,39.8,358.5,16.1,1.0599999999999952,-1.5,-38.74,4.805798371588579,10037.5,Temuco,La Araucanía,4.804975959228306,0.9996573249755573,0.9994862544319079,6.21699,10905.324152636604,0.15463337831758886,1.0273618998451213,1.5,0.1240526167162772,35.61096593347137,7.4061931453404375
2.33,34.7,331.6,19.6,-4.039999999999999,-28.399999999999977,-38.74,4.805798371588579,2926.4,Temuco,La Araucanía,4.793856481458715,0.8796485728666167,0.8774627411279887,1.87332,3286.0213449944754,0.14337507594018853,0.8957150232318017,28.399999999999977,0.1240526167162772,11.19751020580139,2.0444881868282136
5.68,38.7,359.0,18.3,-0.0399999999999991,-1.0,-38.74,4.805798371588579,7484.2,Temuco,La Araucanía,4.805797200444706,0.9998476951563913,0.9998474514995811,4.64056,8140.0824273095695,0.15041562158338156,0.9989674754775426,1.0,0.1240526167162772,27.296934750623127,5.679133524517621
5.01,35.2,358.2,18.1,-3.539999999999999,-1.7999999999999543,-38.74,4.805798371588579,6606.9,Temuco,La Araucanía,4.796628597193214,0.9995065603657316,0.9975994371457012,4.10319,7197.472894416267,0.15054138298744976,0.9086215797625193,1.8000000000000114,0.1240526167162772,24.077049841658777,4.9979731800999625
12.32,46.4,355.1,13.4,7.659999999999997,-4.899999999999977,-38.74,4.805798371588579,17040.6,Temuco,La Araucanía,4.762913821237325,0.9963452961909065,0.9874544071610345,10.66912,18714.878425633342,0.1578956146593133,1.1977284460505937,4.899999999999977,0.1240526167162772,59.20743593797129,12.165438296223945
7.84,37.1,338.9,13.3,-1.6400000000000006,-21.100000000000023,-38.74,4.805798371588579,10773.2,Temuco,La Araucanía,4.803829813067778,0.9329535348254889,0.9325713769635717,6.79728,11923.22036165954,0.15686445811201194,0.9576664945792462,21.100000000000023,0.1240526167162772,37.67745923325446,7.311359595394403
5.64,26.8,10.8,12.9,-11.94,10.800000000000011,-38.74,4.805798371588579,7723.1,Temuco,La Araucanía,4.701823909690622,0.9822872507286886,0.9610352587750648,4.91244,8616.991595672209,0.15631780498073128,0.6917914300464636,10.8,0.1240526167162772,27.104702815759584,5.4202388594913655
12.54,25.3,352.1,13.5,-13.44,-7.899999999999977,-38.74,4.805798371588579,16986.9,Temuco,La Araucanía,4.674186059421735,0.9905094632383089,0.9633832231008473,10.8471,19027.076063507342,0.15463666950689303,0.6530717604543108,7.899999999999977,0.1240526167162772,60.264711579720775,12.080825617684624
2.25,24.9,27.6,13.7,-13.840000000000003,27.59999999999999,-38.74,4.805798371588579,2954.5,Temuco,La Araucanía,4.666274104832247,0.8862035792312147,0.8604748875490875,1.9417499999999999,3406.0555306317247,0.14989852866565195,0.6427465152297366,27.6,0.1240526167162772,10.813046336074303,1.936068496985447
4.27,43.7,355.5,11.4,4.960000000000001,-4.5,-38.74,4.805798371588579,6069.9,Temuco,La Araucanía,4.787802105669429,0.996917333733128,0.9931841788959763,3.7832199999999996,6636.20826810689,0.1622742292515479,1.1280330407847186,4.5,0.1240526167162772,20.520759046683228,4.240896443885818
12.75,29.5,335.9,13.6,-9.240000000000002,-24.100000000000023,-38.74,4.805798371588579,17166.1,Temuco,La Araucanía,4.743440284983068,0.9128341772330426,0.9009896119227523,11.016,19323.34632441822,0.15369415346047094,0.7614868353123386,24.100000000000023,0.1240526167162772,61.27392923775438,11.487617552015092
9.16,41.1,317.8,14.5,2.359999999999999,-42.19999999999999,-38.74,4.805798371588579,11781.5,Temuco,La Araucanía,4.801722195954379,0.7408045962867502,0.7401762616352302,7.8318,13737.888865611712,0.14682533748080795,1.060918946824987,42.19999999999999,0.1240526167162772,44.02111308375138,6.780014556578709
12.06,39.8,355.7,13.1,1.0599999999999952,-4.2999999999999545,-38.74,4.805798371588579,16892.0,Temuco,La Araucanía,4.804975959228306,0.9971851335251158,0.9970144860455754,10.48014,18383.38550729742,0.15989307647455264,1.0273618998451213,4.300000000000011,0.1240526167162772,57.95792836135826,12.02399470170964
12.9,38.2,328.3,11.7,-0.5399999999999991,-31.69999999999999,-38.74,4.805798371588579,17681.8,Temuco,La Araucanía,4.805584932189093,0.8508111094240514,0.8507733224429442,11.3907,19980.613741607718,0.15647056741354287,0.986060918946825,31.69999999999999,0.1240526167162772,61.994798993492665,10.97497585951398
14.25,42.2,326.3,13.7,3.460000000000001,-33.69999999999999,-38.74,4.805798371588579,18938.6,Temuco,La Araucanía,4.797038242651285,0.8319541221304827,0.8304376154408009,12.29775,21571.68502733426,0.15171513258030922,1.0893133711925658,33.69999999999999,0.1240526167162772,68.48262679513725,11.833736020031413
2.82,40.0,13.2,14.8,1.259999999999998,13.199999999999989,-38.74,4.805798371588579,3855.7,Temuco,La Araucanía,4.80463635086558,0.9735789028731603,0.9733434958141997,2.40264,4214.5102408224575,0.1560809935554908,1.0325245224574082,13.2,0.1240526167162772,13.552351407879792,2.744828658196043
12.39,17.1,315.6,17.2,-21.64,-44.39999999999998,-38.74,4.805798371588579,14238.1,Temuco,La Araucanía,4.467082145626926,0.7144726796328037,0.6641161163968939,10.258920000000002,17995.339876043992,0.13118271842441798,0.4414042333505421,44.39999999999998,0.1240526167162772,59.5438418239825,8.228398682157517
11.21,36.2,35.3,17.1,-2.539999999999999,35.30000000000001,-38.74,4.805798371588579,14276.3,Temuco,La Araucanía,4.801076799856756,0.8161375900801602,0.8153357561544213,9.29309,16301.161627994528,0.14538042924818428,0.9344346928239546,35.3,0.1240526167162772,53.872999745507975,9.139913826491064
4.69,42.1,4.0,12.0,3.359999999999999,4.0,-38.74,4.805798371588579,6643.2,Temuco,La Araucanía,4.797537148031449,0.9975640502598242,0.995849226000764,4.1272,7239.58922931544,0.16169641031632442,1.0867320598864223,4.0,0.1240526167162772,22.539194362750436,4.6705328699435835
14.11,51.9,358.9,10.4,13.159999999999997,-1.1000000000000227,-38.74,4.805798371588579,19875.1,Temuco,La Araucanía,4.6795889012585,0.9998157121216442,0.9735586364605918,12.64256,22176.52190515948,0.1607970965246967,1.3397005678884872,1.1000000000000227,0.1240526167162772,67.80981502311485,13.73691236045895
7.25,52.2,334.1,13.0,13.46,-25.899999999999977,-38.74,4.805798371588579,9646.9,Temuco,La Araucanía,4.673795869096092,0.8995577789551805,0.8748493187208374,6.3075,11064.08922851016,0.15189576444654385,1.3474445018069179,25.899999999999977,0.1240526167162772,34.8420381940172,6.342657560726071
13.54,27.8,19.1,11.6,-10.94,19.09999999999999,-38.74,4.805798371588579,18704.8,Temuco,La Araucanía,4.718460002105437,0.9449489121575309,0.92777584519729,11.96936,20995.650740889476,0.1576994934676892,0.7176045431078988,19.1,0.1240526167162772,65.07050995130935,12.562084943971305
9.87,35.9,359.9,14.0,-2.8400000000000034,-0.1000000000000227,-38.74,4.805798371588579,13680.8,Temuco,La Araucanía,4.799895843740799,0.9999984769132877,0.9987702691523019,8.488199999999999,14889.290874267132,0.1582305126461349,0.9266907589055239,0.10000000000002274,0.1240526167162772,47.43322992757927,9.857862556533219
8.85,26.2,342.8,19.8,-12.540000000000004,-17.200000000000045,-38.74,4.805798371588579,11052.2,Temuco,La Araucanía,4.69115444562007,0.9552783621223434,0.9324898775962498,7.097700000000001,12450.192012238855,0.1425612052730697,0.6763035622096024,17.19999999999999,0.1240526167162772,42.53131558855892,8.252535416726811
4.07,50.9,5.0,11.8,12.159999999999997,5.0,-38.74,4.805798371588579,5661.2,Temuco,La Araucanía,4.6979715800111075,0.9961946980917455,0.9738432655562574,3.5897400000000004,6296.821825945631,0.15878518618244644,1.313887454827052,5.0,0.1240526167162772,19.55959937236552,3.9635420908139682
13.89,46.8,317.9,13.2,8.059999999999995,-42.10000000000002,-38.74,4.805798371588579,17972.6,Temuco,La Araucanía,4.758325657522,0.7419758409756162,0.73464644339806,12.05652,21148.539526804176,0.14770818334533234,1.2080536912751676,42.10000000000002,0.1240526167162772,66.75253938136537,10.204239098799054
9.24,41.5,319.1,17.3,2.759999999999998,-40.89999999999998,-38.74,4.805798371588579,11541.6,Temuco,La Araucanía,4.80022363350411,0.7558534691676398,0.7549766772602312,7.64148,13404.045431292241,0.14259028642590285,1.0712441920495612,40.89999999999998,0.1240526167162772,44.405576953478466,6.975984497884537
2.08,40.1,332.0,15.1,1.3599999999999994,-28.0,-38.74,4.805798371588579,2763.0,Temuco,La Araucanía,4.804444592781093,0.882947592858927,0.8826988692032698,1.76592,3097.6292430298313,0.15163988408851423,1.035105833763552,28.0,0.1240526167162772,9.996060612904245,1.8360136479428013
2.24,49.8,8.7,10.4,11.059999999999995,8.699999999999989,-38.74,4.805798371588579,3164.4,Temuco,La Araucanía,4.716539464014584,0.9884938868086836,0.9701344223330757,2.0070400000000004,3520.5817907552973,0.1612646771037182,1.2854930304594732,8.7,0.1240526167162772,10.764988352358417,2.1731011060260896
12.11,48.4,359.9,11.6,9.659999999999997,-0.1000000000000227,-38.74,4.805798371588579,17021.6,Temuco,La Araucanía,4.737656267549674,0.9999984769132877,0.9858193551558249,10.70524,18778.237110204696,0.16045458487457062,1.249354672173464,0.10000000000002274,0.1240526167162772,58.198218279937684,11.938272390937039
4.11,48.0,26.2,19.4,9.259999999999998,26.19999999999999,-38.74,4.805798371588579,5134.6,Temuco,La Araucanía,4.743170632885596,0.8972583696743285,0.8855655647790508,3.3126600000000006,5810.791252273718,0.14261351642613515,1.23902942694889,26.2,0.1240526167162772,19.75183130722906,3.639674471241899
9.78,42.4,337.0,11.0,3.6599999999999966,-23.0,-38.74,4.805798371588579,13734.1,Temuco,La Araucanía,4.795996595623988,0.9205048534524404,0.9186274167290855,8.7042,15268.180017883176,0.16030875610462134,1.0944759938048527,23.0,0.1240526167162772,47.0007080741363,8.984176135610456
10.85,35.9,14.4,16.4,-2.8400000000000034,14.400000000000006,-38.74,4.805798371588579,14516.8,Temuco,La Araucanía,4.799895843740799,0.9685831611286311,0.9673935379610735,9.0706,15910.888268905948,0.15273446541674557,0.9266907589055239,14.4,0.1240526167162772,52.14291233173608,10.496219886877647
5.63,44.9,357.2,17.9,6.159999999999997,-2.7999999999999545,-38.74,4.805798371588579,7413.0,Temuco,La Araucanía,4.77805026594708,0.9988061373414341,0.9930391500333156,4.62223,8107.929473594375,0.1503077933769678,1.1590087764584407,2.8000000000000114,0.1240526167162772,27.0566448320437,5.590810414687566
9.4,45.3,336.4,12.7,6.559999999999995,-23.600000000000023,-38.74,4.805798371588579,12885.3,Temuco,La Araucanía,4.774333679245887,0.9163627295622394,0.9103630872280034,8.2062,14394.630047879524,0.15648134654619644,1.1693340216830148,23.600000000000023,0.1240526167162772,45.17450469293264,8.557413019943233
5.12,37.2,9.6,17.3,-1.5399999999999991,9.599999999999994,-38.74,4.805798371588579,6813.8,Temuco,La Araucanía,4.804062548017987,0.985996037070505,0.985639901621341,4.23424,7427.349849374056,0.1519201269977169,0.9602478058853898,9.6,0.1240526167162772,24.605687662533523,5.0464762963012655
14.3,35.9,358.3,11.7,-2.8400000000000034,-1.7000000000000457,-38.74,4.805798371588579,20349.6,Temuco,La Araucanía,4.799895843740799,0.999559860119384,0.9983321910717692,12.626900000000001,22149.052442247317,0.16244851039371586,0.9266907589055239,1.6999999999999886,0.1240526167162772,68.72291671371669,14.2761503323263
13.18,47.8,344.3,12.8,9.059999999999995,-15.700000000000044,-38.74,4.805798371588579,18132.7,Temuco,La Araucanía,4.745841141119345,0.9626917464264786,0.9506811861723159,11.49296,20159.989685247427,0.15705181505117066,1.2338668043366028,15.699999999999989,0.1240526167162772,63.34042253753747,12.529978033751123
5.74,52.1,1.0,13.1,13.36,1.0,-38.74,4.805798371588579,7836.0,Temuco,La Araucanía,4.675741124895983,0.9998476951563913,0.9727892486113286,4.98806,8749.637878265936,0.1558398167151926,1.3448631905007744,1.0,0.1240526167162772,27.585282652918444,5.583810287029027
8.87,32.7,356.8,20.0,-6.039999999999999,-3.2000000000000455,-38.74,4.805798371588579,11392.9,Temuco,La Araucanía,4.77911983919381,0.9984407641819809,0.9928980983828992,7.096,12447.210014349283,0.14662450515564754,0.8440887971089314,3.1999999999999886,0.1240526167162772,42.62743155599069,8.807006132656316
8.51,36.6,356.2,12.1,-2.140000000000001,-3.7999999999999545,-38.74,4.805798371588579,12045.4,Temuco,La Araucanía,4.802446654575157,0.9978014682920501,0.9971055697339535,7.48029,13121.29940786877,0.16157998379558833,0.9447599380485286,3.8000000000000114,0.1240526167162772,40.897344142218806,8.485368398435943
14.48,41.5,349.7,11.3,2.759999999999998,-10.299999999999956,-38.74,4.805798371588579,20616.5,Temuco,La Araucanía,4.80022363350411,0.9838850379335418,0.9827437288382345,12.843760000000001,22529.450125972206,0.1625332690027498,1.0712441920495612,10.300000000000011,0.1240526167162772,69.58796042060263,14.230129193577636
7.12,42.6,327.4,19.3,3.859999999999999,-32.60000000000002,-38.74,4.805798371588579,8884.7,Temuco,La Araucanía,4.7948965108916966,0.8424523970071474,0.8405413100314176,5.745839999999999,10078.872208124109,0.14244875840131344,1.09963861641714,32.60000000000002,0.1240526167162772,34.21728440571068,5.984654127423694
9.31,34.6,1.9,11.6,-4.140000000000001,1.9000000000000057,-38.74,4.805798371588579,13237.4,Temuco,La Araucanía,4.793258242579216,0.9994502159417572,0.9968422757667301,8.23004,14436.448182989738,0.16231135568863447,0.8931337119256583,1.9,0.1240526167162772,44.74198283948967,9.280601587388258
14.07,53.8,339.9,18.8,15.059999999999995,-20.100000000000023,-38.74,4.805798371588579,17533.0,Temuco,La Araucanía,4.640739680030942,0.939094252094709,0.9068403669928227,11.424840000000001,20040.499275695922,0.1422518847380839,1.3887454827052141,20.100000000000023,0.1240526167162772,67.61758308825131,12.759243963589014
4.12,42.1,334.5,16.5,3.359999999999999,-25.5,-38.74,4.805798371588579,5399.4,Temuco,La Araucanía,4.797537148031449,0.9025852843498606,0.9010337296992387,3.4402,6034.511258647746,0.14960433568293655,1.0867320598864223,25.5,0.1240526167162772,19.799889290944947,3.7122589663608636
9.16,43.0,354.0,15.8,4.259999999999998,-6.0,-38.74,4.805798371588579,12392.4,Temuco,La Araucanía,4.792521082640758,0.9945218953682733,0.9917742656200501,7.71272,13529.008684029312,0.15443859544176586,1.109963861641714,6.0,0.1240526167162772,44.02111308375138,9.084652273079659
3.37,52.8,18.4,17.5,14.059999999999995,18.40000000000001,-38.74,4.805798371588579,4299.6,Temuco,La Araucanía,4.661825563678944,0.9488760116444965,0.9204494458188904,2.78025,4876.882136752339,0.1456444859965042,1.362932369643779,18.4,0.1240526167162772,16.195540512253512,3.101914632409661
10.03,35.1,4.6,17.3,-3.640000000000001,4.599999999999994,-38.74,4.805798371588579,13349.2,Temuco,La Araucanía,4.796103390238444,0.9967788784562471,0.9947680257550658,8.294809999999998,14550.062302582379,0.15193233086129743,0.9060402684563759,4.6,0.1240526167162772,48.20215766703344,9.97752329832331
6.75,38.0,346.7,11.1,-0.740000000000002,-13.299999999999956,-38.74,4.805798371588579,9621.3,Temuco,La Araucanía,4.805397553153674,0.9731788727770884,0.9730977066518146,6.00075,10526.01402108321,0.16271435819381025,0.9808982963345378,13.300000000000011,0.1240526167162772,32.43913900822291,6.568409519899749
14.58,28.7,345.7,20.0,-10.040000000000004,-14.299999999999956,-38.74,4.805798371588579,18388.5,Temuco,La Araucanía,4.73220373888857,0.9690157314068697,0.9541764994376255,11.664000000000001,20460.013755266355,0.14397419997369262,0.7408363448631905,14.300000000000011,0.1240526167162772,70.06854025776148,13.91189336180058
7.4,37.4,15.9,19.4,-1.3400000000000034,15.900000000000006,-38.74,4.805798371588579,9526.3,Temuco,La Araucanía,4.804484115231039,0.9617413095492113,0.9614782992161404,5.9644,10462.251889738565,0.14695637418240157,0.9654104284976768,15.9,0.1240526167162772,35.562907949755484,7.114939414199439
3.77,26.8,300.1,19.0,-11.94,-59.89999999999998,-38.74,4.805798371588579,4179.0,Temuco,La Araucanía,4.701823909690622,0.5015107371594577,0.49066044653127106,3.0537,5356.545267871816,0.12653973329457507,0.6917914300464636,59.89999999999998,0.1240526167162772,18.11785986088894,1.8497898834228919
12.84,44.7,19.9,16.2,5.960000000000001,19.90000000000001,-38.74,4.805798371588579,17003.5,Temuco,La Araucanía,4.779821241889812,0.9402881270104189,0.9352055195556485,10.75992,18874.152195264534,0.15117124710166574,1.153846153846154,19.9,0.1240526167162772,61.70645109119735,12.008038871094525
12.67,42.1,313.1,15.2,3.359999999999999,-46.89999999999998,-38.74,4.805798371588579,15875.5,Temuco,La Araucanía,4.797537148031449,0.6832737736807994,0.6820992180797006,10.744159999999999,18846.507320711808,0.14303643958150883,1.0867320598864223,46.89999999999998,0.1240526167162772,60.889465368027295,8.642197093069807
11.03,36.5,324.6,15.4,-2.240000000000002,-35.39999999999998,-38.74,4.805798371588579,14343.4,Temuco,La Araucanía,4.802126132026999,0.8151277957285544,0.8145049346953254,9.33138,16368.326745166094,0.14844736439018535,0.9421786267423851,35.39999999999998,0.1240526167162772,53.00795603862202,8.983989429689439
11.73,37.9,347.1,10.1,-0.8400000000000034,-12.899999999999975,-38.74,4.805798371588579,16903.0,Temuco,La Araucanía,4.805281906370639,0.9747611941912219,0.9746564394317268,10.54527,18497.631108796093,0.16449839812835992,0.9783169850283944,12.899999999999977,0.1240526167162772,56.37201489873403,11.432720034534155
5.44,44.8,54.3,15.0,6.059999999999995,54.30000000000001,-38.74,4.805798371588579,6604.5,Temuco,La Araucanía,4.778943032663078,0.5835412113561174,0.5802803177862554,4.6240000000000006,8111.034259632341,0.1385916095890411,1.1564274651522972,54.3,0.1240526167162772,26.14354314144187,3.15672492875723
10.35,29.7,41.9,16.2,-9.040000000000004,41.900000000000006,-38.74,4.805798371588579,12893.4,Temuco,La Araucanía,4.746105012011802,0.744311546231154,0.7350663691906457,8.6733,15213.977820949214,0.14220766329164183,0.7666494579246257,41.9,0.1240526167162772,49.74001314594179,7.607936921123183
2.49,40.4,17.7,16.6,1.6599999999999966,17.69999999999999,-38.74,4.805798371588579,3315.7,Temuco,La Araucanía,4.80378151005842,0.9526614812535863,0.9522616754056832,2.07666,3642.7033749152456,0.1520098659478095,1.0428497676819823,17.7,0.1240526167162772,11.966437945255562,2.3711315717601513
4.56,44.3,8.9,13.3,5.559999999999995,8.900000000000006,-38.74,4.805798371588579,6327.1,Temuco,La Araucanía,4.7831884510659,0.9879598657693891,0.9833117943528478,3.9535199999999997,6934.93429198565,0.15839291436353442,1.1435209086215796,8.9,0.1240526167162772,21.91444057444392,4.483901782248985
14.12,24.5,313.4,14.7,-14.240000000000002,-46.60000000000002,-38.74,4.805798371588579,17298.2,Temuco,La Araucanía,4.658134722626023,0.6870875108044228,0.6659759615555425,12.04436,21127.209471311715,0.13984988422781897,0.6324212700051626,46.60000000000002,0.1240526167162772,67.85787300683073,9.40358057716426
11.61,44.2,3.9,16.4,5.460000000000001,3.9000000000000057,-38.74,4.805798371588579,15586.4,Temuco,La Araucanía,4.783993833605828,0.9976842788356053,0.9931576543144284,9.705960000000001,17025.38366838692,0.1532531788451933,1.1409395973154361,3.9,0.1240526167162772,55.795319094143395,11.530560366590512
5.0,25.3,346.3,14.3,-13.44,-13.700000000000044,-38.74,4.805798371588579,6677.1,Temuco,La Araucanía,4.674186059421735,0.971549119997646,0.9449421306527549,4.285,7516.388798123827,0.15244520547945206,0.6530717604543108,13.699999999999989,0.1240526167162772,24.028991857942895,4.724710653263775
3.45,37.8,339.6,19.6,-0.9400000000000048,-20.399999999999977,-38.74,4.805798371588579,4400.2,Temuco,La Araucanía,4.805151621865561,0.9372819894918917,0.9371558529334633,2.7738000000000005,4865.568085936027,0.14559592349943748,0.9757356737222508,20.399999999999977,0.1240526167162772,16.580004381980597,3.2331876926204486
14.34,29.4,3.9,17.1,-9.340000000000003,3.9000000000000057,-38.74,4.805798371588579,18922.3,Temuco,La Araucanía,4.742086245415783,0.9976842788356053,0.9844576343243465,11.88786,20852.690253830646,0.1506331874948256,0.758905524006195,3.9,0.1240526167162772,68.91514864858021,14.11712247621113
3.46,50.2,348.2,10.0,11.46,-11.799999999999956,-38.74,4.805798371588579,4895.4,Temuco,La Araucanía,4.709988297466507,0.9788673887616852,0.9593523467600511,3.114,5462.318487131294,0.16151318394172143,1.2958182756840475,11.800000000000011,0.1240526167162772,16.628062365696483,3.3193591197897767
5.34,29.5,21.7,10.2,-9.240000000000002,21.69999999999999,-38.74,4.805798371588579,7499.3,Temuco,La Araucanía,4.743440284983068,0.9291325715340563,0.9170765248829419,4.79532,8411.549482244842,0.16031544473517692,0.7614868353123386,21.7,0.1240526167162772,25.66296330428301,4.89718864287491
4.37,25.5,311.6,16.9,-13.240000000000002,-48.39999999999998,-38.74,4.805798371588579,5208.0,Temuco,La Araucanía,4.678056630421225,0.6639262126522418,0.6462785537508117,3.6314699999999998,6370.021103552563,0.13604589197830788,0.6582343830665978,48.39999999999998,0.1240526167162772,21.00133888384209,2.824237279891047
2.1,39.8,1.9,14.1,1.0599999999999952,1.9000000000000057,-38.74,4.805798371588579,2904.6,Temuco,La Araucanía,4.804975959228306,0.9994502159417572,0.999279180840508,1.8039,3164.2505841156526,0.15789302022178733,1.0273618998451213,1.9,0.1240526167162772,10.092176580336016,2.098486279765067
6.08,35.4,338.0,18.4,-3.3400000000000034,-22.0,-38.74,4.805798371588579,7850.3,Temuco,La Araucanía,4.797635175459711,0.9271838545667874,0.9256089271422216,4.96128,8702.662640923169,0.14739358026916607,0.9137842023748063,22.0,0.1240526167162772,29.21925409925856,5.627702277024707
14.66,26.7,349.8,11.7,-12.040000000000004,-10.200000000000044,-38.74,4.805798371588579,20344.2,Temuco,La Araucanía,4.700081440889585,0.9841956079692418,0.9625454822592142,12.94478,22706.650965268924,0.15841727559849744,0.68921011874032,10.199999999999989,0.1240526167162772,70.45300412748857,14.110916769920081
6.44,42.9,7.6,10.1,4.159999999999997,7.599999999999994,-38.74,4.805798371588579,9298.4,Temuco,La Araucanía,4.793136842612713,0.9912155402515417,0.9886040481926115,5.789560000000001,10155.562177378246,0.16482316571655461,1.1073825503355703,7.6,0.1240526167162772,30.94934151303045,6.3666100703604185
8.56,22.8,332.1,13.9,-15.94,-27.899999999999977,-38.74,4.805798371588579,11093.9,Temuco,La Araucanía,4.621014537910554,0.8837656300886936,0.8497846786267865,7.37016,12928.118568116759,0.14794707250458752,0.5885389778007227,27.899999999999977,0.1240526167162772,41.137634060798234,7.274156849045293
11.7,30.5,4.1,17.4,-8.240000000000002,4.099999999999994,-38.74,4.805798371588579,15423.6,Temuco,La Araucanía,4.75618530809212,0.997440782930944,0.9871436191568523,9.664200000000001,16952.131767287818,0.150485891581782,0.7872999483737738,4.1,0.1240526167162772,56.227840947586365,11.54958034413517
9.16,34.1,354.7,19.7,-4.640000000000001,-5.2999999999999545,-38.74,4.805798371588579,11819.5,Temuco,La Araucanía,4.790048069746961,0.9957246981845822,0.9924613560018811,7.355480000000001,12902.36813928211,0.14729890729995412,0.8802271553949407,5.300000000000011,0.1240526167162772,44.02111308375138,9.090946020977231
11.67,45.2,343.5,18.8,6.460000000000001,-16.5,-38.74,4.805798371588579,15024.8,Temuco,La Araucanía,4.7752846482803974,0.958819734868193,0.9527318473144502,9.476040000000001,16622.077224404507,0.146971706713933,1.1667527103768716,16.5,0.1240526167162772,56.083666996438716,11.118380658159634
10.6,49.1,348.2,14.8,10.36,-11.799999999999956,-38.74,4.805798371588579,14253.1,Temuco,La Araucanía,4.727450677031353,0.9788673887616852,0.9629091655369811,9.0312,15841.776082524131,0.15349681226845868,1.2674238513164688,11.800000000000011,0.1240526167162772,50.941462738838936,10.206837154692
9.91,47.6,356.1,18.1,8.86,-3.8999999999999777,-38.74,4.805798371588579,12930.3,Temuco,La Araucanía,4.748453822776486,0.9976842788356053,0.9857795440958007,8.11629,14236.917441849342,0.14894668454446178,1.2287041817243158,3.8999999999999773,0.1240526167162772,47.62546186244282,9.769075281989386
10.45,37.5,340.8,10.7,-1.240000000000002,-19.200000000000045,-38.74,4.805798371588579,14835.3,Temuco,La Araucanía,4.804672946209716,0.9443763702374808,0.9441552154881374,9.33185,16369.151179876739,0.16206003801533722,0.9679917398038203,19.19999999999999,0.1240526167162772,50.220592983100644,9.866422001851035
12.39,19.3,0.2,15.7,-19.44,0.1999999999999886,-38.74,4.805798371588579,15888.2,Temuco,La Araucanía,4.531822381817369,0.9999939076577904,0.9429847908718193,10.44477,18321.34241003029,0.14638591292875017,0.4981930820856995,0.2,0.1240526167162772,59.5438418239825,11.683581558901842
11.23,41.9,353.0,19.2,3.1599999999999966,-7.0,-38.74,4.805798371588579,14587.0,Temuco,La Araucanía,4.79849111492605,0.992546151641322,0.9910369769072495,9.07384,15916.57160606019,0.14827984402509586,1.0815694372741351,7.0,0.1240526167162772,53.96911571293974,11.129345250668411
12.29,50.5,344.7,14.0,11.759999999999998,-15.299999999999956,-38.74,4.805798371588579,16557.9,Temuco,La Araucanía,4.704924257114434,0.9645574184577983,0.9443112766259605,10.5694,18539.957937663938,0.15379749657255595,1.303562209602478,15.300000000000011,0.1240526167162772,59.063261986823626,11.605585589733053
3.89,48.6,39.7,19.6,9.86,39.69999999999999,-38.74,4.805798371588579,4678.7,Temuco,La Araucanía,4.734812477638304,0.7693995550468952,0.7580348428811008,3.1275600000000003,5486.104305591636,0.13730030167505955,1.254517294785751,39.7,0.1240526167162772,18.694555665479573,2.948755538807482
10.81,42.4,10.4,12.2,3.6599999999999966,10.400000000000006,-38.74,4.805798371588579,15217.4,Temuco,La Araucanía,4.795996595623988,0.9835714708133859,0.9815654051284268,9.49118,16648.634546785743,0.1606980683368604,1.0944759938048527,10.4,0.1240526167162772,51.95068039687254,10.610722029438294
11.58,29.2,350.4,11.1,-9.540000000000004,-9.600000000000025,-38.74,4.805798371588579,16334.1,Temuco,La Araucanía,4.739334834798561,0.9859960370705049,0.9723598461990629,10.29462,18057.961831724973,0.16102100929803392,0.7537429013939081,9.600000000000023,0.1240526167162772,55.651145142995745,11.259927018985149
5.9,34.5,3.6,15.2,-4.240000000000002,3.5999999999999943,-38.74,4.805798371588579,8041.6,Temuco,La Araucanía,4.79264540260384,0.9980267284282716,0.9952952333487937,5.0032000000000005,8776.195200647173,0.15559167247117098,0.8905524006195147,3.6,0.1240526167162772,28.354210392372618,5.872241876757883
13.37,54.2,334.3,19.1,15.46,-25.700000000000045,-38.74,4.805798371588579,16404.1,Temuco,La Araucanía,4.6319091404022465,0.9010770213220912,0.8684731585791823,10.816329999999999,18973.10190170611,0.14006089418482734,1.3990707279297883,25.69999999999999,0.1240526167162772,64.2535242281393,11.611486130203666
5.96,27.4,349.1,13.1,-11.340000000000003,-10.899999999999975,-38.74,4.805798371588579,8156.9,Temuco,La Araucanía,4.711977765784736,0.9819587126964437,0.9627885448749651,5.17924,9084.989852694247,0.15623371946921638,0.7072792978833247,10.899999999999977,0.1240526167162772,28.64255829466793,5.738219727454792
5.17,29.6,352.0,18.0,-9.14,-8.0,-38.74,4.805798371588579,6735.6,Temuco,La Araucanía,4.744779875208616,0.9902680687415704,0.9776947845761494,4.2394,7436.401090027106,0.14872419914681648,0.7640681466184822,8.0,0.1240526167162772,24.84597758111295,5.054682036258693
13.27,46.3,328.8,11.7,7.559999999999995,-31.19999999999999,-38.74,4.805798371588579,18057.7,Temuco,La Araucanía,4.764024599137167,0.8553642601605067,0.8479291184412331,11.71741,20553.70111249104,0.15534146786275907,1.19514713474445,31.19999999999999,0.1240526167162772,63.77294439098044,11.252019401715163
5.21,35.3,9.7,17.5,-3.440000000000005,9.699999999999989,-38.74,4.805798371588579,6903.1,Temuco,La Araucanía,4.797139192785424,0.9857034690888536,0.983927409852538,4.2982499999999995,7539.630840498421,0.15125242114304246,0.9112028910686628,9.7,0.1240526167162772,25.038209515976494,5.126261805331723
7.4,29.3,347.4,15.6,-9.44,-12.600000000000025,-38.74,4.805798371588579,9885.3,Temuco,La Araucanía,4.740717760631401,0.9759167619387473,0.9627007977639269,6.2456000000000005,10955.509423001675,0.15249444650129582,0.7563242127000516,12.600000000000023,0.1240526167162772,35.562907949755484,7.123985903453059
6.78,51.0,351.1,11.8,12.259999999999998,-8.899999999999977,-38.74,4.805798371588579,9410.8,Temuco,La Araucanía,4.696197620298861,0.9879598657693892,0.9654285119421955,5.97996,10489.545941010167,0.15845018251370535,1.3164687661331955,8.899999999999977,0.1240526167162772,32.583312959370566,6.545605310968085
13.67,42.4,345.8,17.2,3.6599999999999966,-14.200000000000044,-38.74,4.805798371588579,18094.9,Temuco,La Araucanía,4.795996595623988,0.9694453498951386,0.9674680954631252,11.318760000000001,19854.42260738671,0.15110664622394138,1.0944759938048527,14.199999999999989,0.1240526167162772,65.69526373961587,13.225288864980921
7.92,35.7,74.0,17.1,-3.039999999999999,74.0,-38.74,4.805798371588579,8443.7,Temuco,La Araucanía,4.799035431089134,0.27563735581699916,0.2752494662526273,6.5656799999999995,11516.967002115669,0.12170362298786958,0.921528136293237,74.0,0.1240526167162772,38.061923102981545,2.1799757727208084
11.03,29.6,343.4,15.2,-9.14,-16.600000000000023,-38.74,4.805798371588579,14745.9,Temuco,La Araucanía,4.744779875208616,0.9583225744651331,0.9461548974176444,9.353439999999999,16407.02255307429,0.15261304785205979,0.7640681466184822,16.600000000000023,0.1240526167162772,53.00795603862202,10.436088518516616
12.32,55.1,308.3,12.3,16.36,-51.69999999999999,-38.74,4.805798371588579,15061.5,Temuco,La Araucanía,4.611215691344053,0.6197790317951403,0.594684707014679,10.804640000000001,18952.596280924303,0.13955757427504004,1.42230252968508,51.69999999999999,0.1240526167162772,59.20743593797129,7.326515590420845
10.16,38.5,320.0,11.3,-0.240000000000002,-40.0,-38.74,4.805798371588579,13663.6,Temuco,La Araucanía,4.805756210469106,0.766044443118978,0.7660377226349313,9.01192,15807.956718223588,0.15352083558048393,0.9938048528652556,40.0,0.1240526167162772,48.82691145533996,7.782943261970902
14.27,49.9,19.0,19.6,11.159999999999997,19.0,-38.74,4.805798371588579,17915.2,Temuco,La Araucanía,4.714923211110171,0.9455185755993168,0.9276393085870179,11.47308,20125.117851103503,0.14331563806945632,1.2880743417656169,19.0,0.1240526167162772,68.57874276256902,13.237412933536746
12.43,45.9,33.4,16.6,7.159999999999997,33.400000000000006,-38.74,4.805798371588579,15906.9,Temuco,La Araucanía,4.768322557112182,0.8348478632634064,0.8283376850951671,10.36662,18184.25821293032,0.14608657798741445,1.184821889519876,33.4,0.1240526167162772,59.73607375884603,10.296237425732928
7.2,34.6,343.0,18.1,-4.140000000000001,-17.0,-38.74,4.805798371588579,9388.7,Temuco,La Araucanía,4.793258242579216,0.9563047559630354,0.9538093984626166,5.8968,10343.67362071799,0.1488568619989853,0.8931337119256583,17.0,0.1240526167162772,34.60174827543777,6.86742766893084
14.36,34.6,32.0,17.0,-4.140000000000001,32.0,-38.74,4.805798371588579,18446.8,Temuco,La Araucanía,4.793258242579216,0.848048096156426,0.8458352208525395,11.9188,20906.96261542083,0.14664339044275704,0.8931337119256583,32.0,0.1240526167162772,69.01126461601199,12.146193771442466
8.82,50.3,18.5,18.3,11.559999999999995,18.5,-38.74,4.805798371588579,11241.5,Temuco,La Araucanía,4.7083146246447045,0.9483236552061993,0.9290872794623596,7.20594,12640.057571984227,0.14549617411652638,1.298399586990191,18.5,0.1240526167162772,42.38714163741127,8.194549804858012
2.29,50.4,355.3,11.6,11.659999999999997,-4.7000000000000455,-38.74,4.805798371588579,3199.6,Temuco,La Araucanía,4.706626609480018,0.9966373868180365,0.9760709214377288,2.02436,3550.963086900805,0.15949831508843293,1.3009808982963345,4.699999999999989,0.1240526167162772,11.005278270937845,2.235202410092399
5.38,23.7,353.5,15.0,-15.040000000000004,-6.5,-38.74,4.805798371588579,7117.7,Temuco,La Araucanía,4.641175273236544,0.9935718556765875,0.9595369535292481,4.5729999999999995,8021.574322945217,0.1510265485223473,0.6117707795560144,6.5,0.1240526167162772,25.855195239146553,5.162308809987355
10.08,43.1,4.5,16.7,4.359999999999999,4.5,-38.74,4.805798371588579,13505.2,Temuco,La Araucanía,4.791890723818444,0.996917333733128,0.9940323239883434,8.39664,14728.683976167667,0.1529453866782634,1.1125451729478575,4.5,0.1240526167162772,48.442447585612875,10.019845825802502
4.04,37.8,21.9,11.0,-0.9400000000000048,21.90000000000001,-38.74,4.805798371588579,5690.4,Temuco,La Araucanía,4.805151621865561,0.9278362538989199,0.9277113885188486,3.5956,6307.1009480826215,0.16078936660789364,0.9757356737222508,21.9,0.1240526167162772,19.415425421217858,3.7479540096161483
9.59,30.5,9.9,11.5,-8.240000000000002,9.900000000000006,-38.74,4.805798371588579,13504.6,Temuco,La Araucanía,4.75618530809212,0.9851093261547739,0.9749394672113754,8.48715,14887.449052041222,0.16075297232181546,0.7872999483737738,9.9,0.1240526167162772,46.08760638353447,9.349669490557089
6.7,40.8,343.1,16.3,2.059999999999995,-16.899999999999977,-38.74,4.805798371588579,8940.5,Temuco,La Araucanía,4.802692539717585,0.9568135840576075,0.9561952264208131,5.6079,9836.90939113153,0.15232910788523138,1.0531750129065565,16.899999999999977,0.1240526167162772,32.19884908964348,6.406508017019448
8.95,27.9,355.6,18.7,-10.840000000000003,-4.399999999999977,-38.74,4.805798371588579,11521.9,Temuco,La Araucanía,4.720044640298826,0.9970527522269202,0.9792615368688957,7.276349999999999,12763.564908104621,0.14695926124333564,0.7201858544140423,4.399999999999977,0.1240526167162772,43.011895425717775,8.764390754976615
2.02,35.0,49.5,16.6,-3.740000000000002,49.5,-38.74,4.805798371588579,2468.1,Temuco,La Araucanía,4.795563573520984,0.6494480483301837,0.6480649337847735,1.68468,2955.124826236464,0.139478502644785,0.9034589571502323,49.5,0.1240526167162772,9.707712710608929,1.3090911662452425
13.03,32.4,6.3,10.4,-6.340000000000003,6.300000000000011,-38.74,4.805798371588579,18699.0,Temuco,La Araucanía,4.776406609694357,0.9939609554551797,0.9878819938600358,11.67488,20479.098541759602,0.16382110829592406,0.8363448631905007,6.3,0.1240526167162772,62.61955278179918,12.872102379996265
6.71,34.7,21.7,19.7,-4.039999999999999,21.69999999999999,-38.74,4.805798371588579,8510.1,Temuco,La Araucanía,4.793856481458715,0.9291325715340563,0.9268237774009245,5.38813,9451.407228666263,0.14477982157074903,0.8957150232318017,21.7,0.1240526167162772,32.24690707335937,6.218987546360204
3.82,38.2,13.5,11.4,-0.5399999999999991,13.5,-38.74,4.805798371588579,5425.9,Temuco,La Araucanía,4.805584932189093,0.9723699203976766,0.9723267346383415,3.3845199999999998,5936.842057182276,0.16214528198140046,0.986060918946825,13.5,0.1240526167162772,18.35814977946837,3.7142881263184644
7.69,30.6,6.8,12.3,-8.14,6.800000000000011,-38.74,4.805798371588579,10753.9,Temuco,La Araucanía,4.757380187734522,0.9929655081065369,0.9829614291138623,6.74413,11829.989074700316,0.159637731502099,0.7898812596799174,6.8,0.1240526167162772,36.956589477516175,7.558973389885601
8.32,51.3,2.7,19.7,12.559999999999995,2.6999999999999886,-38.74,4.805798371588579,10511.4,Temuco,La Araucanía,4.69078993040082,0.99888987496197,0.9749852583811381,6.680960000000001,11719.181541356678,0.1442225368809273,1.3242127000516262,2.7,0.1240526167162772,39.98424245161698,8.111877349731069
10.29,42.7,22.4,17.7,3.960000000000001,22.40000000000001,-38.74,4.805798371588579,13364.5,Temuco,La Araucanía,4.794324558547177,0.924546033612313,0.9223386858383091,8.46867,14855.03298086518,0.14826315392432252,1.1022199277232834,22.4,0.1240526167162772,49.451665243646474,9.4908650772762
8.82,53.1,18.0,19.4,14.36,18.0,-38.74,4.805798371588579,10979.3,Temuco,La Araucanía,4.655648618596174,0.9510565162951535,0.9213422232761704,7.10892,12469.87319831002,0.14210257923565164,1.3706763035622096,18.0,0.1240526167162772,42.38714163741127,8.126238409295823
2.57,37.5,6.6,18.1,-1.240000000000002,6.599999999999994,-38.74,4.805798371588579,3385.4,Temuco,La Araucanía,4.804672946209716,0.9933727656003964,0.9931401368393383,2.1048299999999998,3692.1168340618374,0.150374002807242,0.9679917398038203,6.6,0.1240526167162772,12.350901814982647,2.552370151677099
13.33,34.3,342.7,16.5,-4.440000000000005,-17.299999999999955,-38.74,4.805798371588579,17697.1,Temuco,La Araucanía,4.791375926877202,0.9547607995027977,0.951895513908457,11.13055,19524.280358683118,0.1515541556622032,0.8853897780072275,17.30000000000001,0.1240526167162772,64.06129229327576,12.688767200399731
7.93,52.8,9.6,12.8,14.059999999999995,9.599999999999994,-38.74,4.805798371588579,10784.8,Temuco,La Araucanía,4.661825563678944,0.985996037070505,0.9564574241141132,6.91496,12129.644780274059,0.1552511415525114,1.362932369643779,9.6,0.1240526167162772,38.10998108669743,7.5847073732249175
3.0,34.1,358.3,13.3,-4.640000000000001,-1.7000000000000457,-38.74,4.805798371588579,4185.2,Temuco,La Araucanía,4.790048069746961,0.999559860119384,0.9962839487539137,2.601,4562.456771043191,0.15925418569254185,0.8802271553949407,1.6999999999999886,0.1240526167162772,14.417395114765736,2.988851846261741
12.05,37.3,352.3,19.5,-1.4400000000000048,-7.700000000000045,-38.74,4.805798371588579,15611.8,Temuco,La Araucanía,4.804280648960532,0.9909831997148362,0.9906702366002965,9.70025,17015.36766371077,0.14789783815532692,0.9628291171915332,7.699999999999989,0.1240526167162772,57.90987037764238,11.937576351033574
13.19,46.3,342.9,16.8,-6.859999999999999,-17.100000000000023,-53.16,3.930569797066486,14912.4,Punta Arenas,Magallanes,3.902430735197188,0.95579301479833,0.9489504652021554,10.974079999999999,15744.051400485854,0.12906207483876328,0.8709556057185854,17.100000000000023,0.07393848376724015,51.844215623306944,12.51665663601643
6.67,54.3,29.7,15.1,1.1400000000000006,29.69999999999999,-53.16,3.930569797066486,7572.5,Punta Arenas,Magallanes,3.929791804177619,0.8686315144381913,0.8684595828414587,5.66283,8124.224225831532,0.12960129524278957,1.0214446952595937,29.7,0.07393848376724015,26.21690054643346,5.79262541755253
6.85,43.4,51.3,12.3,-9.759999999999998,51.30000000000001,-53.16,3.930569797066486,7390.7,Punta Arenas,Magallanes,3.8736806439446636,0.625242656335705,0.6161931986104857,6.0074499999999995,8618.636057496276,0.12316601673166017,0.81640331075997,51.3,0.07393848376724015,26.924403109905427,4.220923410481827
5.87,66.6,332.2,11.4,13.439999999999998,-27.799999999999955,-53.16,3.930569797066486,6793.7,Punta Arenas,Magallanes,3.8229266253963265,0.8845809752150843,0.8603557084758192,5.20082,7461.397894372453,0.13211865923004518,1.252821670428894,27.80000000000001,0.07393848376724015,23.072444708780274,5.050288008753059
6.24,53.5,18.0,14.9,0.3400000000000034,18.0,-53.16,3.930569797066486,7259.7,Punta Arenas,Magallanes,3.93050059217184,0.9510565162951535,0.9510397711998084,5.31024,7618.378170098634,0.132809755883386,1.0063957863054929,18.0,0.07393848376724015,24.526755533694875,5.934488172286804
13.19,52.2,288.1,15.1,-0.9599999999999936,-71.89999999999998,-53.16,3.930569797066486,12536.3,Punta Arenas,Magallanes,3.9300180849039963,0.31067642963073216,0.3106328217128791,11.19831,16065.744758428475,0.10849768573812318,0.9819413092550792,71.89999999999998,0.07393848376724015,51.844215623306944,4.097246918392875
2.14,65.9,16.7,17.7,12.740000000000007,16.69999999999999,-53.16,3.930569797066486,2347.2,Punta Arenas,Magallanes,3.833802409896731,0.9578224948453149,0.9342416948636503,1.76122,2526.7483203661445,0.12520803994366916,1.2396538750940558,16.7,0.07393848376724015,8.41141936572228,1.9992772270082118
7.67,53.0,313.2,17.1,-0.1599999999999966,-46.80000000000001,-53.16,3.930569797066486,8075.2,Punta Arenas,Magallanes,3.930554471380063,0.6845471059286885,0.6845444368107669,6.358429999999999,9122.172313887932,0.12018598227096022,0.9969902182091799,46.80000000000001,0.07393848376724015,30.147470343499947,5.250455830338582
14.26,56.4,346.9,19.1,3.240000000000002,-13.100000000000025,-53.16,3.930569797066486,15827.0,Punta Arenas,Magallanes,3.924286978202699,0.9739759672790516,0.9724191155002934,11.53634,16550.702194031845,0.12669952032379744,1.0609480812641083,13.100000000000023,0.07393848376724015,56.049925306168085,13.866696587034182
9.05,47.2,327.2,19.7,-5.959999999999994,-32.80000000000001,-53.16,3.930569797066486,9596.9,Punta Arenas,Magallanes,3.9093236037155363,0.8405666034956841,0.8360230280080923,7.267150000000001,10425.874709774376,0.12105376018567572,0.887885628291949,32.80000000000001,0.07393848376724015,35.5716566634517,7.566008403473235
7.86,42.2,354.6,17.3,-10.959999999999994,-5.399999999999977,-53.16,3.930569797066486,8818.5,Punta Arenas,Magallanes,3.8588768093886703,0.99556196460308,0.9774030677138656,6.50022,9325.592468294943,0.12807609188190594,0.7938299473288187,5.399999999999977,0.07393848376724015,30.89427860494258,7.682388112230984
6.06,48.3,21.0,10.8,-4.859999999999999,21.0,-53.16,3.930569797066486,7332.3,Punta Arenas,Magallanes,3.9164381630501612,0.9335804264972017,0.9302239113878888,5.40552,7755.072382045174,0.13812220263122205,0.9085778781038375,21.0,0.07393848376724015,23.8192529702229,5.637156903010606
2.96,70.0,313.6,14.1,16.840000000000003,-46.39999999999998,-53.16,3.930569797066486,3097.5,Punta Arenas,Magallanes,3.762017066975941,0.6896195437356701,0.6600469212351882,2.54264,3647.8187559167923,0.11945807108478342,1.3167795334838226,46.39999999999998,0.07393848376724015,11.634486599316798,1.953738886856157
4.92,58.2,351.0,16.1,5.040000000000006,-9.0,-53.16,3.930569797066486,5671.2,Punta Arenas,Magallanes,3.9153726779409856,0.9876883405951378,0.9838695514256656,4.12788,5922.095965678904,0.13158480899877492,1.0948081264108354,9.0,0.07393848376724015,19.33840340156711,4.840638193014274
3.18,55.4,347.2,15.9,2.240000000000002,-12.799999999999956,-53.16,3.930569797066486,3670.1,Punta Arenas,Magallanes,3.9275663431567938,0.9751493543055634,0.9744042165031743,2.67438,3836.820597665714,0.1317488010108842,1.0421369450714824,12.800000000000011,0.07393848376724015,12.499211954671425,3.0986054084800947
3.65,45.3,39.5,11.8,-7.859999999999999,39.5,-53.16,3.930569797066486,4149.5,Punta Arenas,Magallanes,3.8936427865626446,0.77162458338772,0.7643753064210455,3.2193,4618.594421909091,0.1297773190717458,0.8521444695259593,39.5,0.07393848376724015,14.346579759292673,2.789969868436816
4.13,60.5,10.8,15.8,7.340000000000003,10.800000000000011,-53.16,3.930569797066486,4745.4,Punta Arenas,Magallanes,3.8983607155362363,0.9822872507286886,0.974237891023015,3.4774599999999998,4988.96572497499,0.13116521277654317,1.1380737396538751,10.8,0.07393848376724015,16.233253261884585,4.023602489925052
5.93,42.3,330.6,13.5,-10.86,-29.399999999999977,-53.16,3.930569797066486,6738.4,Punta Arenas,Magallanes,3.8601752058409513,0.8712138111201896,0.855610795967115,5.129449999999999,7359.006354630379,0.12971732618756113,0.7957110609480813,29.399999999999977,0.07393848376724015,23.30827889660426,5.073772020084991
2.14,40.6,348.2,13.4,-12.559999999999995,-11.799999999999956,-53.16,3.930569797066486,2494.2,Punta Arenas,Magallanes,3.8365066112256545,0.9788673887616852,0.955441933965961,1.85324,2658.7655473111554,0.13304954551273843,0.7637321294206171,11.800000000000011,0.07393848376724015,8.41141936572228,2.044645738687157
14.35,48.7,38.9,18.3,-4.459999999999994,38.900000000000006,-53.16,3.930569797066486,15245.4,Punta Arenas,Magallanes,3.9186675033263074,0.778243148526021,0.7758865236514414,11.723949999999999,16819.858376895932,0.12127822060999474,0.916102332580888,38.9,0.07393848376724015,56.40367658790407,11.133971614398185
3.61,68.8,17.9,14.2,15.64,17.900000000000006,-53.16,3.930569797066486,4076.1,Punta Arenas,Magallanes,3.785038841328937,0.9515944038794382,0.9163612315352058,3.09738,4443.680921483794,0.12889424353963497,1.2942061700526712,17.9,0.07393848376724015,14.189356967410014,3.3080640458420927
6.98,68.3,337.0,15.3,15.14,-23.0,-53.16,3.930569797066486,7740.9,Punta Arenas,Magallanes,3.7941417993047195,0.9205048534524404,0.8885546170820722,5.91206,8481.784033172386,0.1265994818856223,1.2848006019563583,23.0,0.07393848376724015,27.435377183524075,6.202111227232864
13.43,49.6,353.3,15.6,-3.559999999999995,-6.7000000000000455,-53.16,3.930569797066486,15626.5,Punta Arenas,Magallanes,3.9229850601081413,0.993170649538486,0.9912541492547053,11.334919999999999,16261.733384520168,0.13282554221619286,0.9330323551542514,6.699999999999989,0.07393848376724015,52.7875523746029,13.312543224490692
3.39,47.8,354.1,15.6,-5.359999999999999,-5.899999999999977,-53.16,3.930569797066486,3929.8,Punta Arenas,Magallanes,3.913383073974309,0.9947028171171742,0.9903534014447798,2.86116,4104.786014409782,0.13233253862421035,0.8991723100075245,5.899999999999977,0.07393848376724015,13.324631612055388,3.3572980308978035
8.29,40.0,346.6,12.1,-13.159999999999997,-13.399999999999975,-53.16,3.930569797066486,9745.4,Punta Arenas,Magallanes,3.8273455055281813,0.9727758782093967,0.9472289203793489,7.286909999999999,10454.223551378736,0.13419645168575223,0.7524454477050414,13.399999999999977,0.07393848376724015,32.58442361768117,7.852527749944802
12.98,53.8,317.2,16.0,0.6400000000000006,-42.80000000000001,-53.16,3.930569797066486,14052.0,Punta Arenas,Magallanes,3.930324588473966,0.7337298645028764,0.7336840907660765,10.9032,15642.362843151988,0.12358317326973003,1.0120391271632807,42.80000000000001,0.07393848376724015,51.01879596592299,9.523219498143673
9.24,54.5,343.1,13.3,1.3400000000000034,-16.899999999999977,-53.16,3.930569797066486,10956.6,Punta Arenas,Magallanes,3.9294948921401605,0.9568135840576075,0.956551921324676,8.01108,11493.159817807435,0.13536292474648637,1.0252069224981188,16.899999999999977,0.07393848376724015,36.31846492489433,8.838539753040006
4.73,59.5,34.7,16.6,6.340000000000003,34.69999999999999,-53.16,3.930569797066486,5186.3,Punta Arenas,Magallanes,3.906530841902037,0.8221440410307376,0.8171158937743762,3.94482,5659.467476605292,0.12516773340284013,1.1192626034612492,34.7,0.07393848376724015,18.59159514012448,3.8649581775527997
11.56,60.4,350.5,11.5,7.240000000000002,-9.5,-53.16,3.930569797066486,14002.9,Punta Arenas,Magallanes,3.8992312086037115,0.9862856015372314,0.9784219074243822,10.2306,14677.411888541963,0.13827894171367175,1.1361926260346125,9.5,0.07393848376724015,45.43738685408858,11.310557249825859
10.86,51.6,357.4,19.9,-1.5599999999999952,-2.6000000000000227,-53.16,3.930569797066486,12020.7,Punta Arenas,Magallanes,3.9291129880539057,0.9989705697907146,0.9986003157551651,8.69886,12479.888880492066,0.126355987789803,0.9706546275395035,2.6000000000000227,0.07393848376724015,42.68598799614203,10.844799429101093
6.71,57.6,3.5,17.7,4.440000000000005,3.5,-53.16,3.930569797066486,7611.4,Punta Arenas,Magallanes,3.9187739577076117,0.9981347984218669,0.9951393452564062,5.522329999999999,7922.65478021347,0.1294905035080198,1.0835214446952597,3.5,0.07393848376724015,26.37412333831612,6.677385006670486
2.6,47.6,55.5,14.2,-5.559999999999995,55.5,-53.16,3.930569797066486,2722.2,Punta Arenas,Magallanes,3.9120775791561586,0.5664062369248328,0.5637414559643726,2.2308,3200.4350127030098,0.11952054794520547,0.8954100827689994,55.5,0.07393848376724015,10.219481472372864,1.465727785507369
2.1,57.5,0.2,13.0,4.340000000000003,0.1999999999999886,-53.16,3.930569797066486,2523.4,Punta Arenas,Magallanes,3.9192990669959475,0.9999939076577904,0.9971264706226293,1.827,2621.1201220227713,0.13717112415742552,1.081640331075997,0.2,0.07393848376724015,8.254196573839621,2.0939655883075217
12.73,49.1,27.3,13.9,-4.059999999999995,27.30000000000001,-53.16,3.930569797066486,14704.0,Punta Arenas,Magallanes,3.9207058532767576,0.8886172326549487,0.8863872072677811,10.96053,15724.611784912013,0.13185693737512869,0.9236267870579384,27.3,0.07393848376724015,50.03615351665637,11.283709148518854
6.18,56.8,345.0,17.2,3.640000000000001,-15.0,-53.16,3.930569797066486,7005.5,Punta Arenas,Magallanes,3.9226404588105894,0.9659258262890683,0.9639772150183897,5.11704,7341.202249149099,0.12940365887898805,1.0684725357411589,15.0,0.07393848376724015,24.29092134587088,5.957379188813649
3.79,56.2,353.5,16.6,3.0400000000000063,-6.5,-53.16,3.930569797066486,4364.4,Punta Arenas,Magallanes,3.925038518471107,0.9935718556765875,0.9921736556643713,3.16086,4534.753009795784,0.13145624751509016,1.0571858540255832,6.5,0.07393848376724015,14.896859530881981,3.7603381549679673
8.74,53.7,0.3,17.0,0.5400000000000063,0.3000000000000113,-53.16,3.930569797066486,10036.5,Punta Arenas,Magallanes,3.9303952290983237,0.9999862922474267,0.9999418799651775,7.2542,10407.295888986091,0.1310891508103194,1.0101580135440182,0.3,0.07393848376724015,34.35318002636109,8.73949203089565
13.97,59.5,340.6,18.9,6.340000000000003,-19.399999999999977,-53.16,3.930569797066486,15362.5,Punta Arenas,Magallanes,3.906530841902037,0.9432226579476011,0.9374540064911591,11.329670000000002,16254.201430146546,0.1255340047002219,1.1192626034612492,19.399999999999977,0.07393848376724015,54.91006006501881,13.096232470681493
2.11,40.6,354.9,14.6,-12.559999999999995,-5.100000000000023,-53.16,3.930569797066486,2432.7,Punta Arenas,Magallanes,3.8365066112256545,0.9960410654107695,0.9722046242131708,1.8019399999999999,2585.167593145984,0.13161397130429137,0.7637321294206171,5.100000000000023,0.07393848376724015,8.293502271810285,2.0513517570897903
2.73,44.6,22.2,16.7,-8.559999999999995,22.19999999999999,-53.16,3.930569797066486,3053.9,Punta Arenas,Magallanes,3.886785354143881,0.9258705848099948,0.9155568822509951,2.2740899999999997,3262.5413564809874,0.12769916537039824,0.8389766741911212,22.2,0.07393848376724015,10.730455545991507,2.4994702885452167
7.42,51.0,340.0,14.4,-2.1599999999999966,-20.0,-53.16,3.930569797066486,8649.6,Punta Arenas,Magallanes,3.9277770196875963,0.9396926207859084,0.9390249434694036,6.35152,9112.25882727426,0.1330724070450098,0.9593679458239278,20.0,0.07393848376724015,29.164827894233326,6.9675650805429745
10.79,41.6,0.0,16.4,-11.559999999999995,0.0,-53.16,3.930569797066486,12229.7,Punta Arenas,Magallanes,3.8508397206430325,1.0,0.9797153897424851,9.02044,12941.2461923914,0.12938688367802084,0.7825432656132432,0.0,0.07393848376724015,42.41084811034738,10.571129055321412
8.19,49.9,17.7,14.7,-3.259999999999998,17.69999999999999,-53.16,3.930569797066486,9530.3,Punta Arenas,Magallanes,3.9242091941288035,0.9526614812535863,0.9511198469030653,6.98607,10022.621045900176,0.13283684859027325,0.9386756960120392,17.7,0.07393848376724015,32.19136663797452,7.789671546136105
13.67,50.2,339.4,17.8,-2.9599999999999937,-20.600000000000023,-53.16,3.930569797066486,15281.5,Punta Arenas,Magallanes,3.9253257439721088,0.9360595357389732,0.9348106720478674,11.23674,16120.878664443435,0.12761254354935148,0.9443190368698271,20.600000000000023,0.07393848376724015,53.73088912589886,12.778861886894347
2.57,63.6,27.4,10.1,10.440000000000005,27.40000000000001,-53.16,3.930569797066486,3059.8,Punta Arenas,Magallanes,3.8655000198245015,0.8878153851364012,0.8731177834334757,2.3104299999999998,3314.676827326257,0.1359113764369348,1.196388261851016,27.4,0.07393848376724015,10.101564378460868,2.2439127034240323
6.42,54.3,1.8,12.2,1.1400000000000006,1.8000000000000114,-53.16,3.930569797066486,7803.5,Punta Arenas,Magallanes,3.929791804177619,0.9995065603657316,0.9993087241647511,5.63676,8086.822692399057,0.13875552995063942,1.0214446952595937,1.8,0.07393848376724015,25.23425809716684,6.415562009137703
6.57,61.4,355.9,13.0,8.240000000000002,-4.100000000000023,-53.16,3.930569797066486,7823.2,Punta Arenas,Magallanes,3.8899922293366394,0.997440782930944,0.9871436191568523,5.7159,8200.3615246141,0.13592988747802032,1.1550037622272387,4.100000000000023,0.07393848376724015,25.823843566726815,6.4855335778605205
6.42,55.6,309.8,19.5,2.440000000000005,-50.19999999999999,-53.16,3.930569797066486,6475.7,Punta Arenas,Magallanes,3.927006153426911,0.6401096994849557,0.6395293452419393,5.1681,7414.455885400046,0.11514566352295197,1.0458991723100075,50.19999999999999,0.07393848376724015,25.23425809716684,4.10577839645325
8.34,48.9,350.7,15.1,-4.259999999999998,-9.299999999999956,-53.16,3.930569797066486,9741.5,Punta Arenas,Magallanes,3.919710558519618,0.9868557164068074,0.9841292665053707,7.08066,10158.325343843326,0.13333853465173068,0.9198645598194132,9.300000000000011,0.07393848376724015,32.78095210753449,8.20763808265479
12.28,54.2,9.3,13.6,1.0400000000000065,9.300000000000011,-53.16,3.930569797066486,14620.7,Punta Arenas,Magallanes,3.9299223041723064,0.9868557164068072,0.9866931491209062,10.609919999999999,15221.60635197145,0.13591446908512192,1.0195635816403312,9.3,0.07393848376724015,48.26739710797644,12.116591871204728
6.13,59.0,43.6,14.0,5.840000000000003,43.599999999999994,-53.16,3.930569797066486,6736.8,Punta Arenas,Magallanes,3.9101698088008976,0.7241718614374676,0.7204133484893909,5.2718,7563.229917503912,0.12545531743726118,1.1098570353649362,43.6,0.07393848376724015,24.094392856017556,4.416133826239966
11.68,62.7,14.2,14.5,9.540000000000006,14.199999999999989,-53.16,3.930569797066486,13518.3,Punta Arenas,Magallanes,3.8762105522306056,0.969445349895139,0.956038052772649,9.9864,14327.068410820035,0.1321219975605179,1.1794582392776525,14.2,0.07393848376724015,45.90905522973655,11.16652445638454
3.9,52.1,28.2,18.7,-1.0599999999999952,28.19999999999999,-53.16,3.930569797066486,4260.6,Punta Arenas,Magallanes,3.929897161859164,0.8813034520649923,0.8811526353231968,3.1706999999999996,4548.870044278928,0.12471022128556376,0.9800601956358165,28.2,0.07393848376724015,15.329222208559294,3.4364952777604674
9.29,40.0,329.8,19.6,-13.159999999999997,-30.19999999999999,-53.16,3.930569797066486,9711.9,Punta Arenas,Magallanes,3.8273455055281813,0.8642748019537048,0.8415772902105821,7.46916,10715.689967491846,0.11933954613150095,0.7524454477050414,30.19999999999999,0.07393848376724015,36.51499341474765,7.818253026056308
6.88,39.4,356.8,18.4,-13.759999999999998,-3.2000000000000455,-53.16,3.930569797066486,7535.3,Punta Arenas,Magallanes,3.8177646882657634,0.9984407641819809,0.9697860843646465,5.61408,8054.284649504982,0.1250282069661251,0.7411587659894658,3.1999999999999886,0.07393848376724015,27.04232020381742,6.672128260428768
9.01,50.5,30.5,18.4,-2.6599999999999966,30.5,-53.16,3.930569797066486,9802.6,Punta Arenas,Magallanes,3.9263346790272786,0.8616291604415258,0.8607007705670561,7.3521600000000005,10547.834984308121,0.12419736568703472,0.9499623777276148,30.5,0.07393848376724015,35.41443387156904,7.754913942809175
3.4,34.5,337.8,12.0,-18.659999999999997,-22.200000000000045,-53.16,3.930569797066486,3849.6,Punta Arenas,Magallanes,3.7239549816179216,0.9258705848099944,0.8772011577583381,2.992,4292.496663980368,0.12925060435132957,0.6489841986455982,22.19999999999999,0.07393848376724015,13.363937310026051,2.9824839363783493
14.4,67.5,24.1,12.7,14.340000000000003,24.09999999999999,-53.16,3.930569797066486,16476.8,Punta Arenas,Magallanes,3.808105259658564,0.9128341772330428,0.8843930552032501,12.571200000000001,18035.37234700201,0.13061897513952309,1.2697516930022574,24.1,0.07393848376724015,56.6002050777574,12.735259994926801
13.78,57.9,18.3,16.0,4.740000000000002,18.30000000000001,-53.16,3.930569797066486,15766.4,Punta Arenas,Magallanes,3.9171270128321884,0.9494254776419038,0.9461783856167195,11.575199999999999,16606.453002976454,0.13061083828724046,1.0891647855530475,18.3,0.07393848376724015,54.16325180357617,13.038338153798394
12.74,48.1,6.9,16.6,-5.059999999999995,6.900000000000006,-53.16,3.930569797066486,14629.1,Punta Arenas,Magallanes,3.9152519051311323,0.9927573419294455,0.9888884500214444,10.62516,15243.470539524613,0.1310823064736959,0.9048156508653123,6.9,0.07393848376724015,50.07545921462703,12.598438853273203
13.61,44.3,351.8,12.0,-8.86,-8.200000000000045,-53.16,3.930569797066486,16323.1,Punta Arenas,Magallanes,3.883668796616749,0.9897762309077889,0.9779658578963261,11.976799999999999,17182.611646109646,0.1369116517199615,0.8333333333333334,8.199999999999989,0.07393848376724015,53.49505493807487,13.310115325968997
3.91,61.4,335.3,17.5,8.240000000000002,-24.700000000000045,-53.16,3.930569797066486,4314.5,Punta Arenas,Magallanes,3.8899922293366394,0.9085081775267215,0.8991291169807866,3.22575,4627.8479658538345,0.12596491842716837,1.1550037622272387,24.69999999999999,0.07393848376724015,15.36852790652996,3.5155948473948757
8.55,44.3,44.4,12.0,-8.86,44.400000000000006,-53.16,3.930569797066486,9522.2,Punta Arenas,Magallanes,3.883668796616749,0.7144726796328034,0.7059473295693617,7.524000000000001,10794.36661089181,0.12713557104328554,0.8333333333333334,44.4,0.07393848376724015,33.60637176491846,6.035849667818042
6.13,45.0,15.8,12.6,-8.159999999999997,15.800000000000011,-53.16,3.930569797066486,7270.2,Punta Arenas,Magallanes,3.8907749926581063,0.9622179935292853,0.9524760785328135,5.35762,7686.3522649981605,0.13538850030168273,0.8465011286681716,15.8,0.07393848376724015,24.094392856017556,5.838678361406147
13.54,47.0,8.5,13.1,-6.159999999999997,8.5,-53.16,3.930569797066486,16145.4,Punta Arenas,Magallanes,3.907875156649386,0.9890158633619168,0.9833054039260971,11.766259999999999,16880.5587558575,0.13612128447421137,0.8841234010534237,8.5,0.07393848376724015,53.219915052280214,13.313955169159353
4.46,54.1,349.7,18.5,0.9400000000000048,-10.299999999999956,-53.16,3.930569797066486,5014.4,Punta Arenas,Magallanes,3.9300408329421104,0.9838850379335418,0.9837526296786457,3.6348999999999996,5214.838276705293,0.12834531195609886,1.0176824680210685,10.300000000000011,0.07393848376724015,17.53034129491653,4.38753672836676
4.86,58.1,0.9,17.3,4.940000000000005,0.9000000000000057,-53.16,3.930569797066486,5538.4,Punta Arenas,Magallanes,3.9159693855537063,0.9998766324816606,0.9961625118706642,4.01922,5766.206030014429,0.13009000883176425,1.0929270127915727,0.9,0.07393848376724015,19.102569213743124,4.8413498076914285
10.93,62.7,4.1,15.3,9.540000000000006,4.099999999999994,-53.16,3.930569797066486,12621.1,Punta Arenas,Magallanes,3.8762105522306056,0.997440782930944,0.9836463127833583,9.25771,13281.647490340138,0.13181746021799162,1.1794582392776525,4.1,0.07393848376724015,42.96112788193669,10.751254198722107
3.16,61.5,10.0,18.2,8.340000000000003,10.0,-53.16,3.930569797066486,3520.8,Punta Arenas,Magallanes,3.8890031107322147,0.984807753012208,0.9743931828398203,2.5848800000000005,3708.418708820045,0.1271891798161956,1.1568848758465011,10.0,0.07393848376724015,12.420600558730095,3.0790824577738323
11.52,53.2,18.4,18.1,0.0400000000000062,18.40000000000001,-53.16,3.930569797066486,12884.9,Punta Arenas,Magallanes,3.9305688392105007,0.9488760116444965,0.9488757804091761,9.43488,13535.825843935525,0.1276804683536276,1.0007524454477053,18.4,0.07393848376724015,45.28016406220591,10.931048990313709
5.49,61.3,340.4,13.9,8.14,-19.600000000000023,-53.16,3.930569797066486,6375.7,Punta Arenas,Magallanes,3.8909694983501124,0.9420574527872966,0.9325662699653542,4.72689,6781.470439840294,0.1325718824595986,1.153122648607976,19.600000000000023,0.07393848376724015,21.57882818589501,5.119788822109795
10.59,47.8,323.3,17.8,-5.359999999999999,-36.69999999999999,-53.16,3.930569797066486,11384.6,Punta Arenas,Magallanes,3.913383073974309,0.8017756442437541,0.798269817686507,8.704979999999999,12488.668987304753,0.12272066781360895,0.8991723100075245,36.69999999999999,0.07393848376724015,41.62473415093409,8.453677369300108
13.35,38.6,2.1,12.1,-14.559999999999995,2.0999999999999943,-53.16,3.930569797066486,15719.7,Punta Arenas,Magallanes,3.804339203136489,0.9993283937786562,0.9672348747240052,11.73465,16835.20921723838,0.13441844954081372,0.726109857035365,2.1,0.07393848376724015,52.47310679083758,12.91258557756547
9.92,47.8,316.3,15.0,-5.359999999999999,-43.69999999999999,-53.16,3.930569797066486,10784.3,Punta Arenas,Magallanes,3.913383073974309,0.7229671459095683,0.7198059156597549,8.432,12097.036053035583,0.12410125754897629,0.8991723100075245,43.69999999999999,0.07393848376724015,38.99125238689954,7.1404746833447685
4.76,46.7,351.9,11.2,-6.459999999999994,-8.100000000000023,-53.16,3.930569797066486,5804.7,Punta Arenas,Magallanes,3.9056132113012083,0.9900236577165575,0.983737645357256,4.2268799999999995,6064.1271052959,0.13920945090364914,0.878480060195636,8.100000000000023,0.07393848376724015,18.70951223403647,4.6825911919005385
2.64,48.1,347.3,14.3,-5.059999999999995,-12.700000000000044,-53.16,3.930569797066486,3099.5,Punta Arenas,Magallanes,3.9152519051311323,0.9755345439458564,0.9717327713034981,2.26248,3245.8849773804486,0.13402431852774319,0.9048156508653123,12.699999999999989,0.07393848376724015,10.376704264255523,2.565374516241235
2.58,45.5,12.3,15.2,-7.659999999999997,12.300000000000011,-53.16,3.930569797066486,2983.0,Punta Arenas,Magallanes,3.8954953504629977,0.9770455744352636,0.9683269065069443,2.18784,3138.8021060570886,0.1319864783547485,0.8559066967644846,12.3,0.07393848376724015,10.140870076431534,2.4982834187879166
3.15,49.5,49.6,10.8,-3.6599999999999966,49.599999999999994,-53.16,3.930569797066486,3527.9,Punta Arenas,Magallanes,3.9225531135552094,0.648119901063131,0.6467980132981406,2.8098,4031.1019807660555,0.1278502573023121,0.9311512415349887,49.6,0.07393848376724015,12.38129486075943,2.037413741889143
9.54,58.1,311.4,14.6,4.940000000000005,-48.60000000000002,-53.16,3.930569797066486,10230.3,Punta Arenas,Magallanes,3.9159693855537063,0.6613118653236516,0.6588553702426546,8.14716,11688.38807517189,0.12241535280434221,1.0929270127915727,48.60000000000002,0.07393848376724015,37.49763586401427,6.285480232114924
6.53,66.9,56.9,16.5,13.740000000000007,56.900000000000006,-53.16,3.930569797066486,6441.6,Punta Arenas,Magallanes,3.818090799889608,0.546101961014429,0.5304744555629107,5.45255,7822.544346653126,0.11260987224401603,1.258465011286682,56.9,0.07393848376724015,25.666620774844155,3.463998194825807
5.16,39.4,354.2,16.1,-13.759999999999998,-5.7999999999999545,-53.16,3.930569797066486,5807.8,Punta Arenas,Magallanes,3.8177646882657634,0.9948807088287883,0.9663282005672811,4.3292399999999995,6210.97869571202,0.12848660224416836,0.7411587659894658,5.800000000000011,0.07393848376724015,20.28174015286307,4.986253514927171
4.85,42.9,8.7,10.5,-10.259999999999998,8.699999999999989,-53.16,3.930569797066486,5891.1,Punta Arenas,Magallanes,3.867718514607069,0.9884938868086836,0.9726874995170528,4.34075,6227.491609014968,0.138659793814433,0.8069977426636569,8.7,0.07393848376724015,19.063263515772455,4.717534372657706
14.33,46.8,324.6,11.0,-6.359999999999999,-35.39999999999998,-53.16,3.930569797066486,16722.3,Punta Arenas,Magallanes,3.906379093357702,0.8151277957285544,0.8101110892434081,12.7537,18297.1974276091,0.13321272548251106,0.8803611738148984,35.39999999999998,0.07393848376724015,56.32506519196274,11.60889190885804
3.54,59.3,24.9,13.5,6.140000000000001,24.90000000000001,-53.16,3.930569797066486,4118.6,Punta Arenas,Magallanes,3.908022144381904,0.9070440142914649,0.9018407703701543,3.0621,4393.066188093009,0.13281350772644016,1.1155003762227238,24.9,0.07393848376724015,13.91421708161536,3.1925163271103463
5.96,51.5,1.0,18.4,-1.6599999999999966,1.0,-53.16,3.930569797066486,6727.5,Punta Arenas,Magallanes,3.9289202449208585,0.9998476951563913,0.999428086551024,4.86336,6977.258213815361,0.12885561276087157,0.9687735139202408,1.0,0.07393848376724015,23.426195990516256,5.956591395844103
8.13,47.4,358.5,18.7,-5.759999999999998,-1.5,-53.16,3.930569797066486,9098.2,Punta Arenas,Magallanes,3.910724416907283,0.9996573249755573,0.9946100721172367,6.6096900000000005,9482.644476919919,0.1277499761298983,0.8916478555304741,1.5,0.07393848376724015,31.955532450150532,8.086179886313136
2.01,58.9,311.6,13.1,5.740000000000002,-48.39999999999998,-53.16,3.930569797066486,2188.9,Punta Arenas,Magallanes,3.9108618777012003,0.6639262126522418,0.6605972794596001,1.7466899999999999,2505.9027399758916,0.12431563642972354,1.1079759217456735,48.39999999999998,0.07393848376724015,7.900445292103636,1.3278005317137962
13.97,60.8,1.8,17.2,7.640000000000001,1.8000000000000114,-53.16,3.930569797066486,15866.7,Punta Arenas,Magallanes,3.8956779966244945,0.9995065603657316,0.9906339069731446,11.567160000000001,16594.918352849985,0.12965405320598936,1.143717080511663,1.8,0.07393848376724015,54.91006006501881,13.83915568041483
3.29,53.0,21.1,15.8,-0.1599999999999966,21.09999999999999,-53.16,3.930569797066486,3767.4,Punta Arenas,Magallanes,3.930554471380063,0.9329535348254892,0.9329498971459516,2.77018,3974.260831759738,0.13071990673273098,0.9969902182091799,21.1,0.07393848376724015,12.931574632348738,3.0694051616101805
10.87,46.6,354.1,19.8,-6.559999999999995,-5.899999999999977,-53.16,3.930569797066486,11966.5,Punta Arenas,Magallanes,3.904835432069543,0.9947028171171742,0.9881902638028214,8.71774,12506.97522307761,0.12567054395449753,0.8765989465763733,5.899999999999977,0.07393848376724015,42.7252936941127,10.741628167536668
10.18,55.3,29.4,10.9,2.140000000000001,29.40000000000001,-53.16,3.930569797066486,12121.2,Punta Arenas,Magallanes,3.9278284923669062,0.8712138111201894,0.8706061988303516,9.07038,13012.893011709308,0.13592324461070593,1.0402558314522197,29.4,0.07393848376724015,40.01320053413683,8.86277110409298
12.52,51.3,28.3,15.5,-1.8599999999999992,28.30000000000001,-53.16,3.930569797066486,14188.3,Punta Arenas,Magallanes,3.9284988547610364,0.8804773535091619,0.8800134467743844,10.5794,15177.820590546089,0.12936652953448,0.9650112866817155,28.3,0.07393848376724015,49.2107338592724,11.017768353615292
10.47,51.2,344.0,15.9,-1.9599999999999935,-16.0,-53.16,3.930569797066486,12052.9,Punta Arenas,Magallanes,3.92827020901789,0.9612616959383189,0.9606993077804487,8.80527,12632.5508357107,0.13141373700897976,0.9631301730624531,16.0,0.07393848376724015,41.15306577528611,10.058521752461298
12.0,49.1,39.9,13.1,-4.059999999999995,39.900000000000006,-53.16,3.930569797066486,13536.3,Punta Arenas,Magallanes,3.9207058532767576,0.7671651518152995,0.7652399159523994,10.428,14960.6133729904,0.12876997716894978,0.9236267870579384,39.9,0.07393848376724015,47.16683756479783,9.182878991428792
7.48,60.6,1.1,10.5,7.440000000000005,1.0999999999999943,-53.16,3.930569797066486,9184.8,Punta Arenas,Magallanes,3.8974783473859502,0.9998157121216442,0.9913982680777361,6.6946,9604.461285656074,0.14017288110761114,1.1399548532731378,1.1,0.07393848376724015,29.400662082057316,7.415659045221466
8.35,55.2,1.2,10.5,2.0400000000000063,1.1999999999999886,-53.16,3.930569797066486,10335.9,Punta Arenas,Magallanes,3.9280786767302494,0.9997806834748455,0.9991470415040963,7.47325,10721.557718613398,0.14130506111065538,1.0383747178329572,1.2,0.07393848376724015,32.82025780550516,8.342877796559204
11.12,61.4,2.5,14.5,8.240000000000002,2.5,-53.16,3.930569797066486,13012.5,Punta Arenas,Magallanes,3.8899922293366394,0.9990482215818578,0.9887344632797215,9.507599999999998,13640.154171945102,0.13358320193160542,1.1550037622272387,2.5,0.07393848376724015,43.70793614337932,10.994727231670502
9.39,63.9,1.7,16.9,10.740000000000002,1.6999999999999886,-53.16,3.930569797066486,10605.5,Punta Arenas,Magallanes,3.861717759670831,0.999559860119384,0.9820505074246426,7.80309,11194.765305393907,0.12893221682446593,1.2020316027088036,1.7,0.07393848376724015,36.90805039445431,9.221454264717394
8.65,56.8,294.2,17.0,3.640000000000001,-65.80000000000001,-53.16,3.930569797066486,8326.4,Punta Arenas,Magallanes,3.9226404588105894,0.4099230338415725,0.4090960752676174,7.1795,10300.126938184176,0.10988465700636102,1.0684725357411589,65.80000000000001,0.07393848376724015,33.999428744625106,3.5386810510648905
4.67,49.1,355.4,11.8,-4.059999999999995,-4.600000000000023,-53.16,3.930569797066486,5682.9,Punta Arenas,Magallanes,3.9207058532767576,0.9967788784562471,0.9942774164964012,4.11894,5909.270123374097,0.13891496289343228,0.9236267870579384,4.600000000000023,0.07393848376724015,18.35576095230049,4.643275535038193
5.36,61.5,325.9,18.6,8.340000000000003,-34.10000000000002,-53.16,3.930569797066486,5707.9,Punta Arenas,Magallanes,3.8890031107322147,0.8280603346224942,0.8193034047186433,4.36304,6259.47013529843,0.12156469365501259,1.1568848758465011,34.10000000000002,0.07393848376724015,21.067854112276365,4.391466249291928
6.66,56.9,40.7,13.8,3.740000000000002,40.69999999999999,-53.16,3.930569797066486,7436.6,Punta Arenas,Magallanes,3.9221989531290062,0.7581343361976524,0.7565197549690753,5.74092,8236.25666717185,0.1274665076034939,1.0703536493604213,40.7,0.07393848376724015,26.177594848462796,5.038421568094042
2.12,70.0,39.7,19.6,16.840000000000003,39.69999999999999,-53.16,3.930569797066486,2123.2,Punta Arenas,Magallanes,3.762017066975941,0.7693995550468952,0.7364057647749624,1.7044800000000002,2445.345826811918,0.11432756095459636,1.3167795334838226,39.7,0.07393848376724015,8.332807969780951,1.5611802213229204
7.43,55.6,21.3,11.2,2.440000000000005,21.30000000000001,-53.16,3.930569797066486,8961.0,Punta Arenas,Magallanes,3.927006153426911,0.9316912275855489,0.9308465115039999,6.59784,9465.643779905156,0.13767768579804202,1.0458991723100075,21.3,0.07393848376724015,29.204133592203988,6.916189580474719
2.04,58.7,354.0,18.4,5.540000000000006,-6.0,-53.16,3.930569797066486,2286.0,Punta Arenas,Magallanes,3.912210273939375,0.9945218953682733,0.9898765262026986,1.6646400000000001,2388.189053050896,0.12792103142626912,1.1042136945071483,6.0,0.07393848376724015,8.018362386015632,2.019348113453505
9.35,55.5,334.8,19.1,2.3400000000000034,-25.200000000000045,-53.16,3.930569797066486,10203.5,Punta Arenas,Magallanes,3.927292229898463,0.9048270524660192,0.9040725482610271,7.564149999999999,10851.968128625365,0.12457573315752203,1.044018058690745,25.19999999999999,0.07393848376724015,36.75082760257164,8.453078326240604
11.15,52.4,343.6,18.2,-0.759999999999998,-16.399999999999977,-53.16,3.930569797066486,12488.8,Punta Arenas,Magallanes,3.93022401611183,0.9593139745400576,0.9592295815591269,9.120700000000001,13085.08500105807,0.12786207178983147,0.9857035364936042,16.399999999999977,0.07393848376724015,43.82585323729132,10.695409834384265
9.31,51.1,48.6,18.1,-2.059999999999995,48.599999999999994,-53.16,3.930569797066486,9610.6,Punta Arenas,Magallanes,3.928029597082428,0.661311865323652,0.6608844808790338,7.62489,10939.109254083312,0.11784108019559662,0.9612490594431905,48.6,0.07393848376724015,36.59360481068899,6.1528345169838055
11.02,55.5,342.7,13.6,2.3400000000000034,-17.299999999999955,-53.16,3.930569797066486,13007.5,Punta Arenas,Magallanes,3.927292229898463,0.9547607995027977,0.9539646572610033,9.521279999999999,13659.780293055814,0.1347435961183071,1.044018058690745,17.30000000000001,0.07393848376724015,43.31487916367267,10.512690523016257
2.0,57.3,301.1,17.1,4.140000000000001,-58.89999999999998,-53.16,3.930569797066486,1992.0,Punta Arenas,Magallanes,3.92031346741543,0.5165333288666423,0.5151854998316338,1.658,2378.6629240907255,0.1136986301369863,1.0778781038374718,58.89999999999998,0.07393848376724015,7.861139594132972,1.0303709996632675
2.77,62.4,25.8,15.8,9.240000000000002,25.80000000000001,-53.16,3.930569797066486,3108.8,Punta Arenas,Magallanes,3.8795683207533096,0.9003187714021934,0.888636600911735,2.33234,3346.1101835788672,0.1281176334833424,1.1738148984198646,25.8,0.07393848376724015,10.887678337874165,2.4615233845255062
11.08,55.6,37.5,14.2,2.440000000000005,37.5,-53.16,3.930569797066486,12438.4,Punta Arenas,Magallanes,3.927006153426911,0.7933533402912352,0.7926340479923999,9.506639999999999,13638.776900288209,0.12815060250894283,1.0458991723100075,37.5,0.07393848376724015,43.55071335149666,8.782385251755791
12.44,49.5,41.5,19.9,-3.6599999999999966,41.5,-53.16,3.930569797066486,12860.8,Punta Arenas,Magallanes,3.9225531135552094,0.7489557207890021,0.747428171022043,9.96444,14295.563321668627,0.1180167085113568,0.9311512415349887,41.5,0.07393848376724015,48.89628827550708,9.298006447514213
11.33,50.5,26.0,12.9,-2.6599999999999966,26.0,-53.16,3.930569797066486,13292.5,Punta Arenas,Magallanes,3.9263346790272786,0.898794046299167,0.8978256119307315,9.86843,14157.82180939966,0.1339283915091868,0.9499623777276148,26.0,0.07393848376724015,44.53335580076329,10.172364183175189
10.62,42.6,30.0,14.1,-10.559999999999995,30.0,-53.16,3.930569797066486,11979.7,Punta Arenas,Magallanes,3.8639998269775813,0.8660254037844387,0.8513579921360847,9.12258,13087.782158052816,0.1287707779755609,0.8013544018058691,30.0,0.07393848376724015,41.74265124484608,9.041421876485218
11.2,66.4,1.3,19.0,13.240000000000007,1.3000000000000114,-53.16,3.930569797066486,12208.0,Punta Arenas,Magallanes,3.8260922907637993,0.9997426093226983,0.9731686976103223,9.072,13015.217157630312,0.12442922374429223,1.249059443190369,1.3,0.07393848376724015,44.02238172714464,10.89948941323561
11.61,48.8,308.1,12.9,-4.359999999999999,-51.89999999999998,-53.16,3.930569797066486,12552.6,Punta Arenas,Magallanes,3.919195000196791,0.617035875140749,0.615250216037003,10.112309999999999,14507.706196569286,0.12342335964508633,0.9179834462001505,51.89999999999998,0.07393848376724015,45.6339153439419,7.143055008189605
11.42,60.9,0.7,11.5,7.740000000000002,0.6999999999999886,-53.16,3.930569797066486,13849.9,Punta Arenas,Magallanes,3.894760019497506,0.999925369660452,0.9908154678086022,10.1067,14499.657765324328,0.13844472966597093,1.1455981941309255,0.7,0.07393848376724015,44.88710708249927,11.315112642374237
11.59,55.4,15.5,13.1,2.240000000000002,15.5,-53.16,3.930569797066486,13803.7,Punta Arenas,Magallanes,3.9275663431567938,0.963630453208623,0.962894117307821,10.07171,14449.45908274656,0.13595900260419747,1.0421369450714824,15.5,0.07393848376724015,45.55530394800057,11.159942819597646
2.96,55.6,356.6,17.6,2.440000000000005,-3.3999999999999773,-53.16,3.930569797066486,3373.4,Punta Arenas,Magallanes,3.927006153426911,0.9982398279237653,0.9973347756801426,2.43904,3499.1881896105197,0.13009842033814636,1.0458991723100075,3.3999999999999773,0.07393848376724015,11.634486599316798,2.9521109360132223
2.82,52.2,355.5,18.6,-0.9599999999999936,-4.5,-53.16,3.930569797066486,3176.4,Punta Arenas,Magallanes,3.9300180849039963,0.996917333733128,0.9967774020065808,2.2954799999999995,3293.228690586114,0.12858253181774024,0.9819413092550792,4.5,0.07393848376724015,11.08420682772749,2.8109122736585577
6.69,46.9,335.9,11.1,-6.259999999999998,-24.100000000000023,-53.16,3.930569797066486,8001.3,Punta Arenas,Magallanes,3.9071330759060148,0.9128341772330426,0.9073912411748849,5.9474100000000005,8532.499192621484,0.13653070417920837,0.882242287434161,24.100000000000023,0.07393848376724015,26.29551194237479,6.070447403459981
8.86,45.4,335.0,16.2,-7.759999999999998,-25.0,-53.16,3.930569797066486,9934.8,Punta Arenas,Magallanes,3.894575000288254,0.9063077870366499,0.8980081342389155,7.4246799999999995,10651.876380722511,0.1280033396208912,0.854025583145222,25.0,0.07393848376724015,34.82484840200906,7.95635206935679
11.91,67.0,46.0,15.7,13.840000000000003,46.0,-53.16,3.930569797066486,12428.6,Punta Arenas,Magallanes,3.8164555903381245,0.6946583704589973,0.6744907120825179,10.04013,14404.152583866713,0.11912594075045337,1.2603461249059444,46.0,0.07393848376724015,46.81308628306185,8.033184380902789
6.35,54.1,46.9,16.7,0.9400000000000048,46.900000000000006,-53.16,3.930569797066486,6717.5,Punta Arenas,Magallanes,3.9300408329421104,0.683273773680799,0.6831818207752245,5.289549999999999,7588.695096576655,0.1207618739438392,1.0176824680210685,46.9,0.07393848376724015,24.959118211372186,4.338204561922676
5.58,62.2,359.9,16.7,9.040000000000006,-0.1000000000000227,-53.16,3.930569797066486,6348.0,Punta Arenas,Magallanes,3.8817477495946213,0.9999984769132877,0.9875773838829361,4.64814,6668.491124235864,0.12986694162125006,1.1700526711813395,0.10000000000002274,0.07393848376724015,21.93257946763099,5.510681802066784
12.16,64.2,7.0,19.6,11.040000000000006,7.0,-53.16,3.930569797066486,13251.2,Punta Arenas,Magallanes,3.857829628574046,0.992546151641322,0.9741778289719735,9.77664,14026.134553789112,0.12439918288872867,1.2076749435665917,7.0,0.07393848376724015,47.79572873232847,11.846002400299197
5.24,49.9,335.5,13.5,-3.259999999999998,-24.5,-53.16,3.930569797066486,6123.1,Punta Arenas,Magallanes,3.9242091941288035,0.9099612708765432,0.9084887356891427,4.5326,6502.730741696998,0.13339389661542753,0.9386756960120392,24.5,0.07393848376724015,20.59618573662839,4.760480975011108
12.67,56.5,16.1,13.0,3.3400000000000034,16.099999999999994,-53.16,3.930569797066486,15078.8,Punta Arenas,Magallanes,3.9238932763990046,0.9607791541575942,0.9591471612886708,11.0229,15814.09140287072,0.13585826368691728,1.062829194883371,16.1,0.07393848376724015,49.80031932883237,12.15239453352746
4.3,53.5,44.0,15.8,0.3400000000000034,44.0,-53.16,3.930569797066486,4647.6,Punta Arenas,Magallanes,3.93050059217184,0.7193398003386512,0.7193271350413362,3.6205999999999996,5194.322667649505,0.12338324307104175,1.0063957863054929,44.0,0.07393848376724015,16.90145012738589,3.0931066806777454
6.67,43.9,321.8,14.3,-9.259999999999998,-38.19999999999999,-53.16,3.930569797066486,7380.5,Punta Arenas,Magallanes,3.879347777503658,0.785856893175402,0.7756158392737881,5.71619,8200.777575427119,0.12631526702402224,0.825808878856283,38.19999999999999,0.07393848376724015,26.21690054643346,5.173357647956166
7.21,51.7,11.6,14.7,-1.4599999999999935,11.599999999999994,-53.16,3.930569797066486,8465.0,Punta Arenas,Magallanes,3.929293762427387,0.9795752495993441,0.9792572366865533,6.15013,8823.333057501864,0.1340255479768713,0.9725357411587661,11.6,0.07393848376724015,28.339408236849362,7.060444676510049
5.89,57.9,13.5,10.7,4.740000000000002,13.5,-53.16,3.930569797066486,7208.8,Punta Arenas,Magallanes,3.9171270128321884,0.9723699203976766,0.9690443570033864,5.25977,7545.970982053482,0.13971517392686314,1.0891647855530475,13.5,0.07393848376724015,23.1510561047216,5.707671262749946
2.04,49.2,13.2,11.5,-3.9599999999999937,13.199999999999989,-53.16,3.930569797066486,2480.6,Punta Arenas,Magallanes,3.9211855866792296,0.9735789028731603,0.9712544894357052,1.8054000000000001,2590.1315097426996,0.13881054704987017,0.925507900677201,13.2,0.07393848376724015,8.018362386015632,1.9813591584488388
5.06,50.6,41.1,19.4,-2.559999999999995,41.099999999999994,-53.16,3.930569797066486,5284.2,Punta Arenas,Magallanes,3.9266470714491475,0.7535633923016379,0.7528113327845989,4.07836,5851.051702710887,0.11921327630082841,0.9518434913468774,41.1,0.07393848376724015,19.888683173156416,3.8092253438900703
6.39,51.8,50.9,10.7,-1.3599999999999994,50.900000000000006,-53.16,3.930569797066486,7128.7,Punta Arenas,Magallanes,3.9294625674906323,0.6306758074312862,0.6304981479715089,5.70627,8186.5457683059,0.12735188400826064,0.9744168547780286,50.9,0.07393848376724015,25.116341003254842,4.028883165537942
6.08,70.0,354.2,15.9,16.840000000000003,-5.7999999999999545,-53.16,3.930569797066486,6760.1,Punta Arenas,Magallanes,3.762017066975941,0.9948807088287883,0.952217718920134,5.11328,7335.807935159603,0.12692449230954098,1.3167795334838226,5.800000000000011,0.07393848376724015,23.897864366164235,5.789483731034415
12.21,38.5,16.8,17.5,-14.659999999999997,16.80000000000001,-53.16,3.930569797066486,13334.5,Punta Arenas,Magallanes,3.8026088140298935,0.9573194975320672,0.9261536487343368,10.07325,14451.668456029493,0.12466856644938835,0.7242287434161023,16.8,0.07393848376724015,47.9922572221818,11.308336051046254
2.62,57.2,2.1,10.1,4.040000000000006,2.0999999999999943,-53.16,3.930569797066486,3244.9,Punta Arenas,Magallanes,3.920802755456537,0.9993283937786562,0.9968451706054349,2.3553800000000003,3379.164703344278,0.14138258566000905,1.0759969902182094,2.1,0.07393848376724015,10.298092868314194,2.6117343469862395
7.06,51.1,344.2,12.2,-2.059999999999995,-15.799999999999956,-53.16,3.930569797066486,8483.8,Punta Arenas,Magallanes,3.928029597082428,0.9622179935292856,0.9615961431976499,6.1986799999999995,8892.98570223323,0.13717709909839987,0.9612490594431905,15.800000000000011,0.07393848376724015,27.749822767289388,6.788868770975408
2.49,48.0,6.8,13.8,-5.159999999999997,6.800000000000011,-53.16,3.930569797066486,2951.4,Punta Arenas,Magallanes,3.9146408854546917,0.9929655081065369,0.9889414452788029,2.14638,3079.321186375061,0.13530835671452934,0.9029345372460498,6.8,0.07393848376724015,9.787118794695552,2.4624641987442195
14.1,50.9,16.8,15.1,-2.259999999999998,16.80000000000001,-53.16,3.930569797066486,16379.6,Punta Arenas,Magallanes,3.92751247760279,0.9573194975320672,0.9565748646457705,11.970899999999999,17174.147164051665,0.13261115968781373,0.9574868322046652,16.8,0.07393848376724015,55.42103413863745,13.487705591505364
12.27,58.5,5.4,13.4,5.340000000000003,5.400000000000006,-53.16,3.930569797066486,14624.2,Punta Arenas,Magallanes,3.9135110011299807,0.99556196460308,0.9912411945180442,10.62582,15244.417413788726,0.1360578014461526,1.1004514672686232,5.4,0.07393848376724015,48.22809141000578,12.1625294567364
14.77,59.0,338.0,16.5,5.840000000000003,-22.0,-53.16,3.930569797066486,16665.9,Punta Arenas,Magallanes,3.9101698088008976,0.9271838545667874,0.922371692277411,12.332949999999999,17693.565084236856,0.12880839539607314,1.1098570353649362,22.0,0.07393848376724015,58.054515902671994,13.62342989493736
13.83,54.6,348.4,12.3,1.4400000000000048,-11.600000000000025,-53.16,3.930569797066486,16701.7,Punta Arenas,Magallanes,3.9293284810018347,0.979575249599344,0.9792658892377063,12.12891,17400.83747082825,0.13785876775060504,1.0270880361173815,11.600000000000023,0.07393848376724015,54.3597802934295,13.543247248157478
6.11,61.9,348.6,10.3,8.740000000000002,-11.399999999999975,-53.16,3.930569797066486,7457.2,Punta Arenas,Magallanes,3.884928201206791,0.9802711746217219,0.9688883107890062,5.480670000000001,7862.886928936259,0.13932545643417107,1.1644093303235517,11.399999999999977,0.07393848376724015,24.01578146007623,5.919907578920828
10.99,63.3,338.9,10.0,10.14,-21.100000000000023,-53.16,3.930569797066486,13244.2,Punta Arenas,Magallanes,3.8691763053424855,0.9329535348254889,0.9183812773472135,9.891,14190.202039916383,0.13757006161682891,1.190744920993228,21.100000000000023,0.07393848376724015,43.19696206976068,10.093010238045878
5.99,59.7,7.8,13.5,6.540000000000006,7.800000000000011,-53.16,3.930569797066486,7104.7,Punta Arenas,Magallanes,3.9049919395766874,0.9907478404714436,0.9843006309368827,5.18135,7433.46510358111,0.13539880013111655,1.1230248306997743,7.8,0.07393848376724015,23.54411308442825,5.8959607793119275
13.55,48.8,10.5,13.6,-4.359999999999999,10.5,-53.16,3.930569797066486,16079.0,Punta Arenas,Magallanes,3.919195000196791,0.9832549075639546,0.9804094359346203,11.7072,16795.82785579912,0.13546142310738177,0.9179834462001505,10.5,0.07393848376724015,53.25922075025089,13.284547856914106
7.34,57.1,24.5,19.5,3.940000000000005,24.5,-53.16,3.930569797066486,7972.5,Punta Arenas,Magallanes,3.9212801000524875,0.9099612708765432,0.9078106248029828,5.9087,8476.96358237326,0.12399219887275577,1.0741158765989467,24.5,0.07393848376724015,28.850382310468007,6.663329986053894
6.89,57.2,338.6,10.4,4.040000000000006,-21.399999999999977,-53.16,3.930569797066486,8364.5,Punta Arenas,Magallanes,3.920802755456537,0.9310558158625285,0.9287422426748697,6.17344,8856.774934920777,0.13858513761589494,1.0759969902182094,21.399999999999977,0.07393848376724015,27.081625901788087,6.399034052029852
13.88,46.6,345.6,15.3,-6.559999999999995,-14.399999999999975,-53.16,3.930569797066486,16038.0,Punta Arenas,Magallanes,3.904835432069543,0.9685831611286312,0.9622416193458139,11.75636,16866.355641895803,0.13190359638387747,0.8765989465763733,14.399999999999977,0.07393848376724015,54.55630878328283,13.355913676519897
12.88,40.6,38.9,15.8,-12.559999999999995,38.900000000000006,-53.16,3.930569797066486,13814.8,Punta Arenas,Magallanes,3.8365066112256545,0.778243148526021,0.7596188691750242,10.84496,15558.808362633867,0.12244036983465213,0.7637321294206171,38.9,0.07393848376724015,50.62573898621634,9.783891034974312
14.56,37.0,355.9,17.0,-16.159999999999997,-4.100000000000023,-53.16,3.930569797066486,16055.0,Punta Arenas,Magallanes,3.775266004395018,0.997440782930944,0.9580301263208042,12.0848,17337.55470751001,0.1258765492498369,0.6960120391271634,4.100000000000023,0.07393848376724015,57.229096245288034,13.948918639230909
2.86,53.7,0.8,16.4,0.5400000000000063,0.8000000000000114,-53.16,3.930569797066486,3313.9,Punta Arenas,Magallanes,3.9303952290983237,0.9999025240093042,0.9998581154474446,2.39096,3430.2098341278415,0.13227240795733947,1.0101580135440182,0.8,0.07393848376724015,11.24142961961015,2.8595942101796914
5.16,55.5,355.6,10.1,2.3400000000000034,-4.399999999999977,-53.16,3.930569797066486,6414.5,Punta Arenas,Magallanes,3.927292229898463,0.9970527522269202,0.9962213441781623,4.63884,6655.148805059723,0.14190869349757532,1.044018058690745,4.399999999999977,0.07393848376724015,20.28174015286307,5.140502135959318
5.91,43.7,28.3,16.3,-9.459999999999994,28.30000000000001,-53.16,3.930569797066486,6546.7,Punta Arenas,Magallanes,3.8771163516978473,0.8804773535091619,0.8685033775860651,4.94667,7096.779569790029,0.12645349960209845,0.8220466516177578,28.3,0.07393848376724015,23.22966750066293,5.132854961533645
7.52,61.5,29.3,13.2,8.340000000000003,29.30000000000001,-53.16,3.930569797066486,8639.5,Punta Arenas,Magallanes,3.8890031107322147,0.8720692724321205,0.8628469378138686,6.52736,9364.529085761664,0.13114950694646849,1.1568848758465011,29.3,0.07393848376724015,29.557884873939972,6.488608972360291
8.15,54.4,27.8,17.7,1.240000000000002,27.80000000000001,-53.16,3.930569797066486,9004.8,Punta Arenas,Magallanes,3.9296493333555733,0.8845809752150838,0.8843738233950966,6.70745,9622.896640646764,0.1261282460710984,1.0233258088788564,27.8,0.07393848376724015,32.03414384609186,7.207646660670038
5.79,64.0,0.7,11.9,10.840000000000003,0.6999999999999886,-53.16,3.930569797066486,6933.9,Punta Arenas,Magallanes,3.860433474205766,0.999925369660452,0.9820828958757424,5.10099,7318.175988635434,0.136708306716824,1.2039127163280663,0.7,0.07393848376724015,22.757999125014955,5.686259967120549
12.28,56.1,338.2,17.2,2.940000000000005,-21.799999999999955,-53.16,3.930569797066486,13799.2,Punta Arenas,Magallanes,3.9253963546464994,0.9284858268809139,0.9272637475867802,10.16784,14587.37275397264,0.12827778025671918,1.0553047404063207,21.80000000000001,0.07393848376724015,48.26739710797644,11.38679882036566
4.9,44.6,48.1,16.3,-8.559999999999995,48.099999999999994,-53.16,3.930569797066486,5129.7,Punta Arenas,Magallanes,3.886785354143881,0.6678325554710467,0.6603932583928718,4.1013,5883.962756678704,0.11950656975118815,0.8389766741911212,48.1,0.07393848376724015,19.259792005625783,3.235926966125072
11.05,56.8,21.4,16.5,3.640000000000001,21.40000000000001,-53.16,3.930569797066486,12521.9,Punta Arenas,Magallanes,3.9226404588105894,0.9310558158625283,0.9291775496364448,9.226750000000001,13237.230479405369,0.12936114382528563,1.0684725357411589,21.4,0.07393848376724015,43.43279625758467,10.267411923482715
13.07,58.5,348.6,11.8,5.340000000000003,-11.399999999999975,-53.16,3.930569797066486,15814.2,Punta Arenas,Magallanes,3.9135110011299807,0.9802711746217219,0.9760167670437695,11.52774,16538.364135438853,0.138123486809697,1.1004514672686232,11.399999999999977,0.07393848376724015,51.37254724765897,12.756539145262067
9.85,48.8,35.6,16.7,-4.359999999999999,35.599999999999994,-53.16,3.930569797066486,10778.0,Punta Arenas,Magallanes,3.919195000196791,0.8131007610470277,0.8107477037375233,8.20505,11771.440425398434,0.12491018241661452,0.9179834462001505,35.6,0.07393848376724015,38.71611250110489,7.985864881814604
6.6,41.6,346.6,17.4,-11.559999999999995,-13.399999999999975,-53.16,3.930569797066486,7348.2,Punta Arenas,Magallanes,3.8508397206430325,0.9727758782093967,0.9530434986520073,5.4516,7821.181421575994,0.12709630552096304,0.7825432656132432,13.399999999999977,0.07393848376724015,25.941760660638806,6.290087091103248
4.44,54.0,35.3,14.9,0.8400000000000034,35.30000000000001,-53.16,3.930569797066486,4985.6,Punta Arenas,Magallanes,3.930147390125972,0.8161375900801602,0.8160498821395146,3.7784400000000002,5420.769082570181,0.128182977498046,1.0158013544018059,35.3,0.07393848376724015,17.4517298989752,3.623261476699445
3.75,45.2,37.0,13.4,-7.959999999999994,37.0,-53.16,3.930569797066486,4216.5,Punta Arenas,Magallanes,3.8926987121258536,0.7986355100472928,0.7909406477756245,3.2475,4659.051776830296,0.12835616438356165,0.8502633559066969,37.0,0.07393848376724015,14.739636738999323,2.9660274291585917
11.67,62.1,337.0,11.7,8.940000000000005,-23.0,-53.16,3.930569797066486,13811.8,Punta Arenas,Magallanes,3.8828197289507504,0.9205048534524404,0.9093222077490049,10.30461,14783.59092534049,0.13510621231507242,1.1681715575620768,23.0,0.07393848376724015,45.86974953176589,10.611790164430886
8.1,49.9,14.5,12.9,-3.259999999999998,14.5,-53.16,3.930569797066486,9667.1,Punta Arenas,Magallanes,3.9242091941288035,0.9681476403781077,0.9665809457146279,7.0550999999999995,10121.655485978574,0.1362407689272225,0.9386756960120392,14.5,0.07393848376724015,31.837615356238533,7.829305660288486
2.6,67.0,19.6,17.6,13.840000000000003,19.59999999999999,-53.16,3.930569797066486,2838.3,Punta Arenas,Magallanes,3.8164555903381245,0.9420574527872968,0.9147071843866197,2.1424,3073.6112476308626,0.12461801896733404,1.2603461249059444,19.6,0.07393848376724015,10.219481472372864,2.3782386794052113
14.79,36.2,65.4,14.1,-16.959999999999994,65.4,-53.16,3.930569797066486,14151.2,Punta Arenas,Magallanes,3.7596239586605216,0.41628079226040116,0.39817617315444775,12.704609999999999,18226.770067570727,0.10922473224843395,0.6809631301730625,65.4,0.07393848376724015,58.133127298613324,5.889025600954282
10.73,54.2,341.4,17.0,1.0400000000000065,-18.600000000000023,-53.16,3.930569797066486,12153.0,Punta Arenas,Magallanes,3.9299223041723064,0.9477684100095856,0.9476122816764195,8.905899999999999,12776.92046782846,0.12929438649797648,1.0195635816403312,18.600000000000023,0.07393848376724015,42.1750139225234,10.167879782387981
12.97,64.6,35.8,17.4,11.439999999999998,35.80000000000001,-53.16,3.930569797066486,13831.1,Punta Arenas,Magallanes,3.8524809503006985,0.8110638189893266,0.7949503694010249,10.713220000000002,15369.806520884948,0.1217342092570491,1.2151993980436417,35.8,0.07393848376724015,50.97949026795232,10.310506291131293
7.7,46.0,0.4,16.7,-7.159999999999997,0.4000000000000057,-53.16,3.930569797066486,8798.7,Punta Arenas,Magallanes,3.899919051214928,0.9999756307053947,0.9921777793767204,6.4140999999999995,9202.039723407914,0.13044387119729586,0.8653122648607976,0.4,0.07393848376724015,30.265387437411942,7.639768901200747
14.42,51.9,329.0,16.7,-1.259999999999998,-31.0,-53.16,3.930569797066486,16006.0,Punta Arenas,Magallanes,3.929619402729431,0.8571673007021123,0.8569600414520402,12.011859999999999,17232.910754745728,0.1267107454765388,0.9762979683972912,31.0,0.07393848376724015,56.678816473698724,12.357363797738419
4.59,49.9,357.0,16.1,-3.259999999999998,-3.0,-53.16,3.930569797066486,5322.6,Punta Arenas,Magallanes,3.9242091941288035,0.9986295347545738,0.9970135130884131,3.8510099999999996,5524.882211883368,0.13237532455904738,0.9386756960120392,3.0,0.07393848376724015,18.04131536853517,4.576292025075816
4.41,47.7,0.1,15.2,-5.459999999999994,0.0999999999999943,-53.16,3.930569797066486,5148.5,Punta Arenas,Magallanes,3.9127362860018797,0.9999984769132877,0.9954613525716891,3.73968,5365.1617394231625,0.13327172573747917,0.8972911963882619,0.1,0.07393848376724015,17.333812805063204,4.389984564841149
13.57,55.1,333.5,12.0,1.9400000000000048,-26.5,-53.16,3.930569797066486,16085.4,Punta Arenas,Magallanes,3.928316895484717,0.8949343616020251,0.8944214082281053,11.941600000000001,17132.11168535694,0.13531561361181493,1.0364936042136945,26.5,0.07393848376724015,53.33783214619221,12.13729850965539
13.59,42.8,7.8,18.4,-10.36,7.800000000000011,-53.16,3.930569797066486,15057.4,Punta Arenas,Magallanes,3.866490728806569,0.9907478404714436,0.9745959332987694,11.089440000000002,15909.553544589056,0.12648133028247335,0.8051166290443943,7.8,0.07393848376724015,53.41644354213354,13.244758733530276
8.49,52.3,23.9,19.6,-0.8599999999999994,23.90000000000001,-53.16,3.930569797066486,9231.2,Punta Arenas,Magallanes,3.93012703643218,0.9142539552342637,0.9141509687254277,6.82596,9792.917957374142,0.12412131382071843,0.9838224228743416,23.9,0.07393848376724015,33.37053757709447,7.761141724478881
3.64,57.3,6.0,14.7,4.140000000000001,6.0,-53.16,3.930569797066486,4275.7,Punta Arenas,Magallanes,3.92031346741543,0.9945218953682733,0.9919268150285977,3.10492,4454.4982426223005,0.13409165035877363,1.0778781038374718,6.0,0.07393848376724015,14.307274061322008,3.6106136067040957
5.97,51.4,346.5,19.3,-1.759999999999998,-13.5,-53.16,3.930569797066486,6612.2,Punta Arenas,Magallanes,3.9287155336153727,0.9723699203976766,0.971911200645212,4.81779,6911.880849852265,0.1264350672693758,0.9668924003009782,13.5,0.07393848376724015,23.46550168848692,5.802309867851915
11.8,45.2,356.3,20.0,-7.959999999999994,-3.7000000000000455,-53.16,3.930569797066486,12936.5,Punta Arenas,Magallanes,3.8926987121258536,0.9979156182721789,0.9883006898790042,9.440000000000001,13543.171292772287,0.1251499496942961,0.8502633559066969,3.6999999999999886,0.07393848376724015,46.38072360538454,11.66194814057225
13.0,61.4,359.9,14.9,8.240000000000002,-0.1000000000000227,-53.16,3.930569797066486,15155.0,Punta Arenas,Magallanes,3.8899922293366394,0.9999984769132877,0.9896749085703526,11.062999999999999,15871.621187705483,0.13307867931155604,1.1550037622272387,0.10000000000002274,0.07393848376724015,51.09740736186431,12.865773811414583
6.52,59.0,5.4,17.2,5.840000000000003,5.400000000000006,-53.16,3.930569797066486,7418.8,Punta Arenas,Magallanes,3.9101698088008976,0.99556196460308,0.9903949141640505,5.39856,7745.087162532705,0.12989186766394936,1.1098570353649362,5.4,0.07393848376724015,25.627315076873487,6.457374840349608
2.8,44.8,27.7,16.4,-8.36,27.69999999999999,-53.16,3.930569797066486,3105.7,Punta Arenas,Magallanes,3.888803865324927,0.8853936257544159,0.8759855013228719,2.3408,3358.2473900552295,0.126618558382257,0.8427389014296464,27.7,0.07393848376724015,11.00559543178616,2.452759403704041
10.65,42.8,6.8,12.4,-10.36,6.800000000000011,-53.16,3.930569797066486,12686.6,Punta Arenas,Magallanes,3.866490728806569,0.9929655081065369,0.9767774468689042,9.3294,13384.498120634507,0.13598516517675308,0.8051166290443943,6.8,0.07393848376724015,41.86056833875808,10.402679809153831
11.61,45.5,324.9,10.5,-7.659999999999997,-35.10000000000002,-53.16,3.930569797066486,13598.3,Punta Arenas,Magallanes,3.8954953504629977,0.8181497174250232,0.8108489569604972,10.39095,14907.45929498222,0.13370519824273674,0.8559066967644846,35.10000000000002,0.07393848376724015,45.6339153439419,9.413956390311371
7.51,57.5,345.9,14.5,4.340000000000003,-14.100000000000025,-53.16,3.930569797066486,8792.1,Punta Arenas,Magallanes,3.9192990669959475,0.9698720152847466,0.96709095140556,6.421049999999999,9212.01059634062,0.13364372617332143,1.081640331075997,14.100000000000023,0.07393848376724015,29.518579175969307,7.262853045055755
9.58,55.4,4.2,17.9,2.240000000000002,4.199999999999989,-53.16,3.930569797066486,10872.5,Punta Arenas,Magallanes,3.9275663431567938,0.9973144772244581,0.9965524024565585,7.86518,11283.843219119353,0.129556677248072,1.0421369450714824,4.2,0.07393848376724015,37.65485865589694,9.54697201553383
14.84,59.5,28.1,13.3,6.340000000000003,28.09999999999999,-53.16,3.930569797066486,17171.2,Punta Arenas,Magallanes,3.906530841902037,0.8821268660176679,0.8767318700561713,12.86628,18458.711222539216,0.13208777954190207,1.1192626034612492,28.1,0.07393848376724015,58.32965578846665,13.01070095163358
5.18,50.6,32.4,17.8,-2.559999999999995,32.400000000000006,-53.16,3.930569797066486,5654.0,Punta Arenas,Magallanes,3.9266470714491475,0.844327925502015,0.8434852825892055,4.25796,6108.716275187783,0.1246011177518027,0.9518434913468774,32.4,0.07393848376724015,20.360351548804395,4.369253763812084
9.45,45.8,44.4,16.5,-7.359999999999999,44.400000000000006,-53.16,3.930569797066486,10019.5,Punta Arenas,Magallanes,3.898185191827314,0.7144726796328034,0.7085860227665775,7.890749999999999,11320.527423563864,0.12103476601193495,0.8615500376222723,44.4,0.07393848376724015,37.14388458227829,6.696137915144156
9.94,60.5,3.3,17.0,7.340000000000003,3.3000000000000114,-53.16,3.930569797066486,11327.0,Punta Arenas,Magallanes,3.8983607155362363,0.9983418166140283,0.9901608976565842,8.2502,11836.215233011642,0.1300841579155297,1.1380737396538751,3.3,0.07393848376724015,39.06986378284087,9.842199322706447
9.14,48.7,19.1,12.9,-4.459999999999994,19.09999999999999,-53.16,3.930569797066486,10834.8,Punta Arenas,Magallanes,3.9186675033263074,0.9449489121575309,0.9420874798200731,7.960940000000001,11421.226066894344,0.13532268217379573,0.916102332580888,19.1,0.07393848376724015,35.925407945187686,8.610679565555468
13.3,54.7,323.6,14.7,1.5400000000000065,-36.39999999999998,-53.16,3.930569797066486,14908.5,Punta Arenas,Magallanes,3.929150100447514,0.8048937973559144,0.8046030748750185,11.3449,16276.051271119946,0.1279611700484087,1.0289691497366442,36.39999999999998,0.07393848376724015,52.27657830098426,10.701220895837746
9.87,40.8,10.7,11.8,-12.36,10.699999999999989,-53.16,3.930569797066486,11705.5,Punta Arenas,Magallanes,3.8394668689223987,0.9826127965436152,0.9598377517997757,8.70534,12489.185464176087,0.1353844267717774,0.7674943566591422,10.7,0.07393848376724015,38.79472389704621,9.473598610263785
8.6,48.6,333.1,12.5,-4.559999999999995,-26.899999999999977,-53.16,3.930569797066486,10102.7,Punta Arenas,Magallanes,3.9181280695150167,0.8917975296052143,0.8889746559590822,7.5249999999999995,10795.801268867735,0.13410189019857705,0.9142212189616253,26.899999999999977,0.07393848376724015,33.80290025477178,7.645182041248106
3.6,61.2,358.4,10.9,8.040000000000006,-1.6000000000000227,-53.16,3.930569797066486,4393.3,Punta Arenas,Magallanes,3.891934914795703,0.9996101150403544,0.9897846136232085,3.2076000000000002,4601.808923590718,0.13931062912227296,1.1512415349887135,1.6000000000000227,0.07393848376724015,14.15005126943935,3.5632246090435507
11.14,47.4,75.7,11.3,-5.759999999999998,75.69999999999999,-53.16,3.930569797066486,10745.0,Punta Arenas,Magallanes,3.910724416907283,0.2469990127227432,0.24575191890187043,9.88118,14176.113698592759,0.11010755597091397,0.8916478555304741,75.7,0.07393848376724015,43.78654753932066,2.737676376566837
3.72,59.7,7.6,12.1,6.540000000000006,7.599999999999994,-53.16,3.930569797066486,4482.3,Punta Arenas,Magallanes,3.9049919395766874,0.9912155402515417,0.9847652871993889,3.26988,4691.159422331592,0.13754787155693032,1.1230248306997743,7.6,0.07393848376724015,14.621719645087328,3.663326868381727
2.35,34.5,338.4,15.8,-18.659999999999997,-21.600000000000023,-53.16,3.930569797066486,2543.4,Punta Arenas,Magallanes,3.7239549816179216,0.9297764858882512,0.8809017407600538,1.9787,2838.7577369712412,0.12354998542698922,0.6489841986455982,21.600000000000023,0.07393848376724015,9.236839023106242,2.0701190907861267
8.35,48.7,10.2,14.4,-4.459999999999994,10.199999999999989,-53.16,3.930569797066486,9821.2,Punta Arenas,Magallanes,3.9186675033263074,0.984195607969242,0.9812153313608515,7.1476,10254.36134875203,0.13426844940256474,0.916102332580888,10.2,0.07393848376724015,32.82025780550516,8.193148016863109
9.44,51.8,347.1,12.7,-1.3599999999999994,-12.899999999999975,-53.16,3.930569797066486,11334.3,Punta Arenas,Magallanes,3.9294625674906323,0.9747611941912219,0.9744866069228801,8.241119999999999,11823.188538590202,0.13706248548873926,0.9744168547780286,12.899999999999977,0.07393848376724015,37.10457888430763,9.199153569351989
14.99,67.1,336.0,18.6,13.939999999999998,-24.0,-53.16,3.930569797066486,16024.1,Punta Arenas,Magallanes,3.8148087552010455,0.9135454576426009,0.8866402048604024,12.20186,17505.49577017229,0.12203036423064388,1.262227238525207,24.0,0.07393848376724015,58.919241258026624,13.290736670857433
11.26,43.8,52.6,15.3,-9.36,52.599999999999994,-53.16,3.930569797066486,11682.1,Punta Arenas,Magallanes,3.878237971493474,0.6073758397232867,0.5992892039064178,9.53722,13682.648741192126,0.1184345523410951,0.8239277652370203,52.6,0.07393848376724015,44.25821591496863,6.7479964359862645
13.03,58.5,26.7,19.2,5.340000000000003,26.69999999999999,-53.16,3.930569797066486,14110.2,Punta Arenas,Magallanes,3.9135110011299807,0.8933713883278376,0.8894941285421518,10.52824,15104.42348849755,0.12361883535360971,1.1004514672686232,26.7,0.07393848376724015,51.21532445577631,11.590108494904237
6.5,61.6,8.6,16.3,8.440000000000005,8.599999999999994,-53.16,3.930569797066486,7424.6,Punta Arenas,Magallanes,3.888002145549867,0.9887563810470059,0.9780482549390165,5.4405,7805.256718043179,0.13039339655778012,1.1587659894657638,8.6,0.07393848376724015,25.548703680932157,6.3573136571036075
8.62,47.4,350.2,10.2,-5.759999999999998,-9.799999999999956,-53.16,3.930569797066486,10618.2,Punta Arenas,Magallanes,3.910724416907283,0.9854078984834902,0.9804325907375544,7.74076,11105.343073754235,0.14061755077392493,0.8916478555304741,9.800000000000011,0.07393848376724015,33.88151165071311,8.451328932157718
14.67,50.2,352.2,19.1,-2.9599999999999937,-7.799999999999955,-53.16,3.930569797066486,16350.7,Punta Arenas,Magallanes,3.9253257439721088,0.9907478404714437,0.9894260132181917,11.86803,17026.563898067823,0.1272336922181447,0.9443190368698271,7.800000000000011,0.07393848376724015,57.661458922965345,14.514879613910871
7.43,54.3,38.6,18.6,1.1400000000000006,38.599999999999994,-53.16,3.930569797066486,7896.4,Punta Arenas,Magallanes,3.929791804177619,0.7815204724188188,0.7813657830477003,6.048019999999999,8676.840131579727,0.1213210666371676,1.0214446952595937,38.6,0.07393848376724015,29.204133592203988,5.805547768044413
12.49,41.3,7.7,16.4,-11.86,7.699999999999989,-53.16,3.930569797066486,14122.7,Punta Arenas,Magallanes,3.8466627613863857,0.9909831997148363,0.9698283883287339,10.441640000000001,14980.182107782077,0.12907769137684577,0.7768999247554552,7.7,0.07393848376724015,49.09281676536041,12.113156570225886
8.84,49.5,282.9,15.3,-3.6599999999999966,-77.10000000000002,-53.16,3.930569797066486,8081.8,Punta Arenas,Magallanes,3.9225531135552094,0.22325011601095096,0.2227947811317049,7.48748,10741.97290161087,0.10436424306287322,0.9311512415349887,77.10000000000002,0.07393848376724015,34.74623700606774,1.9695058652042712
4.91,63.4,60.5,14.5,10.240000000000002,60.5,-53.16,3.930569797066486,4938.0,Punta Arenas,Magallanes,3.8679626580772566,0.4924235601034671,0.4845801094434692,4.19805,6022.765915849861,0.11480623831710515,1.1926260346124906,60.5,0.07393848376724015,19.299097703596445,2.379288337367434
9.55,57.3,4.6,14.8,4.140000000000001,4.599999999999994,-53.16,3.930569797066486,11212.1,Punta Arenas,Magallanes,3.92031346741543,0.9967788784562471,0.9941779088018508,8.1366,11673.238086946076,0.1340230462119582,1.0778781038374718,4.6,0.07393848376724015,37.536941561984946,9.494399029057675
4.83,51.9,8.6,17.7,-1.259999999999998,8.599999999999994,-53.16,3.930569797066486,5489.9,Punta Arenas,Magallanes,3.929619402729431,0.9887563810470059,0.988517304141165,3.97509,5702.8945735366715,0.12975174187205157,0.9762979683972912,8.6,0.07393848376724015,18.98465211983113,4.774538579001827
2.04,54.1,27.2,15.1,0.9400000000000048,27.19999999999999,-53.16,3.930569797066486,2327.7,Punta Arenas,Magallanes,3.9300408329421104,0.8894163732912976,0.8892966783418645,1.73196,2484.770227990454,0.13025449905989792,1.0176824680210685,27.2,0.07393848376724015,8.018362386015632,1.8141652238174037
5.07,57.8,11.6,11.8,4.640000000000001,11.599999999999994,-53.16,3.930569797066486,6134.5,Punta Arenas,Magallanes,3.917687928971616,0.9795752495993441,0.9763648348742944,4.4717400000000005,6415.417457281943,0.138123350715553,1.0872836719337848,11.6,0.07393848376724015,19.927988871127084,4.950169712812673
4.51,59.3,18.7,10.6,6.140000000000001,18.69999999999999,-53.16,3.930569797066486,5475.6,Punta Arenas,Magallanes,3.908022144381904,0.9472102777460288,0.9417766206773199,4.03194,5784.45487946825,0.1385961182152295,1.1155003762227238,18.7,0.07393848376724015,17.72686978476985,4.2474125592547125
6.82,48.7,349.4,11.3,-4.459999999999994,-10.600000000000025,-53.16,3.930569797066486,8316.1,Punta Arenas,Magallanes,3.9186675033263074,0.9829353491495542,0.9799588887742889,6.04934,8678.733880107953,0.13919743167423237,0.916102332580888,10.600000000000023,0.07393848376724015,26.806486015993436,6.683319621440651
13.55,65.4,329.3,12.5,12.240000000000007,-30.69999999999999,-53.16,3.930569797066486,15457.1,Punta Arenas,Magallanes,3.84122057013298,0.8598522715968736,0.8403062160093253,11.856250000000001,17009.66362711138,0.13022207619336468,1.2302483069977428,30.69999999999999,0.07393848376724015,53.25922075025089,11.386149226926358
7.04,63.7,7.0,13.7,10.540000000000006,7.0,-53.16,3.930569797066486,8254.8,Punta Arenas,Magallanes,3.8642510363385987,0.992546151641322,0.9757993606821045,6.07552,8716.293225917783,0.13385351805728515,1.1982693754702785,7.0,0.07393848376724015,27.67121137134806,6.869627499202015
12.99,58.6,35.8,18.9,5.440000000000005,35.80000000000001,-53.16,3.930569797066486,13803.9,Punta Arenas,Magallanes,3.912866597169799,0.8110638189893266,0.8074108053913351,10.53489,15113.963964037479,0.12130774990245392,1.1023325808878857,35.8,0.07393848376724015,51.05810166389365,10.488266362033444
9.22,46.4,343.8,12.4,-6.759999999999998,-16.200000000000045,-53.16,3.930569797066486,10993.1,Punta Arenas,Magallanes,3.9032441915939358,0.9602936856769428,0.9536176545294555,8.07672,11587.330767347432,0.13610846977485908,0.872836719337848,16.19999999999999,0.07393848376724015,36.239853528953006,8.79235477476158
2.1,45.0,341.8,13.2,-8.159999999999997,-18.200000000000045,-53.16,3.930569797066486,2464.3,Punta Arenas,Magallanes,3.8907749926581063,0.9499720515246523,0.9403541197906667,1.8228,2615.0945585238687,0.13395846923244184,0.8465011286681716,18.19999999999999,0.07393848376724015,8.254196573839621,1.9747436515604002
4.45,50.5,30.5,12.2,-2.6599999999999966,30.5,-53.16,3.930569797066486,5212.9,Punta Arenas,Magallanes,3.9263346790272786,0.8616291604415258,0.8607007705670561,3.9071000000000002,5605.3521777532405,0.13372582217433687,0.9499623777276148,30.5,0.07393848376724015,17.491035596945864,3.8301184290233996
14.11,53.6,348.6,15.5,0.4400000000000048,-11.399999999999975,-53.16,3.930569797066486,16420.5,Punta Arenas,Magallanes,3.930453897057186,0.9802711746217219,0.9802422695407486,11.922949999999998,17105.355314105855,0.1328480723862412,1.0082768999247556,11.399999999999977,0.07393848376724015,55.460339836608114,13.831218423219962
9.85,39.0,349.7,16.2,-14.159999999999997,-10.299999999999956,-53.16,3.930569797066486,11039.9,Punta Arenas,Magallanes,3.811144820612043,0.9838850379335418,0.9539910394662491,8.254299999999999,11842.097330712952,0.12794543726676402,0.7336343115124154,10.300000000000011,0.07393848376724015,38.71611250110489,9.396811738742553
14.08,57.1,350.7,15.3,3.940000000000005,-9.299999999999956,-53.16,3.930569797066486,16409.4,Punta Arenas,Magallanes,3.9212801000524875,0.9868557164068074,0.9845233343158459,11.92576,17109.38670301822,0.13304113480697385,1.0741158765989467,9.300000000000011,0.07393848376724015,55.34242274269612,13.862088547167112
6.03,63.5,358.4,19.5,10.340000000000003,-1.6000000000000227,-53.16,3.930569797066486,6608.4,Punta Arenas,Magallanes,3.8667372283269716,0.9996101150403544,0.9833764174658579,4.85415,6964.045013857052,0.12510506826597603,1.1945071482317533,1.6000000000000227,0.07393848376724015,23.70133587631091,5.929759797319123
11.32,57.8,320.7,20.0,4.640000000000001,-39.30000000000001,-53.16,3.930569797066486,11764.0,Punta Arenas,Magallanes,3.917687928971616,0.7738402097265061,0.77130406152844,9.056000000000001,12992.262630015446,0.11863271858915404,1.0872836719337848,39.30000000000001,0.07393848376724015,44.49405010279262,8.73116197650194
12.04,47.8,346.5,18.4,-5.359999999999999,-13.5,-53.16,3.930569797066486,13441.2,Punta Arenas,Magallanes,3.913383073974309,0.9723699203976766,0.9681181570585521,9.82464,14094.998136633718,0.1274404951531425,0.8991723100075245,13.5,0.07393848376724015,47.324060356680484,11.656142610984967
14.68,46.8,5.8,18.1,-6.359999999999999,5.800000000000011,-53.16,3.930569797066486,16528.1,Punta Arenas,Magallanes,3.906379093357702,0.9948807088287882,0.9887577124960875,12.02292,17248.778071959507,0.12852652632102818,0.8803611738148984,5.8,0.07393848376724015,57.70076462093601,14.514963219442564
2.24,55.6,5.6,13.7,2.440000000000005,5.599999999999994,-53.16,3.930569797066486,2666.3,Punta Arenas,Magallanes,3.927006153426911,0.9952273999818312,0.9943250789502792,1.9331200000000002,2773.3660264283853,0.1358804223744292,1.0458991723100075,5.6,0.07393848376724015,8.80447634542893,2.2272881768486257
14.38,51.9,28.9,15.8,-1.259999999999998,28.90000000000001,-53.16,3.930569797066486,16218.6,Punta Arenas,Magallanes,3.929619402729431,0.8754645270000178,0.8752528435618113,12.10796,17370.78138623253,0.1287509288014175,0.9762979683972912,28.9,0.07393848376724015,56.52159368181607,12.586135890418847
7.09,56.7,46.0,13.5,3.5400000000000063,46.0,-53.16,3.930569797066486,7796.8,Punta Arenas,Magallanes,3.923070015449052,0.6946583704589973,0.693332917319594,6.1328499999999995,8798.542167677806,0.12553535431600235,1.0665914221218964,46.0,0.07393848376724015,27.867739861201386,4.915730383795921
12.89,58.0,37.8,17.8,4.840000000000003,37.80000000000001,-53.16,3.930569797066486,13818.9,Punta Arenas,Magallanes,3.916554164444553,0.7901550123756902,0.7873374762576185,10.59558,15201.033356596628,0.12238169123351433,1.09104589917231,37.8,0.07393848376724015,50.665044684187,10.148780068960702
9.08,61.9,22.9,11.7,8.740000000000002,22.90000000000001,-53.16,3.930569797066486,10747.6,Punta Arenas,Magallanes,3.884928201206791,0.9211854055657211,0.9104886429680797,8.01764,11502.57117412953,0.13512059219922354,1.1644093303235517,22.9,0.07393848376724015,35.68957375736369,8.267236878150165
9.34,44.1,356.3,12.2,-9.059999999999995,-3.7000000000000455,-53.16,3.930569797066486,11205.1,Punta Arenas,Magallanes,3.881531934681047,0.9979156182721789,0.9854656043333262,8.20052,11764.941424767474,0.13695085701993684,0.8295711060948082,3.6999999999999886,0.07393848376724015,36.71152190460098,9.204248744473267
6.67,54.9,344.4,10.4,1.740000000000002,-15.600000000000025,-53.16,3.930569797066486,8193.3,Punta Arenas,Magallanes,3.928757433300858,0.963162566797658,0.9627184579211852,5.97632,8573.975154705598,0.1402261198168039,1.0327313769751694,15.600000000000023,0.07393848376724015,26.21690054643346,6.421332114334305
12.77,50.3,0.4,16.1,-2.859999999999999,0.4000000000000057,-53.16,3.930569797066486,14808.7,Punta Arenas,Magallanes,3.9256740142825097,0.9999756307053947,0.9987300953937316,10.71403,15370.968593845448,0.13237986433671955,0.9462001504890896,0.4,0.07393848376724015,50.19337630853902,12.753783318177952
5.43,52.4,14.6,16.9,-0.759999999999998,14.599999999999994,-53.16,3.930569797066486,6196.2,Punta Arenas,Magallanes,3.93022401611183,0.9677091704819712,0.9676240389570081,4.5123299999999995,6473.65022452491,0.1302631247004213,0.9857035364936042,14.6,0.07393848376724015,21.342993998071016,5.254198531536554
8.4,60.1,20.5,10.0,6.940000000000005,20.5,-53.16,3.930569797066486,10213.9,Punta Arenas,Magallanes,3.9017714109734585,0.9366721892483976,0.9298094063081966,7.5600000000000005,10846.014298025262,0.13880599043270275,1.1305492851768248,20.5,0.07393848376724015,33.016786295358486,7.810399012988852
9.28,60.9,15.6,15.1,7.740000000000002,15.599999999999994,-53.16,3.930569797066486,10703.9,Punta Arenas,Magallanes,3.894760019497506,0.9631625667976582,0.9543875954676659,7.8787199999999995,11303.268488113437,0.1316709474885845,1.1455981941309255,15.6,0.07393848376724015,36.47568771677699,8.856716885939939
11.65,64.3,357.0,13.8,11.14,-3.0,-53.16,3.930569797066486,13635.7,Punta Arenas,Magallanes,3.8565100763391547,0.9986295347545738,0.9798133762146121,10.042300000000001,14407.265791674483,0.133612597252435,1.2095560571858541,3.0,0.07393848376724015,45.79113813582456,11.414825832900231
8.13,56.6,19.7,17.9,3.440000000000005,19.69999999999999,-53.16,3.930569797066486,9083.3,Punta Arenas,Magallanes,3.923487621735891,0.941470544812038,0.9397741852989907,6.67473,9575.95463167436,0.12754076170898693,1.0647103085026337,19.7,0.07393848376724015,31.955532450150532,7.6403641264807955
10.84,52.3,31.5,10.4,-0.8599999999999994,31.5,-53.16,3.930569797066486,12939.3,Punta Arenas,Magallanes,3.93012703643218,0.8526401643540923,0.8525441183558032,9.71264,13934.316443329639,0.1362628266693626,0.9838224228743416,31.5,0.07393848376724015,42.60737660020071,9.241578242976907
8.31,51.1,22.0,10.5,-2.059999999999995,22.0,-53.16,3.930569797066486,10096.5,Punta Arenas,Magallanes,3.928029597082428,0.9271838545667874,0.9265846456647227,7.437450000000001,10670.19696307513,0.13869656957288626,0.9612490594431905,22.0,0.07393848376724015,32.6630350136225,7.699918405473846
10.57,39.3,359.2,16.2,-13.86,-0.7999999999999545,-53.16,3.930569797066486,11900.0,Punta Arenas,Magallanes,3.8161271531975367,0.9999025240093042,0.9707893179432869,8.85766,12707.712567069633,0.12851915691433063,0.7392776523702032,0.8000000000000114,0.07393848376724015,41.54612275499276,10.261243090660543
10.76,63.9,339.2,15.9,10.740000000000002,-20.799999999999955,-53.16,3.930569797066486,12102.6,Punta Arenas,Magallanes,3.861717759670831,0.9348256763960148,0.9184502764533209,9.049159999999999,12982.449569460088,0.1283991953964455,1.2020316027088036,20.80000000000001,0.07393848376724015,42.29293101643539,9.882524974637732
11.22,50.6,338.6,18.3,-2.559999999999995,-21.399999999999977,-53.16,3.930569797066486,12452.2,Punta Arenas,Magallanes,3.9266470714491475,0.9310558158625285,0.9301266181409203,9.16674,13151.136654269852,0.12669198023750802,0.9518434913468774,21.399999999999977,0.07393848376724015,44.10099312308598,10.436020655541126
12.7,57.2,343.0,15.9,4.040000000000006,-17.0,-53.16,3.930569797066486,14579.8,Punta Arenas,Magallanes,3.920802755456537,0.9563047559630354,0.9539284418850476,10.6807,15323.151443507726,0.1310520260309927,1.0759969902182094,17.0,0.07393848376724015,49.91823642274437,12.114891211940103
9.03,58.6,6.4,19.5,5.440000000000005,6.400000000000006,-53.16,3.930569797066486,9998.1,Punta Arenas,Magallanes,3.912866597169799,0.9937679191605964,0.9892920103147733,7.269149999999999,10428.744025726231,0.1263937559732399,1.1023325808878857,6.4,0.07393848376724015,35.49304526751037,8.933306853142403
4.51,43.2,13.0,13.1,-9.959999999999994,13.0,-53.16,3.930569797066486,5307.6,Punta Arenas,Magallanes,3.8713311667797146,0.9743700647852352,0.9596850824517862,3.91919,5622.697192682225,0.1343437718312426,0.8126410835214448,13.0,0.07393848376724015,17.72686978476985,4.3281797218575555
10.84,45.8,324.6,14.0,-7.359999999999999,-35.39999999999998,-53.16,3.930569797066486,12186.4,Punta Arenas,Magallanes,3.898185191827314,0.8151277957285544,0.8084118249540762,9.3224,13374.455514803003,0.12833409156009368,0.8615500376222723,35.39999999999998,0.07393848376724015,42.60737660020071,8.763184182502185
3.0,65.5,347.4,19.8,12.340000000000003,-12.600000000000025,-53.16,3.930569797066486,3236.0,Punta Arenas,Magallanes,3.839760322234221,0.9759167619387473,0.9533697793873106,2.406,3451.7870900858175,0.12313546423135464,1.2321294206170053,12.600000000000023,0.07393848376724015,11.791709391199458,2.860109338161932
4.85,55.5,6.1,11.1,2.3400000000000034,6.099999999999994,-53.16,3.930569797066486,5950.3,Punta Arenas,Magallanes,3.927292229898463,0.9943379441332046,0.9935087998696827,4.311649999999999,6185.743061915425,0.14005319399331545,1.044018058690745,6.1,0.07393848376724015,19.063263515772455,4.818517679367961
12.3,48.5,337.5,18.0,-4.659999999999997,-22.5,-53.16,3.930569797066486,13648.5,Punta Arenas,Magallanes,3.917576700406126,0.9238795325112867,0.9208255081107007,10.086000000000002,14469.960345222595,0.126670564650852,0.9123401053423628,22.5,0.07393848376724015,48.34600850391778,11.32615374976162
7.66,52.1,10.8,10.1,-1.0599999999999952,10.800000000000011,-53.16,3.930569797066486,9478.3,Punta Arenas,Magallanes,3.929897161859164,0.9822872507286886,0.9821191527116946,6.886340000000001,9879.542605960753,0.14125296565208578,0.9800601956358165,10.8,0.07393848376724015,30.108164645529282,7.523032709771581
8.47,61.8,352.3,14.9,8.64,-7.700000000000045,-53.16,3.930569797066486,9846.9,Punta Arenas,Magallanes,3.88596468768393,0.9909831997148362,0.9797372694040335,7.20797,10340.971650758882,0.1327125551907619,1.162528216704289,7.699999999999989,0.07393848376724015,33.29192618115314,8.298374671852164
14.84,60.6,341.9,11.5,7.440000000000005,-18.100000000000023,-53.16,3.930569797066486,17783.9,Punta Arenas,Magallanes,3.8974783473859502,0.9505157316277836,0.9425133439008964,13.1334,18841.93706106944,0.13680091447279352,1.1399548532731378,18.100000000000023,0.07393848376724015,58.32965578846665,13.986898023489301
5.06,41.4,1.3,16.0,-11.759999999999998,1.3000000000000114,-53.16,3.930569797066486,5756.1,Punta Arenas,Magallanes,3.8480668044311876,0.9997426093226983,0.9787579273573245,4.2504,6097.870260889758,0.1298594942877254,0.7787810383747179,1.3,0.07393848376724015,19.888683173156416,4.9525151124280615
2.25,66.2,9.8,18.0,13.040000000000006,9.800000000000011,-53.16,3.930569797066486,2483.0,Punta Arenas,Magallanes,3.8292113364041516,0.9854078984834901,0.9599969700757728,1.8450000000000002,2646.9439655894985,0.12597666159309995,1.2452972159518436,9.8,0.07393848376724015,8.843782043399592,2.1599931826704886
3.45,60.9,338.8,10.3,7.740000000000002,-21.200000000000045,-53.16,3.930569797066486,4166.9,Punta Arenas,Magallanes,3.894760019497506,0.932323801215512,0.923829788981278,3.09465,4439.764305209507,0.1378763814439812,1.1455981941309255,21.19999999999999,0.07393848376724015,13.560465799879378,3.187212771985409
5.18,51.9,353.9,11.6,-1.259999999999998,-6.100000000000023,-53.16,3.930569797066486,6321.7,Punta Arenas,Magallanes,3.929619402729431,0.9943379441332045,0.9940975176301747,4.57912,6569.471030737227,0.13931568554856227,0.9762979683972912,6.100000000000023,0.07393848376724015,20.360351548804395,5.149425141324305
11.44,43.6,11.7,13.4,-9.559999999999995,11.699999999999989,-53.16,3.930569797066486,13441.9,Punta Arenas,Magallanes,3.8759829215334256,0.9792228106217659,0.9656235829162975,9.90704,14213.213953850289,0.1341314222307373,0.8201655379984952,11.7,0.07393848376724015,44.9657184784406,11.046733788562442
12.09,61.6,340.9,12.6,8.440000000000005,-19.100000000000023,-53.16,3.930569797066486,14266.2,Punta Arenas,Magallanes,3.888002145549867,0.9449489121575307,0.9347152162634264,10.56666,15159.543047932755,0.13470319634703198,1.1587659894657638,19.100000000000023,0.07393848376724015,47.52058884653381,11.300706964624824
9.35,57.0,318.6,13.8,3.8400000000000034,-41.39999999999998,-53.16,3.930569797066486,10405.9,Punta Arenas,Magallanes,3.9217454997492065,0.7501110696304598,0.7484270381945235,8.0597,11562.912888597117,0.127046858593998,1.072234762979684,41.39999999999998,0.07393848376724015,36.75082760257164,6.9977928071187945
5.32,41.5,321.6,19.5,-11.659999999999997,-38.39999999999998,-53.16,3.930569797066486,5475.0,Punta Arenas,Magallanes,3.8494591255971544,0.7836934573258401,0.767521272163968,4.2825999999999995,6144.06624771468,0.11748120300751878,0.7806621519939805,38.39999999999998,0.07393848376724015,20.910631320393705,4.0832131679123105
8.78,51.3,349.5,11.0,-1.8599999999999992,-10.5,-53.16,3.930569797066486,10764.3,Punta Arenas,Magallanes,3.9284988547610364,0.9832549075639546,0.9827368492949895,7.8142,11210.70435550648,0.13995459793428403,0.9650112866817155,10.5,0.07393848376724015,34.51040281824374,8.628429536810007
2.19,70.0,327.0,14.2,16.840000000000003,-33.0,-53.16,3.930569797066486,2390.3,Punta Arenas,Magallanes,3.762017066975941,0.838670567945424,0.802706262215682,1.87902,2695.751029930612,0.1245960259377411,1.3167795334838226,33.0,0.07393848376724015,8.607947855575604,1.7579267142523436
10.86,53.3,351.3,14.6,0.1400000000000005,-8.700000000000045,-53.16,3.930569797066486,12805.2,Punta Arenas,Magallanes,3.930558063336031,0.9884938868086834,0.9884909359080704,9.274439999999998,13305.649318277432,0.13460228562779084,1.0026335590669677,8.699999999999989,0.07393848376724015,42.68598799614203,10.735011563961644
9.99,47.2,41.6,12.8,-5.959999999999994,41.599999999999994,-53.16,3.930569797066486,11202.5,Punta Arenas,Magallanes,3.9093236037155363,0.747798090498532,0.7437559633672289,8.71128,12497.70733255311,0.12801043052184605,0.887885628291949,41.6,0.07393848376724015,39.2663922726942,7.430122074038617
2.28,45.1,325.5,12.8,-8.059999999999995,-34.5,-53.16,3.930569797066486,2605.9,Punta Arenas,Magallanes,3.891742779853695,0.8241261886220157,0.8159852921710686,1.98816,2852.329601423532,0.13047244252182968,0.8483822422874342,34.5,0.07393848376724015,8.961699137311587,1.8604464661500364
12.62,67.3,352.9,17.1,14.14,-7.100000000000023,-53.16,3.930569797066486,14002.8,Punta Arenas,Magallanes,3.81148022827168,0.9923319378854887,0.9622659706884946,10.461979999999999,15009.363051012475,0.1266634826216269,1.265989465763732,7.100000000000023,0.07393848376724015,49.60379083897905,12.143796550088801
11.92,59.9,53.3,16.2,6.740000000000002,53.30000000000001,-53.16,3.930569797066486,12275.1,Punta Arenas,Magallanes,3.9034054561568947,0.5976251469755209,0.5934949332745192,9.988959999999999,14330.741135238413,0.11755596671876437,1.1267870579382995,53.3,0.07393848376724015,46.85239198103251,7.074459604632269
6.01,64.4,10.2,18.1,11.240000000000007,10.199999999999989,-53.16,3.930569797066486,6648.0,Punta Arenas,Magallanes,3.8551787765057575,0.984195607969242,0.965318062181462,4.92219,7061.659142539281,0.1262735623276275,1.2114371708051168,10.2,0.07393848376724015,23.62272448036958,5.801561553710586
10.26,55.1,350.8,14.1,1.9400000000000048,-9.200000000000044,-53.16,3.930569797066486,12156.1,Punta Arenas,Magallanes,3.928316895484717,0.9871362650729878,0.9865704639378282,8.81334,12644.12852557645,0.1352517201171371,1.0364936042136945,9.199999999999989,0.07393848376724015,40.32764611790214,10.122212960002118
9.82,63.2,356.1,16.1,10.040000000000006,-3.8999999999999777,-53.16,3.930569797066486,11223.8,Punta Arenas,Magallanes,3.870378166425678,0.9976842788356053,0.9824060248652439,8.23898,11820.118370521714,0.1304741046601382,1.1888638073739655,3.8999999999999773,0.07393848376724015,38.59819540719289,9.647227164176694
3.86,46.4,10.7,18.9,-6.759999999999998,10.699999999999989,-53.16,3.930569797066486,4282.3,Punta Arenas,Magallanes,3.9032441915939358,0.9826127965436152,0.9757816013233523,3.1304600000000002,4491.139407327535,0.12664430879882652,0.872836719337848,10.7,0.07393848376724015,15.171999416676636,3.76651698110814
4.51,54.5,42.4,18.5,1.3400000000000034,42.400000000000006,-53.16,3.930569797066486,4742.7,Punta Arenas,Magallanes,3.9294948921401605,0.7384553406258837,0.7382533929886473,3.6756499999999996,5273.300589224411,0.12004525711508672,1.0252069224981188,42.4,0.07393848376724015,17.72686978476985,3.3295228023787993
10.88,55.5,346.7,19.2,2.3400000000000034,-13.299999999999956,-53.16,3.930569797066486,12075.5,Punta Arenas,Magallanes,3.927292229898463,0.9731788727770884,0.972367372336514,8.79104,12612.135652713228,0.12669868889336555,1.044018058690745,13.300000000000011,0.07393848376724015,42.76459939208337,10.579357011021274
14.14,64.2,341.1,12.7,11.040000000000006,-18.899999999999977,-53.16,3.930569797066486,16533.5,Punta Arenas,Magallanes,3.857829628574046,0.9460853588275454,0.928576851928442,12.34422,17709.73367962558,0.13347848972764204,1.2076749435665917,18.899999999999977,0.07393848376724015,55.57825693052011,13.13007668626817
9.49,55.7,325.5,19.9,2.5400000000000063,-34.5,-53.16,3.930569797066486,10044.1,Punta Arenas,Magallanes,3.9267081146135765,0.8241261886220157,0.8233165061062746,7.601490000000001,10905.538257446568,0.12082052244371629,1.0477802859292702,34.5,0.07393848376724015,37.30110737416095,7.8132736429485465
9.38,48.2,2.6,18.2,-4.959999999999994,2.5999999999999943,-53.16,3.930569797066486,10580.8,Punta Arenas,Magallanes,3.91585099827127,0.9989705697907147,0.9952297262035927,7.672840000000001,11007.90110402912,0.12876907049877812,0.906696764484575,2.6,0.07393848376724015,36.86874469648364,9.335254831789701
10.41,53.7,324.9,17.9,0.5400000000000063,-35.10000000000002,-53.16,3.930569797066486,11264.4,Punta Arenas,Magallanes,3.9303952290983237,0.8181497174250232,0.8181133810307605,8.54661,12261.462203656836,0.1235245351545537,1.0101580135440182,35.10000000000002,0.07393848376724015,40.91723158746212,8.516560296530217
7.73,39.7,348.4,16.7,-13.459999999999994,-11.600000000000025,-53.16,3.930569797066486,8622.7,Punta Arenas,Magallanes,3.8226074962547156,0.979575249599344,0.9526689222154772,6.43909,9237.891826226387,0.12733848434906403,0.7468021068472537,11.600000000000023,0.07393848376724015,30.383304531323937,7.364130768725639
2.7,34.6,337.3,19.8,-18.559999999999995,-22.700000000000045,-53.16,3.930569797066486,2788.1,Punta Arenas,Magallanes,3.7261442211085547,0.922538089456246,0.8745576718534411,2.1654000000000004,3106.608381077236,0.11788009470657872,0.6508653122648609,22.69999999999999,0.07393848376724015,10.612538452079512,2.361305714004291
7.15,59.8,26.9,14.4,6.640000000000001,26.90000000000001,-53.16,3.930569797066486,8186.1,Punta Arenas,Magallanes,3.904204644309007,0.891797529605214,0.885815603495078,6.1204,8780.680675877487,0.13069738480697385,1.1249059443190368,26.9,0.07393848376724015,28.103574049025376,6.333581564989808
13.7,50.2,347.3,17.4,-2.9599999999999937,-12.700000000000044,-53.16,3.930569797066486,15542.5,Punta Arenas,Magallanes,3.9253257439721088,0.9755345439458564,0.9742330138349627,11.3162,16234.876587210774,0.12950788254507883,0.9443190368698271,12.699999999999989,0.07393848376724015,53.848806219810854,13.346992289538989
12.46,51.1,9.9,17.0,-2.059999999999995,9.900000000000006,-53.16,3.930569797066486,14254.6,Punta Arenas,Magallanes,3.928029597082428,0.9851093261547739,0.9844726818961066,10.341800000000001,14836.9458554653,0.13059690553149073,0.9612490594431905,9.9,0.07393848376724015,48.97489967144842,12.266529616425489
14.06,59.8,319.9,17.3,6.640000000000001,-40.10000000000002,-53.16,3.930569797066486,15005.7,Punta Arenas,Magallanes,3.904204644309007,0.7649214009184315,0.7597905240675152,11.62762,16681.657774074665,0.12183353144059705,1.1249059443190368,40.10000000000002,0.07393848376724015,55.26381134675479,10.682654768389265
3.99,64.3,3.3,17.5,11.14,3.3000000000000114,-53.16,3.930569797066486,4462.5,Punta Arenas,Magallanes,3.8565100763391547,0.9983418166140283,0.9795310792537522,3.29175,4722.535392265166,0.12767363614515742,1.2095560571858541,3.3,0.07393848376724015,15.68297349029528,3.908329006222471
8.58,57.4,329.9,11.9,4.240000000000002,-30.100000000000023,-53.16,3.930569797066486,10069.7,Punta Arenas,Magallanes,3.919812237419622,0.8651514205697043,0.8627835913513315,7.55898,10844.550946889814,0.13397542335898502,1.0797592174567345,30.100000000000023,0.07393848376724015,33.72428885883045,7.4026832137944245
9.6,68.6,349.4,13.5,15.439999999999998,-10.600000000000025,-53.16,3.930569797066486,11032.2,Punta Arenas,Magallanes,3.7887146532756124,0.9829353491495542,0.9474609923794983,8.304,11913.399832116635,0.13118578767123287,1.2904439428141459,10.600000000000023,0.07393848376724015,37.73347005183826,9.095625526843184
4.73,57.2,55.3,13.9,4.040000000000006,55.30000000000001,-53.16,3.930569797066486,4977.8,Punta Arenas,Magallanes,3.920802755456537,0.569279523430844,0.5678649252732968,4.07253,5842.68764671122,0.12013573131763639,1.0759969902182094,55.3,0.07393848376724015,18.59159514012448,2.686001096542694
4.61,55.6,23.3,17.5,2.440000000000005,23.30000000000001,-53.16,3.930569797066486,5154.0,Punta Arenas,Magallanes,3.927006153426911,0.9184463813430871,0.9176136736762225,3.8032500000000002,5456.362946952987,0.12762606602680293,1.0458991723100075,23.3,0.07393848376724015,18.119926764476503,4.230199035647386
12.17,55.1,356.8,17.2,1.9400000000000048,-3.2000000000000455,-53.16,3.930569797066486,13932.9,Punta Arenas,Magallanes,3.928316895484717,0.9984407641819809,0.9978684835984872,10.07676,14456.704105525005,0.13069134746344593,1.0364936042136945,3.1999999999999886,0.07393848376724015,47.83503443029913,12.144059445393589
10.73,42.9,80.0,18.3,-10.259999999999998,80.0,-53.16,3.930569797066486,9144.9,Punta Arenas,Magallanes,3.867718514607069,0.17364817766693041,0.1708714783010388,8.76641,12576.80002676609,0.09729155229863778,0.8069977426636569,80.0,0.07393848376724015,42.1750139225234,1.8334509621701465
10.41,60.8,337.1,17.9,7.640000000000001,-22.899999999999977,-53.16,3.930569797066486,11494.4,Punta Arenas,Magallanes,3.8956779966244945,0.9211854055657214,0.9130080117015894,8.54661,12261.462203656836,0.12604669728352172,1.143717080511663,22.899999999999977,0.07393848376724015,40.91723158746212,9.504413401813546
5.47,33.6,29.1,16.0,-19.559999999999995,29.09999999999999,-53.16,3.930569797066486,5802.2,Punta Arenas,Magallanes,3.703742166280867,0.8737722230354653,0.8233480623080975,4.594799999999999,6591.966467799796,0.12108804354177623,0.6320541760722348,29.1,0.07393848376724015,21.500216789953676,4.503713900825294
8.59,48.5,321.7,11.4,-4.659999999999997,-38.30000000000001,-53.16,3.930569797066486,9912.7,Punta Arenas,Magallanes,3.917576700406126,0.7847763705330828,0.782182172804623,7.61074,10918.808843723913,0.13173303352629426,0.9123401053423628,38.30000000000001,0.07393848376724015,33.76359455680112,6.718944864391712
2.3,53.3,353.9,16.4,0.1400000000000005,-6.100000000000023,-53.16,3.930569797066486,2658.3,Punta Arenas,Magallanes,3.930558063336031,0.9943379441332045,0.9943349757866239,1.9228,2758.5603561167954,0.1319386539606909,1.0026335590669677,6.100000000000023,0.07393848376724015,9.040310533252917,2.286970444309235
3.69,46.8,326.3,18.9,-6.359999999999999,-33.69999999999999,-53.16,3.930569797066486,3940.0,Punta Arenas,Magallanes,3.906379093357702,0.8319541221304827,0.8268338579685842,2.9925900000000003,4293.343112186167,0.12188934674734876,0.8803611738148984,33.69999999999999,0.07393848376724015,14.503802551175333,3.0510169359040757
8.74,49.5,6.4,16.4,-3.6599999999999966,6.400000000000006,-53.16,3.930569797066486,10067.8,Punta Arenas,Magallanes,3.9225531135552094,0.9937679191605964,0.9917410570762452,7.306640000000001,10482.529353243823,0.1314979676708149,0.9311512415349887,6.4,0.07393848376724015,34.35318002636109,8.667816838846383
6.03,67.9,1.4,19.0,14.740000000000007,1.4000000000000057,-53.16,3.930569797066486,6535.5,Punta Arenas,Magallanes,3.801216162438162,0.9997014897811831,0.9668016742523867,4.8843000000000005,7007.299951831321,0.12372498239396623,1.277276147479308,1.4,0.07393848376724015,23.70133587631091,5.8298140957418925
14.55,62.0,352.3,20.0,8.840000000000003,-7.700000000000045,-53.16,3.930569797066486,15886.3,Punta Arenas,Magallanes,3.8838798805646086,0.9909831997148362,0.9792116436203532,11.64,16699.418839816673,0.12463948908660107,1.1662904439428141,7.699999999999989,0.07393848376724015,57.18979054731737,14.247529414676139
8.13,47.7,27.3,13.6,-5.459999999999994,27.30000000000001,-53.16,3.930569797066486,9402.3,Punta Arenas,Magallanes,3.9127362860018797,0.8886172326549487,0.8845854596375661,7.02432,10077.496713479472,0.13201991608957184,0.8972911963882619,27.3,0.07393848376724015,31.955532450150532,7.191679786853413
3.09,49.4,345.8,17.2,-3.759999999999998,-14.200000000000044,-53.16,3.930569797066486,3500.3,Punta Arenas,Magallanes,3.922109218225226,0.9694453498951386,0.9673586120330603,2.55852,3670.6011245745494,0.1293131474339082,0.9292701279157262,14.199999999999989,0.07393848376724015,12.14546067293544,2.989138111182156
2.23,42.9,8.2,15.4,-10.259999999999998,8.199999999999989,-53.16,3.930569797066486,2565.0,Punta Arenas,Magallanes,3.867718514607069,0.989776230907789,0.9739493384539695,1.88658,2706.597044228637,0.131304134160575,0.8069977426636569,8.2,0.07393848376724015,8.765170647458264,2.1719070247523518
11.43,58.8,20.5,14.5,5.640000000000001,20.5,-53.16,3.930569797066486,13233.1,Punta Arenas,Magallanes,3.9115420334379833,0.9366721892483976,0.9321377889108913,9.772649999999999,14020.410268465153,0.13216341678751342,1.1060948081264108,20.5,0.07393848376724015,44.92641278046993,10.654334927251487
4.23,51.2,322.9,12.4,-1.9599999999999935,-37.10000000000002,-53.16,3.930569797066486,4858.1,Punta Arenas,Magallanes,3.92827020901789,0.7975839288252283,0.7971173006860085,3.7054800000000006,5316.096436646382,0.13110582164793766,0.9631301730624531,37.10000000000002,0.07393848376724015,16.626310241591238,3.371806181901816
4.44,37.4,341.3,12.5,-15.759999999999998,-18.700000000000045,-53.16,3.930569797066486,5110.0,Punta Arenas,Magallanes,3.7828112139092553,0.9472102777460286,0.9116026035873924,3.8850000000000002,5573.646236485204,0.1313813813813814,0.7035364936042137,18.69999999999999,0.07393848376724015,17.4517298989752,4.047515559928023
7.51,54.0,1.3,11.8,0.8400000000000034,1.3000000000000114,-53.16,3.930569797066486,9158.6,Punta Arenas,Magallanes,3.930147390125972,0.9997426093226983,0.9996351698829457,6.62382,9502.9161941198,0.1392146848342241,1.0158013544018059,1.3,0.07393848376724015,29.518579175969307,7.507260125820921
5.43,56.7,15.8,16.3,3.5400000000000063,15.800000000000011,-53.16,3.930569797066486,6220.2,Punta Arenas,Magallanes,3.923070015449052,0.9622179935292853,0.9603820193086465,4.54491,6520.391381380687,0.13076767829662705,1.0665914221218964,15.8,0.07393848376724015,21.342993998071016,5.214874364845951
10.02,60.9,35.5,11.4,7.740000000000002,35.5,-53.16,3.930569797066486,11585.5,Punta Arenas,Magallanes,3.894760019497506,0.8141155183563192,0.8066984523498708,8.87772,12736.491806066775,0.13199058503996575,1.1455981941309255,35.5,0.07393848376724015,39.38430936660619,8.083118492545704
8.31,52.6,354.6,14.3,-0.5599999999999952,-5.399999999999977,-53.16,3.930569797066486,9846.5,Punta Arenas,Magallanes,3.930382058780331,0.99556196460308,0.9955144129485756,7.12167,10217.160667436185,0.13526229607283954,0.9894657637321295,5.399999999999977,0.07393848376724015,32.6630350136225,8.272724771602663
3.45,50.2,352.1,15.2,-2.9599999999999937,-7.899999999999977,-53.16,3.930569797066486,4030.4,Punta Arenas,Magallanes,3.9253257439721088,0.9905094632383089,0.9891879540211004,2.9256,4197.235374378665,0.13335980411620674,0.9443190368698271,7.899999999999977,0.07393848376724015,13.560465799879378,3.4126984413727963
12.2,69.1,338.2,14.4,15.939999999999998,-21.799999999999955,-53.16,3.930569797066486,13652.5,Punta Arenas,Magallanes,3.7794386634894206,0.9284858268809139,0.8927853756049998,10.4432,14982.420174224524,0.1277462759188562,1.2998495109104589,21.80000000000001,0.07393848376724015,47.95295152421112,10.891981582380998
7.54,53.2,8.2,18.5,0.0400000000000062,8.199999999999989,-53.16,3.930569797066486,8472.0,Punta Arenas,Magallanes,3.9305688392105007,0.989776230907789,0.9897759897053335,6.145099999999999,8816.11672788294,0.12826568802005742,1.0007524454477053,8.2,0.07393848376724015,29.636496269881302,7.462910962378215
9.94,58.9,352.6,14.4,5.740000000000002,-7.399999999999977,-53.16,3.930569797066486,11686.8,Punta Arenas,Magallanes,3.9108618777012003,0.9916711623830905,0.9866989124768019,8.50864,12206.9882403108,0.1342162564427662,1.1079759217456735,7.399999999999977,0.07393848376724015,39.06986378284087,9.80778719001941
2.05,48.8,353.1,10.8,-4.359999999999999,-6.899999999999977,-53.16,3.930569797066486,2519.4,Punta Arenas,Magallanes,3.919195000196791,0.9927573419294455,0.9898843709129344,1.8285999999999998,2623.415574784258,0.14029401937854996,0.9179834462001505,6.899999999999977,0.07393848376724015,8.057668083986295,2.0292629603715153
10.14,58.7,357.7,19.9,5.540000000000006,-2.2999999999999545,-53.16,3.930569797066486,11185.3,Punta Arenas,Magallanes,3.912210273939375,0.999194395114446,0.9945272009027379,8.122140000000002,11652.492932614143,0.1259231489737285,1.1042136945071483,2.3000000000000114,0.07393848376724015,39.85597774225417,10.084505817153763
5.68,41.5,13.8,18.4,-11.659999999999997,13.800000000000011,-53.16,3.930569797066486,6229.2,Punta Arenas,Magallanes,3.8494591255971544,0.971134279909636,0.9510940929654569,4.63488,6649.467559475042,0.12519293845263363,0.7806621519939805,13.8,0.07393848376724015,22.32563644733764,5.402214448043795
8.43,49.5,345.9,16.6,-3.6599999999999966,-14.100000000000025,-53.16,3.930569797066486,9631.6,Punta Arenas,Magallanes,3.9225531135552094,0.9698720152847466,0.9678938906375811,7.03062,10086.535058727826,0.13042677543238163,0.9311512415349887,14.100000000000023,0.07393848376724015,33.13470338927048,8.159345498074808
5.87,43.5,340.7,17.6,-9.659999999999997,-19.299999999999955,-53.16,3.930569797066486,6508.1,Punta Arenas,Magallanes,3.8748376844528343,0.9438009515832297,0.9304186625935353,4.83688,6939.268470612755,0.12656452980482757,0.8182844243792325,19.30000000000001,0.07393848376724015,23.072444708780274,5.461557549424053
14.95,48.3,10.8,11.3,-4.859999999999999,10.800000000000011,-53.16,3.930569797066486,18208.8,Punta Arenas,Magallanes,3.9164381630501612,0.9822872507286886,0.9787556192750099,13.26065,19024.497288506438,0.13903880514958536,0.9085778781038375,10.8,0.07393848376724015,58.762018466143964,14.632396508161397
5.0,63.2,284.4,17.7,10.040000000000006,-75.60000000000002,-53.16,3.930569797066486,4432.7,Punta Arenas,Magallanes,3.870378166425678,0.24868988716485432,0.24488152079428305,4.115,5903.617570948935,0.10120319634703195,1.1888638073739655,75.60000000000002,0.07393848376724015,19.65284898533243,1.2244076039714153
13.87,48.3,344.9,12.1,-4.859999999999999,-15.100000000000025,-53.16,3.930569797066486,16664.4,Punta Arenas,Magallanes,3.9164381630501612,0.965472630879225,0.9620014532696718,12.19173,17490.962684876125,0.1371542009461635,0.9085778781038375,15.100000000000023,0.07393848376724015,54.517003085312155,13.342960156850348
13.93,58.9,331.2,14.9,5.740000000000002,-28.80000000000001,-53.16,3.930569797066486,15815.3,Punta Arenas,Magallanes,3.9108618777012003,0.8763066800438635,0.87191286889657,11.854429999999999,17007.052549595184,0.12960513592096162,1.1079759217456735,28.80000000000001,0.07393848376724015,54.752837273136144,12.14574626372922
7.47,65.3,30.1,11.8,12.14,30.09999999999999,-53.16,3.930569797066486,8613.4,Punta Arenas,Magallanes,3.842669117007719,0.8651514205697045,0.8458037427142847,6.58854,9452.301460729015,0.13162849266166646,1.22836719337848,30.1,0.07393848376724015,29.361356384086648,6.3181539580757065
5.95,52.9,349.0,17.5,-0.259999999999998,-11.0,-53.16,3.930569797066486,6760.4,Punta Arenas,Magallanes,3.9305293277189217,0.981627183447664,0.9816170765640018,4.9087499999999995,7042.377339342791,0.1297033882045969,0.9951091045899173,11.0,0.07393848376724015,23.38689029254559,5.8406216055558104
6.95,61.1,346.0,12.5,7.940000000000005,-14.0,-53.16,3.930569797066486,8279.9,Punta Arenas,Magallanes,3.8928884757325872,0.9702957262759965,0.9609937606734515,6.08125,8724.513816119857,0.13599914588876844,1.1493604213694508,14.0,0.07393848376724015,27.317460089612077,6.678906636680488
14.86,57.4,358.8,12.5,4.240000000000002,-1.2000000000000457,-53.16,3.930569797066486,17937.3,Punta Arenas,Magallanes,3.919812237419622,0.9997806834748455,0.9970443880033111,13.0025,18654.1403320203,0.13779522115083243,1.0797592174567345,1.1999999999999886,0.07393848376724015,58.408267184407975,14.816079605729202
10.04,54.1,345.1,11.1,0.9400000000000048,-14.899999999999975,-53.16,3.930569797066486,12251.7,Punta Arenas,Magallanes,3.9300408329421104,0.9663760793213294,0.9662460273688117,8.925559999999999,12805.12584363523,0.1393023795230039,1.0176824680210685,14.899999999999977,0.07393848376724015,39.46292076254751,9.70111011478287
9.08,59.2,349.9,17.2,6.040000000000006,-10.100000000000025,-53.16,3.930569797066486,10308.3,Punta Arenas,Magallanes,3.9087499399786667,0.9845031799744366,0.9790378861878771,7.5182400000000005,10786.102980950456,0.1295976404562187,1.1136192626034613,10.100000000000023,0.07393848376724015,35.68957375736369,8.889664006585924
2.47,67.9,2.4,13.0,14.740000000000007,2.4000000000000057,-53.16,3.930569797066486,2873.2,Punta Arenas,Magallanes,3.801216162438162,0.9991228300988584,0.9662420580515383,2.1489000000000003,3082.936524474403,0.1327898249311371,1.277276147479308,2.4,0.07393848376724015,9.708507398754222,2.3866178833873
13.02,48.1,349.4,15.2,-5.059999999999995,-10.600000000000025,-53.16,3.930569797066486,15158.7,Punta Arenas,Magallanes,3.9152519051311323,0.9829353491495542,0.9791047347004865,11.04096,15840.001325916004,0.13290669780948172,0.9048156508653123,10.600000000000023,0.07393848376724015,51.17601875780564,12.747943645800333
3.09,45.5,349.3,13.3,-7.659999999999997,-10.700000000000044,-53.16,3.930569797066486,3656.3,Punta Arenas,Magallanes,3.8954953504629977,0.9826127965436151,0.9738444494988698,2.67903,3843.4917572537856,0.13507632516144288,0.8559066967644846,10.699999999999989,0.07393848376724015,12.14546067293544,3.0091793489515077
2.61,45.0,334.7,17.7,-8.159999999999997,-25.299999999999955,-53.16,3.930569797066486,2870.3,Punta Arenas,Magallanes,3.8907749926581063,0.9040825496607787,0.8949292232754716,2.14803,3081.6883720353444,0.1255401599048269,0.8465011286681716,25.30000000000001,0.07393848376724015,10.258787170343528,2.335765272748981
5.57,61.1,331.2,12.3,7.940000000000005,-28.80000000000001,-53.16,3.930569797066486,6489.9,Punta Arenas,Magallanes,3.8928884757325872,0.8763066800438635,0.8679057622882701,4.88489,7008.14640003712,0.13300828804013673,1.1493604213694508,28.80000000000001,0.07393848376724015,21.89327376966033,4.834235095945664
8.19,62.2,1.5,19.4,9.040000000000006,1.5,-53.16,3.930569797066486,9014.2,Punta Arenas,Magallanes,3.8817477495946213,0.9996573249755573,0.9872404694316158,6.60114,9470.378151225725,0.1256432557802421,1.1700526711813395,1.5,0.07393848376724015,32.19136663797452,8.085499444644933
13.64,48.9,7.7,13.2,-4.259999999999998,7.699999999999989,-53.16,3.930569797066486,16296.7,Punta Arenas,Magallanes,3.919710558519618,0.9909831997148363,0.9882453465492028,11.83952,16985.66179917408,0.13638958073889582,0.9198645598194132,7.7,0.07393848376724015,53.61297203198687,13.479666526931126
12.27,36.1,324.3,11.0,-17.059999999999995,-35.69999999999999,-53.16,3.930569797066486,13743.9,Punta Arenas,Magallanes,3.7576171035714996,0.8120835268918064,0.7763502768618311,10.9203,15666.895494540378,0.12786783668821383,0.6790820165538,35.69999999999999,0.07393848376724015,48.22809141000578,9.525817897094667
4.57,47.8,19.0,12.4,-5.359999999999999,19.0,-53.16,3.930569797066486,5438.4,Punta Arenas,Magallanes,3.913383073974309,0.9455185755993168,0.9413842218602068,4.00332,5743.394968197155,0.1358472467851683,0.8991723100075245,19.0,0.07393848376724015,17.962703972593843,4.302125893901145
6.84,57.5,19.1,10.7,4.340000000000003,19.09999999999999,-53.16,3.930569797066486,8303.5,Punta Arenas,Magallanes,3.9192990669959475,0.9449489121575309,0.9422393141426768,6.1081199999999995,8763.063075933076,0.13858013565115224,1.081640331075997,19.1,0.07393848376724015,26.885097411934762,6.444916908735909
12.14,52.6,24.4,14.7,-0.5599999999999952,24.40000000000001,-53.16,3.930569797066486,14012.0,Punta Arenas,Magallanes,3.930382058780331,0.910683660806177,0.9106401632476713,10.35542,14856.485897097455,0.1317581037063784,0.9894657637321295,24.4,0.07393848376724015,47.71711733638714,11.05517158182673
8.85,54.6,7.5,12.5,1.4400000000000048,7.5,-53.16,3.930569797066486,10691.7,Punta Arenas,Magallanes,3.9293284810018347,0.9914448613738104,0.9911317524615714,7.7437499999999995,11109.632701102264,0.1379111523875861,1.0270880361173815,7.5,0.07393848376724015,34.7855427040384,8.771516009284905
4.27,49.0,15.9,18.9,-4.159999999999997,15.900000000000006,-53.16,3.930569797066486,4733.6,Punta Arenas,Magallanes,3.9202141767243095,0.9617413095492113,0.9592074713569696,3.46297,4968.177530903775,0.1265492498369211,0.9217456734386757,15.9,0.07393848376724015,16.783533033473894,4.09581590269426
7.15,61.3,54.6,15.2,8.14,54.599999999999994,-53.16,3.930569797066486,7381.3,Punta Arenas,Magallanes,3.8909694983501124,0.579281172342679,0.5734449428263727,6.0632,8698.618239654334,0.11784813360155826,1.153122648607976,54.6,0.07393848376724015,28.103574049025376,4.100131341208565
10.14,55.9,352.5,12.3,2.740000000000002,-7.5,-53.16,3.930569797066486,12256.8,Punta Arenas,Magallanes,3.9260761536295066,0.9914448613738104,0.9903113871132173,8.89278,12758.097755184272,0.1379860041609251,1.0515425131677953,7.5,0.07393848376724015,39.85597774225417,10.041757465328024
14.65,57.9,333.9,14.5,4.740000000000002,-26.100000000000023,-53.16,3.930569797066486,16827.0,Punta Arenas,Magallanes,3.9171270128321884,0.8980275757606154,0.8949562676397397,12.52575,17970.167141996022,0.13111879938286036,1.0891647855530475,26.100000000000023,0.07393848376724015,57.58284752702402,13.111109320922187
10.6,54.4,321.6,12.0,1.240000000000002,-38.39999999999998,-53.16,3.930569797066486,12198.4,Punta Arenas,Magallanes,3.9296493333555733,0.7836934573258401,0.7835099314186074,9.328,13382.489599468205,0.1313690014646334,1.0233258088788564,38.39999999999998,0.07393848376724015,41.66403984890475,8.305205273037238
2.21,57.4,43.9,11.8,4.240000000000002,43.900000000000006,-53.16,3.930569797066486,2496.1,Punta Arenas,Magallanes,3.919812237419622,0.7205511116803304,0.7185790384281774,1.94922,2796.4640198408465,0.12893344903820328,1.0797592174567345,43.9,0.07393848376724015,8.686559251516934,1.588059674926272
11.17,56.8,44.2,13.0,3.640000000000001,44.19999999999999,-53.16,3.930569797066486,12426.7,Punta Arenas,Magallanes,3.9226404588105894,0.7169106076504829,0.7154643474386572,9.7179,13941.862744283027,0.12699848338054887,1.0684725357411589,44.2,0.07393848376724015,43.90446463323265,7.9917367608898005
5.26,45.7,336.9,11.1,-7.459999999999994,-23.100000000000023,-53.16,3.930569797066486,6289.1,Punta Arenas,Magallanes,3.8973004489818495,0.9198214973217375,0.9120358929055615,4.67614,6708.661547561885,0.13648931367953193,0.8596689240030099,23.100000000000023,0.07393848376724015,20.674797132569715,4.797308796683254
13.21,56.1,341.8,11.9,2.940000000000005,-18.200000000000045,-53.16,3.930569797066486,15880.7,Punta Arenas,Magallanes,3.9253963546464994,0.9499720515246523,0.9487216919170383,11.638010000000001,16696.563870444574,0.13723431467098055,1.0553047404063207,18.19999999999999,0.07393848376724015,51.92282701924828,12.532613550224076
6.99,59.5,351.9,19.4,6.340000000000003,-8.100000000000023,-53.16,3.930569797066486,7731.7,Punta Arenas,Magallanes,3.906530841902037,0.9900236577165575,0.9839687762239673,5.633940000000001,8082.776956906937,0.1262681194922949,1.1192626034612492,8.100000000000023,0.07393848376724015,27.474682881494736,6.877941745805532
4.59,62.4,30.6,16.7,9.240000000000002,30.59999999999999,-53.16,3.930569797066486,5044.4,Punta Arenas,Magallanes,3.8795683207533096,0.8607420270039438,0.8495733882649089,3.82347,5485.371731226276,0.12545637230031534,1.1738148984198646,30.6,0.07393848376724015,18.04131536853517,3.8995418521359317
8.08,56.5,327.8,19.2,3.3400000000000034,-32.19999999999999,-53.16,3.930569797066486,8668.0,Punta Arenas,Magallanes,3.9238932763990046,0.8461931661275641,0.8447558106157631,6.52864,9366.365447970853,0.12246258872462588,1.062829194883371,32.19999999999999,0.07393848376724015,31.759003960297207,6.825626949775366
5.32,45.4,310.8,12.6,-7.759999999999998,-49.19999999999999,-53.16,3.930569797066486,5797.3,Punta Arenas,Magallanes,3.894575000288254,0.6534206039901056,0.6474368044227027,4.64968,6670.7004975187965,0.12439703711333126,0.854025583145222,49.19999999999999,0.07393848376724015,20.910631320393705,3.4443637995287784
5.07,46.7,54.2,18.6,-6.459999999999994,54.19999999999999,-53.16,3.930569797066486,5049.1,Punta Arenas,Magallanes,3.9056132113012083,0.5849576749872156,0.5812435706362965,4.12698,5920.8047735005675,0.11368467032323723,0.878480060195636,54.2,0.07393848376724015,19.927988871127084,2.9469049031260233
9.45,49.7,7.8,13.6,-3.4599999999999937,7.800000000000011,-53.16,3.930569797066486,11251.2,Punta Arenas,Magallanes,3.9234050565682383,0.9907478404714436,0.9889418806379673,8.1648,11713.695441867281,0.1359136044067551,0.934913468773514,7.8,0.07393848376724015,37.14388458227829,9.34550077202879
11.98,54.7,11.4,11.4,1.5400000000000065,11.400000000000006,-53.16,3.930569797066486,14598.2,Punta Arenas,Magallanes,3.929150100447514,0.9802711746217219,0.9799171069561827,10.61428,15227.861460746504,0.13910360494278898,1.0289691497366442,11.4,0.07393848376724015,47.0882261688565,11.73940694133507
12.85,52.2,354.9,18.0,-0.9599999999999936,-5.100000000000023,-53.16,3.930569797066486,14560.8,Punta Arenas,Magallanes,3.9300180849039963,0.9960410654107695,0.9959012566811201,10.537,15116.99109236669,0.12935344597835935,0.9819413092550792,5.100000000000023,0.07393848376724015,50.50782189230434,12.797331148352393
7.17,44.2,11.6,10.6,-8.959999999999994,11.599999999999994,-53.16,3.930569797066486,8715.8,Punta Arenas,Magallanes,3.882606279194931,0.9795752495993441,0.9676217982127903,6.40998,9196.128932547084,0.13876629538347884,0.8314522197140708,11.6,0.07393848376724015,28.182185444966702,6.937848293185706
2.87,44.1,322.1,14.0,-9.059999999999995,-37.89999999999998,-53.16,3.930569797066486,3187.1,Punta Arenas,Magallanes,3.881531934681047,0.789084084834691,0.7792394570172323,2.4682,3541.0228161886175,0.126768014255485,0.8295711060948082,37.89999999999998,0.07393848376724015,11.280735317580815,2.2364172416394568
8.29,36.4,339.0,18.2,-16.759999999999998,-21.0,-53.16,3.930569797066486,8835.5,Punta Arenas,Magallanes,3.763603305360454,0.9335804264972017,0.89392290695538,6.781219999999999,9728.731359531064,0.12166691453090317,0.6847253574115877,21.0,0.07393848376724015,32.58442361768117,7.4106208986601
7.64,28.2,2.6,16.2,-24.959999999999997,2.5999999999999943,-53.16,3.930569797066486,8031.9,Punta Arenas,Magallanes,3.5634648342796527,0.9989705697907147,0.905669325242949,6.40232,9185.139452451467,0.1200109373879366,0.5304740406320542,2.6,0.07393848376724015,30.029553249587952,6.91931364485613
4.56,52.1,303.2,15.2,-1.0599999999999952,-56.80000000000001,-53.16,3.930569797066486,4708.6,Punta Arenas,Magallanes,3.929897161859164,0.5475632234925502,0.5474695194441879,3.8668799999999997,5547.650233961364,0.11787531042217417,0.9800601956358165,56.80000000000001,0.07393848376724015,17.923398274623175,2.4964610086654964
13.65,70.0,352.4,13.5,16.840000000000003,-7.600000000000023,-53.16,3.930569797066486,15597.3,Punta Arenas,Magallanes,3.762017066975941,0.9912155402515417,0.9487097220003906,11.80725,16939.36538629084,0.13044056400220783,1.3167795334838226,7.600000000000023,0.07393848376724015,53.65227772995753,12.949887705305333
14.66,67.5,350.9,10.8,14.340000000000003,-9.100000000000025,-53.16,3.930569797066486,17487.9,Punta Arenas,Magallanes,3.808105259658564,0.9874138067509114,0.9566490114878443,13.07672,18760.62064699377,0.13617569007082922,1.2697516930022574,9.100000000000023,0.07393848376724015,57.62215322499468,14.024474508411798
2.67,45.3,352.4,19.9,-7.859999999999999,-7.600000000000023,-53.16,3.930569797066486,2928.1,Punta Arenas,Magallanes,3.8936427865626446,0.9912155402515417,0.9819032449467344,2.13867,3068.259973380646,0.12519025875190257,0.8521444695259593,7.600000000000023,0.07393848376724015,10.494621358167517,2.621681664007781
12.34,54.4,346.2,11.7,1.240000000000002,-13.799999999999956,-53.16,3.930569797066486,14963.5,Punta Arenas,Magallanes,3.9296493333555733,0.9711342799096362,0.9709068589734281,10.89622,15632.34893048,0.13842480554753817,1.0233258088788564,13.800000000000011,0.07393848376724015,48.50323129580043,11.980990639732102
10.39,41.4,335.1,12.6,-11.759999999999998,-24.899999999999977,-53.16,3.930569797066486,12026.3,Punta Arenas,Magallanes,3.8480668044311876,0.9070440142914651,0.8880050836797174,9.080860000000001,13027.928227297049,0.1321333298174834,0.7787810383747179,24.899999999999977,0.07393848376724015,40.83862019152079,9.226372819432264
5.4,42.7,314.4,12.4,-10.459999999999994,-45.60000000000002,-53.16,3.930569797066486,5935.8,Punta Arenas,Magallanes,3.8652511650047643,0.6996633405133651,0.6880362597933698,4.7304,6786.506089335807,0.12548198883815323,0.8032355154251318,45.60000000000002,0.07393848376724015,21.225076904159025,3.7153958028841974
10.26,43.6,3.6,19.1,-9.559999999999995,3.5999999999999943,-53.16,3.930569797066486,11319.6,Punta Arenas,Magallanes,3.8759829215334256,0.9980267284282716,0.9841663561117588,8.300339999999998,11908.148983924733,0.12594461801383217,0.8201655379984952,3.6,0.07393848376724015,40.32764611790214,10.097546813706646
3.67,51.4,352.5,17.6,-1.759999999999998,-7.5,-53.16,3.930569797066486,4174.4,Punta Arenas,Magallanes,3.9287155336153727,0.9914448613738104,0.9909771429347151,3.0240799999999997,4338.520491848179,0.12984459955457678,0.9668924003009782,7.5,0.07393848376724015,14.425191155234003,3.6368861145704043
2.9,51.7,325.6,14.6,-1.4599999999999935,-34.39999999999998,-53.16,3.930569797066486,3276.5,Punta Arenas,Magallanes,3.929293762427387,0.8251134982782954,0.824845630396703,2.4766,3553.073943186423,0.12897575185010235,0.9725357411587661,34.39999999999998,0.07393848376724015,11.398652411492808,2.3920523281504384
14.92,55.2,1.6,19.6,2.0400000000000063,1.5999999999999943,-53.16,3.930569797066486,16591.8,Punta Arenas,Magallanes,3.9280786767302494,0.9996101150403544,0.9989765811726329,11.99568,17209.697988695192,0.12694645414815087,1.0383747178329572,1.6,0.07393848376724015,58.64410137223197,14.904730591095683
10.27,58.5,352.6,10.5,5.340000000000003,-7.399999999999977,-53.16,3.930569797066486,12638.1,Punta Arenas,Magallanes,3.9135110011299807,0.9916711623830905,0.9873672785014621,9.19165,13186.87398445025,0.1404776513585253,1.1004514672686232,7.399999999999977,0.07393848376724015,40.36695181587281,10.140261950210016
5.29,50.5,348.5,18.9,-2.6599999999999966,-11.5,-53.16,3.930569797066486,5899.6,Punta Arenas,Magallanes,3.9263346790272786,0.9799247046208296,0.9788688534318488,4.29019,6154.955301751984,0.12731007932603086,0.9499623777276148,11.5,0.07393848376724015,20.79271422648171,5.178216234654481
7.85,53.4,306.1,10.6,0.240000000000002,-53.89999999999998,-53.16,3.930569797066486,8655.7,Punta Arenas,Magallanes,3.930535314300045,0.5891963573533423,0.5891911883520454,7.0179,10068.286209274005,0.12587179710903645,1.0045146726862302,53.89999999999998,0.07393848376724015,30.854972906971913,4.625150828563556
14.35,44.4,17.1,13.9,-8.759999999999998,17.099999999999994,-53.16,3.930569797066486,16710.1,Punta Arenas,Magallanes,3.8847194837098895,0.9557930147983301,0.9446436365923366,12.35535,17725.701422897673,0.13293001129619905,0.835214446952596,17.1,0.07393848376724015,56.40367658790407,13.555636185100031
7.7,42.4,329.2,10.5,-10.759999999999998,-30.80000000000001,-53.16,3.930569797066486,9031.8,Punta Arenas,Magallanes,3.8614618435301056,0.8589598969306643,0.8438575164333122,6.891500000000001,9886.945441116546,0.13389966198185374,0.7975921745673439,30.80000000000001,0.07393848376724015,30.265387437411942,6.497702876536504
13.71,41.2,1.6,20.0,-11.959999999999994,1.5999999999999943,-53.16,3.930569797066486,14842.0,Punta Arenas,Magallanes,3.8452470007397066,0.9996101150403544,0.9779110905591123,10.968000000000002,15735.328679992206,0.12358076130145312,0.7750188111361928,1.6,0.07393848376724015,53.88811191778152,13.40716105156543
13.29,58.4,339.8,19.1,5.240000000000002,-20.200000000000045,-53.16,3.930569797066486,14584.1,Punta Arenas,Magallanes,3.9141434838569538,0.9384930227595557,0.9345709501001884,10.751609999999998,15424.883040580868,0.1252710006150125,1.0985703536493605,20.19999999999999,0.07393848376724015,52.237272603013594,12.420447926831503
6.47,50.5,350.3,15.8,-2.6599999999999966,-9.700000000000044,-53.16,3.930569797066486,7503.4,Punta Arenas,Magallanes,3.9263346790272786,0.9857034690888534,0.9846413913854215,5.44774,7815.643641788906,0.1323883325217195,0.9499623777276148,9.699999999999989,0.07393848376724015,25.43078658702016,6.370629802263677
11.05,38.2,28.8,12.2,-14.959999999999994,28.80000000000001,-53.16,3.930569797066486,12563.0,Punta Arenas,Magallanes,3.7973481675352962,0.8763066800438635,0.846605387378449,9.7019,13918.90821666816,0.12978573937478047,0.7185854025583146,28.8,0.07393848376724015,43.43279625758467,9.354989530531862
10.59,52.7,13.3,12.8,-0.4599999999999937,13.300000000000011,-53.16,3.930569797066486,12692.6,Punta Arenas,Magallanes,3.930443121287756,0.9731788727770881,0.9731475088278602,9.23448,13248.320385559302,0.13682029656650327,0.9913468773513922,13.3,0.07393848376724015,41.62473415093409,10.30563211848704
12.03,43.2,28.3,14.5,-9.959999999999994,28.30000000000001,-53.16,3.930569797066486,13589.4,Punta Arenas,Magallanes,3.8713311667797146,0.8804773535091619,0.8672074524227262,10.285649999999999,14756.389810116867,0.12895273232444004,0.8126410835214448,28.3,0.07393848376724015,47.28475465870982,10.432505652645396
6.76,66.4,8.3,13.2,13.240000000000007,8.300000000000011,-53.16,3.930569797066486,7875.9,Punta Arenas,Magallanes,3.8260922907637993,0.9895257890689694,0.963223448135784,5.86768,8418.113912200643,0.132999311015644,1.249059443190369,8.3,0.07393848376724015,26.570651828169442,6.511390509397899
2.68,48.5,9.9,10.2,-4.659999999999997,9.900000000000006,-53.16,3.930569797066486,3305.4,Punta Arenas,Magallanes,3.917576700406126,0.9851093261547739,0.9818528973526944,2.4066400000000003,3452.7052711904125,0.14079431609077897,0.9123401053423628,9.9,0.07393848376724015,10.533927056138182,2.631365764905221
4.22,58.6,315.5,16.6,5.440000000000005,-44.5,-53.16,3.930569797066486,4492.5,Punta Arenas,Magallanes,3.912866597169799,0.7132504491541817,0.7100379848221141,3.5194799999999997,5049.250053123537,0.12152665065247031,1.1023325808878857,44.5,0.07393848376724015,16.58700454362057,2.996360295949321
10.02,61.9,352.1,16.1,8.740000000000002,-7.899999999999977,-53.16,3.930569797066486,11461.2,Punta Arenas,Magallanes,3.884928201206791,0.9905094632383089,0.9790077128686636,8.40678,12060.853978882644,0.13057446750334947,1.1644093303235517,7.899999999999977,0.07393848376724015,39.38430936660619,9.80965728294401
12.08,45.5,354.4,19.0,-7.659999999999997,-5.600000000000023,-53.16,3.930569797066486,13392.5,Punta Arenas,Magallanes,3.8954953504629977,0.9952273999818312,0.9863464865007773,9.7848,14037.841362872696,0.12655829477758626,0.8559066967644846,5.600000000000023,0.07393848376724015,47.48128314856315,11.91506555692939
11.83,53.8,30.6,14.8,0.6400000000000006,30.59999999999999,-53.16,3.930569797066486,13455.9,Punta Arenas,Magallanes,3.930324588473966,0.8607420270039438,0.8606883296135243,10.07916,14460.147284667233,0.1298446021839067,1.0120391271632807,30.6,0.07393848376724015,46.49864069929653,10.181942939327993
9.59,57.6,347.3,13.4,4.440000000000005,-12.700000000000044,-53.16,3.930569797066486,11379.4,Punta Arenas,Magallanes,3.9187739577076117,0.9755345439458564,0.9726069152905895,8.30494,11914.74841061401,0.13545550206884074,1.0835214446952597,12.699999999999989,0.07393848376724015,37.6941643538676,9.327300317636753
3.1,54.1,6.6,15.1,0.9400000000000048,6.599999999999994,-53.16,3.930569797066486,3636.9,Punta Arenas,Magallanes,3.9300408329421104,0.9933727656003964,0.9932390805159778,2.6319,3775.876326848239,0.13392620415377818,1.0176824680210685,6.6,0.07393848376724015,12.184766370906107,3.079041149599531
2.22,56.0,5.6,11.9,2.8400000000000034,5.599999999999994,-53.16,3.930569797066486,2704.0,Punta Arenas,Magallanes,3.9257422333838345,0.9952273999818312,0.994005052103486,1.9558200000000001,2805.93276248198,0.13904315274178286,1.053423626787058,5.6,0.07393848376724015,8.7258649494876,2.206691215669739
12.17,42.5,28.9,16.3,-10.659999999999997,28.90000000000001,-53.16,3.930569797066486,13418.6,Punta Arenas,Magallanes,3.8627367185368127,0.8754645270000178,0.8603559149982015,10.18629,14613.842193628536,0.12586718594642865,0.7994732881866066,28.9,0.07393848376724015,47.83503443029913,10.470531485528113
9.14,57.6,356.7,17.7,4.440000000000005,-3.2999999999999545,-53.16,3.930569797066486,10375.7,Punta Arenas,Magallanes,3.9187739577076117,0.9983418166140284,0.9953457421764711,7.52222,10791.812919694654,0.12958869138614948,1.0835214446952597,3.3000000000000114,0.07393848376724015,35.925407945187686,9.097460083492946
12.18,49.3,20.7,11.5,-3.859999999999999,20.69999999999999,-53.16,3.930569797066486,14628.4,Punta Arenas,Magallanes,3.9216533754703744,0.9354440308298674,0.9333219941305902,10.7793,15464.60871993435,0.13710251853851285,0.9273890142964635,20.7,0.07393848376724015,47.8743401282698,11.367861888510589
4.12,56.0,317.4,13.2,2.8400000000000034,-42.60000000000002,-53.16,3.930569797066486,4601.4,Punta Arenas,Magallanes,3.9257422333838345,0.7360970871197341,0.7351930055875001,3.5761600000000002,5130.566467199209,0.12749368267056788,1.053423626787058,42.60000000000002,0.07393848376724015,16.193947563913923,3.0289951830205006
7.3,60.5,319.6,18.7,7.340000000000003,-40.39999999999998,-53.16,3.930569797066486,7643.6,Punta Arenas,Magallanes,3.8983607155362363,0.761538307536737,0.7552978765808575,5.9349,8514.551621342609,0.1195283667980234,1.1380737396538751,40.39999999999998,0.07393848376724015,28.693159518585347,5.513674499040259
13.95,58.5,302.9,15.1,5.340000000000003,-57.10000000000002,-53.16,3.930569797066486,14341.1,Punta Arenas,Magallanes,3.9135110011299807,0.5431744499506703,0.5408170558378506,11.843549999999999,16991.44347081707,0.1173556897595784,1.1004514672686232,57.10000000000002,0.07393848376724015,54.831448669077474,7.5443979289380145
4.23,55.9,19.6,15.3,2.740000000000002,19.59999999999999,-53.16,3.930569797066486,4879.2,Punta Arenas,Magallanes,3.9260761536295066,0.9420574527872968,0.9409804409267939,3.5828100000000003,5140.1069427391385,0.13167524855079502,1.0515425131677953,19.6,0.07393848376724015,16.626310241591238,3.9803472651203387
2.8,58.3,16.8,17.2,5.140000000000001,16.80000000000001,-53.16,3.930569797066486,3159.7,Punta Arenas,Magallanes,3.9147640434240656,0.9573194975320672,0.9534698887180041,2.3184,3326.1110513944136,0.12882012393998696,1.0966892400300978,16.8,0.07393848376724015,11.00559543178616,2.6697156884104114
10.5,58.7,22.4,15.8,5.540000000000006,22.40000000000001,-53.16,3.930569797066486,11942.6,Punta Arenas,Magallanes,3.912210273939375,0.924546033612313,0.9202275186990675,8.841,12683.811165190653,0.12983909545553382,1.1042136945071483,22.4,0.07393848376724015,41.2709828691981,9.662388946340208
9.73,65.1,343.1,10.7,11.939999999999998,-16.899999999999977,-53.16,3.930569797066486,11633.5,Punta Arenas,Magallanes,3.8455310900706996,0.9568135840576075,0.9361127202579138,8.68889,12465.585340472051,0.13648767874154688,1.2246049661399547,16.899999999999977,0.07393848376724015,38.24444412545691,9.108376768109501
14.38,52.9,345.9,18.0,-0.259999999999998,-14.100000000000025,-53.16,3.930569797066486,16181.8,Punta Arenas,Magallanes,3.9305293277189217,0.9698720152847466,0.9698620294328968,11.7916,16916.91298896755,0.12845879297095789,0.9951091045899173,14.100000000000023,0.07393848376724015,56.52159368181607,13.946615983245056
13.78,54.5,357.0,19.2,1.3400000000000034,-3.0,-53.16,3.930569797066486,15397.1,Punta Arenas,Magallanes,3.9294948921401605,0.9986295347545738,0.9983564364858997,11.13424,15973.826221910685,0.12755151069314938,1.0252069224981188,3.0,0.07393848376724015,54.16325180357617,13.757351694775696
11.74,60.6,36.1,10.5,7.440000000000005,36.099999999999994,-53.16,3.930569797066486,13705.7,Punta Arenas,Magallanes,3.8974783473859502,0.8079898838980306,0.8011874206507557,10.5073,15074.381750481592,0.13326896299580718,1.1399548532731378,36.1,0.07393848376724015,46.14488941756055,9.405940318439871
2.25,49.2,42.3,11.2,-3.9599999999999937,42.30000000000001,-53.16,3.930569797066486,2570.7,Punta Arenas,Magallanes,3.9211855866792296,0.7396310949786096,0.7378652304443081,1.998,2866.4466359066764,0.13042617960426178,0.925507900677201,42.3,0.07393848376724015,8.843782043399592,1.6601967684996932
8.25,42.5,19.8,17.0,-10.659999999999997,19.80000000000001,-53.16,3.930569797066486,9164.3,Punta Arenas,Magallanes,3.8627367185368127,0.9408807689542255,0.9246432150160753,6.847499999999999,9823.820490175656,0.1268064203680642,0.7994732881866066,19.8,0.07393848376724015,32.42720082579851,7.628306523882621
13.65,57.1,8.3,16.0,3.940000000000005,8.300000000000011,-53.16,3.930569797066486,15778.4,Punta Arenas,Magallanes,3.9212801000524875,0.9895257890689694,0.9871870964003265,11.466,16449.78835200498,0.13195510729757304,1.0741158765989467,8.3,0.07393848376724015,53.65227772995753,13.475103865864458
7.64,51.5,33.4,13.8,-1.6599999999999966,33.400000000000006,-53.16,3.930569797066486,8720.1,Punta Arenas,Magallanes,3.9289202449208585,0.8348478632634064,0.834497500553871,6.58568,9448.198338917857,0.13029387506275553,0.9687735139202408,33.4,0.07393848376724015,30.029553249587952,6.375560904231574
14.51,43.5,353.6,15.4,-9.659999999999997,-6.399999999999977,-53.16,3.930569797066486,16718.7,Punta Arenas,Magallanes,3.8748376844528343,0.9937679191605964,0.9796771413746814,12.275459999999999,17611.086597200683,0.13153186748864742,0.8182844243792325,6.399999999999977,0.07393848376724015,57.03256775543471,14.215115321346627
10.48,57.2,350.2,17.0,4.040000000000006,-9.799999999999956,-53.16,3.930569797066486,11961.5,Punta Arenas,Magallanes,3.920802755456537,0.9854078984834902,0.9829592662382509,8.6984,12479.22893782314,0.13029275157725959,1.0759969902182094,9.800000000000011,0.07393848376724015,41.19237147325678,10.30141311017687
3.42,64.6,356.8,15.0,11.439999999999998,-3.2000000000000455,-53.16,3.930569797066486,3942.4,Punta Arenas,Magallanes,3.8524809503006985,0.9984407641819809,0.9786046864974904,2.907,4170.55073602638,0.13159229885978263,1.2151993980436417,3.1999999999999886,0.07393848376724015,13.442548705967381,3.346828027821417
8.62,40.1,335.5,11.4,-13.059999999999995,-24.5,-53.16,3.930569797066486,10062.5,Punta Arenas,Magallanes,3.8289015308154215,0.9099612708765432,0.8864241784085047,7.637319999999999,10956.94205272411,0.13325837756518238,0.7543265613243041,24.5,0.07393848376724015,33.88151165071311,7.64097641788131
11.04,61.3,355.6,10.9,8.14,-4.399999999999977,-53.16,3.930569797066486,13468.0,Punta Arenas,Magallanes,3.8909694983501124,0.9970527522269202,0.9870074944493745,9.83664,14112.214032344866,0.13926113427304612,1.153122648607976,4.399999999999977,0.07393848376724015,43.393490559614,10.896562738721094
2.85,32.9,332.1,14.4,-20.26,-27.899999999999977,-53.16,3.930569797066486,3072.8,Punta Arenas,Magallanes,3.687389031588883,0.8837656300886936,0.8290878572659943,2.4396,3499.9915980770406,0.123079387967636,0.6188863807373965,27.899999999999977,0.07393848376724015,11.202123921639485,2.362900393208084
6.48,50.0,25.6,19.2,-3.1599999999999966,25.59999999999999,-53.16,3.930569797066486,7051.8,Punta Arenas,Magallanes,3.92459333277973,0.9018325264051138,0.9004612824977501,5.2358400000000005,7511.639616689496,0.12422839506172839,0.9405568096313018,25.6,0.07393848376724015,25.47009228499083,5.834989110585421
11.32,67.9,13.6,15.6,14.740000000000007,13.599999999999994,-53.16,3.930569797066486,12702.4,Punta Arenas,Magallanes,3.801216162438162,0.9719610005785463,0.9399741145459789,9.55408,13706.837074666297,0.12809590654597675,1.277276147479308,13.6,0.07393848376724015,44.49405010279262,10.64050697666048
4.04,50.5,35.7,13.6,-2.6599999999999966,35.69999999999999,-53.16,3.930569797066486,4595.5,Punta Arenas,Magallanes,3.9263346790272786,0.8120835268918064,0.8112085215435616,3.49056,5007.759744459663,0.12985159817351596,0.9499623777276148,35.7,0.07393848376724015,15.879501980148603,3.277282427035989
6.53,53.9,319.3,19.1,0.740000000000002,-40.69999999999999,-53.16,3.930569797066486,6852.1,Punta Arenas,Magallanes,3.930241975399298,0.7581343361976524,0.7580711054512527,5.28277,7578.968115499856,0.11978609438698805,1.0139202407825434,40.69999999999999,0.07393848376724015,25.666620774844155,4.95020431859668
10.97,59.3,47.5,13.9,6.140000000000001,47.5,-53.16,3.930569797066486,11894.1,Punta Arenas,Magallanes,3.908022144381904,0.6755902076156602,0.6717146948669002,9.445170000000001,13550.588474507838,0.12377155629924701,1.1155003762227238,47.5,0.07393848376724015,43.11835067381935,7.368710202689895
12.08,39.4,320.7,15.1,-13.759999999999998,-39.30000000000001,-53.16,3.930569797066486,12986.5,Punta Arenas,Magallanes,3.8177646882657634,0.7738402097265061,0.7516314375739999,10.25592,14713.737428492492,0.12272161994617314,0.7411587659894658,39.30000000000001,0.07393848376724015,47.48128314856315,9.079707765893918
8.74,53.7,330.0,11.2,0.5400000000000063,-30.0,-53.16,3.930569797066486,10379.1,Punta Arenas,Magallanes,3.9303952290983237,0.8660254037844387,0.8659869410925337,7.76112,11134.552710144155,0.13556393216513588,1.0101580135440182,30.0,0.07393848376724015,34.35318002636109,7.568725865148745
14.44,53.7,344.5,17.4,0.5400000000000063,-15.5,-53.16,3.930569797066486,16357.3,Punta Arenas,Magallanes,3.9303952290983237,0.963630453208623,0.9635876555942919,11.92744,17111.79692841778,0.12931244387103302,1.0101580135440182,15.5,0.07393848376724015,56.757427869640054,13.914205746781574
14.03,68.1,32.7,17.0,14.939999999999998,32.69999999999999,-53.16,3.930569797066486,14941.5,Punta Arenas,Magallanes,3.797702117772353,0.8415107819453063,0.813064630249562,11.644899999999998,16706.448663898722,0.12157168103574534,1.2810383747178329,32.7,0.07393848376724015,55.145894252842794,11.407296762401355
8.15,43.3,5.6,17.9,-9.86,5.599999999999994,-53.16,3.930569797066486,9111.1,Punta Arenas,Magallanes,3.8725118035334605,0.9952273999818312,0.980527010741788,6.6911499999999995,9599.511715639117,0.127617166708687,0.8145221971407073,5.6,0.07393848376724015,32.03414384609186,7.991295137545573
4.08,50.1,353.9,13.3,-3.059999999999995,-6.100000000000023,-53.16,3.930569797066486,4888.1,Punta Arenas,Magallanes,3.924965516438744,0.9943379441332045,0.9929201983188716,3.53736,5074.901737733154,0.13676526546691736,0.9424379232505644,6.100000000000023,0.07393848376724015,16.036724772031263,4.051114409140996
12.05,45.7,340.2,14.4,-7.459999999999994,-19.799999999999955,-53.16,3.930569797066486,13946.8,Punta Arenas,Magallanes,3.8973004489818495,0.9408807689542258,0.9329169134766203,10.3148,14798.210090115206,0.13212451922166013,0.8596689240030099,19.80000000000001,0.07393848376724015,47.36336605465116,11.241648807393275
5.16,44.9,325.6,11.7,-8.259999999999998,-34.39999999999998,-53.16,3.930569797066486,5962.3,Punta Arenas,Magallanes,3.8897953534871332,0.8251134982782954,0.8165540411209081,4.55628,6536.703442567003,0.13190462284520904,0.8446200150489089,34.39999999999998,0.07393848376724015,20.28174015286307,4.213418852183886
12.96,62.2,28.3,19.6,9.040000000000006,28.30000000000001,-53.16,3.930569797066486,13796.7,Punta Arenas,Magallanes,3.8817477495946213,0.8804773535091619,0.8695408457328572,10.41984,14948.90656390682,0.12152513529511247,1.1700526711813395,28.3,0.07393848376724015,50.94018456998166,11.26924936069783
9.63,53.4,20.0,10.9,0.240000000000002,20.0,-53.16,3.930569797066486,11702.1,Punta Arenas,Magallanes,3.930535314300045,0.9396926207859084,0.9396843768918061,8.58033,12309.838870605172,0.13871818944792955,1.0045146726862302,20.0,0.07393848376724015,37.85138714575026,9.049160549468093
7.12,48.7,33.8,16.5,-4.459999999999994,33.80000000000001,-53.16,3.930569797066486,7852.1,Punta Arenas,Magallanes,3.9186675033263074,0.8309844692743282,0.8284681365903975,5.9452,8529.32859849468,0.12589304037761018,0.916102332580888,33.8,0.07393848376724015,27.98565695511338,5.898693132523631
9.23,49.0,9.9,17.1,-4.159999999999997,9.900000000000006,-53.16,3.930569797066486,10530.4,Punta Arenas,Magallanes,3.9202141767243095,0.9851093261547739,0.9825139217467896,7.65167,10977.529394678697,0.13023840266749778,0.9217456734386757,9.9,0.07393848376724015,36.27915922692367,9.068603497722869
8.93,48.7,293.9,11.6,-4.459999999999994,-66.10000000000002,-53.16,3.930569797066486,9129.2,Punta Arenas,Magallanes,3.9186675033263074,0.40514158677986223,0.40391476359106787,7.89412,11325.362220942749,0.11670169302591951,0.916102332580888,66.10000000000002,0.07393848376724015,35.09998828780372,3.606958838868236
14.02,49.4,328.9,13.7,-3.759999999999998,-31.100000000000023,-53.16,3.930569797066486,16104.5,Punta Arenas,Magallanes,3.922109218225226,0.856267084600328,0.8544239637419111,12.09926,17358.299861841948,0.13112790599209218,0.9292701279157262,31.100000000000023,0.07393848376724015,55.10658855487213,11.979023971661594
4.79,43.0,11.6,10.4,-10.159999999999997,11.599999999999994,-53.16,3.930569797066486,5810.6,Punta Arenas,Magallanes,3.8689345186662165,0.9795752495993441,0.9642145267677257,4.2918400000000005,6157.322487412267,0.13847818419271504,0.8088788562829196,11.6,0.07393848376724015,18.82742932794847,4.618587583217406
14.07,51.1,350.8,15.6,-2.059999999999995,-9.200000000000044,-53.16,3.930569797066486,16370.4,Punta Arenas,Magallanes,3.928029597082428,0.9871362650729878,0.9864983108693319,11.87508,17036.678236798125,0.13281926960111382,0.9612490594431905,9.199999999999989,0.07393848376724015,55.30311704472546,13.8800312339315
2.41,50.3,346.0,19.9,-2.859999999999999,-14.0,-53.16,3.930569797066486,2643.7,Punta Arenas,Magallanes,3.9256740142825097,0.9702957262759965,0.9690871592342376,1.9304100000000002,2769.4781033136173,0.1252249947895943,0.9462001504890896,14.0,0.07393848376724015,9.472673210930232,2.335500053754513
12.0,47.1,332.4,14.3,-6.059999999999995,-27.600000000000023,-53.16,3.930569797066486,13743.1,Punta Arenas,Magallanes,3.908605333327308,0.8862035792312145,0.8812513744908023,10.283999999999999,14754.022624456584,0.13073725266362252,0.8860045146726863,27.600000000000023,0.07393848376724015,47.16683756479783,10.575016493889628
13.96,54.4,23.7,19.9,1.240000000000002,23.69999999999999,-53.16,3.930569797066486,15135.7,Punta Arenas,Magallanes,3.9296493333555733,0.9156625933395611,0.9154481628035004,11.181960000000002,16042.288100522032,0.12376931480681923,1.0233258088788564,23.7,0.07393848376724015,54.87075436704815,12.779656352736867
7.12,55.1,11.4,11.3,1.9400000000000048,11.400000000000006,-53.16,3.930569797066486,8698.0,Punta Arenas,Magallanes,3.928316895484717,0.9802711746217219,0.9797093083799582,6.315440000000001,9060.496367502732,0.1394553896670258,1.0364936042136945,11.4,0.07393848376724015,27.98565695511338,6.975530275665302
2.95,48.7,12.5,13.9,-4.459999999999994,12.5,-53.16,3.930569797066486,3482.1,Punta Arenas,Magallanes,3.9186675033263074,0.9762960071199334,0.9733396515648743,2.53995,3643.9595259615426,0.1347457627118644,0.916102332580888,12.5,0.07393848376724015,11.595180901346135,2.8713519721163796
12.46,52.0,344.2,19.0,-1.1599999999999966,-15.799999999999956,-53.16,3.930569797066486,13827.3,Punta Arenas,Magallanes,3.929764267666036,0.9622179935292856,0.9620207969589541,10.092600000000001,14479.429087863724,0.1266820950328723,0.9781790820165539,15.800000000000011,0.07393848376724015,48.97489967144842,11.98677913010857
12.96,70.0,4.4,18.8,16.840000000000003,4.400000000000006,-53.16,3.930569797066486,13930.2,Punta Arenas,Magallanes,3.762017066975941,0.9970527522269202,0.954296619628139,10.523520000000001,15097.651902851165,0.12270104008117706,1.3167795334838226,4.4,0.07393848376724015,50.94018456998166,12.367684190380682
6.37,70.0,326.6,13.2,16.840000000000003,-33.39999999999998,-53.16,3.930569797066486,7012.0,Punta Arenas,Magallanes,3.762017066975941,0.8348478632634068,0.7990474847360172,5.52916,7932.453494189068,0.12566038006351116,1.3167795334838226,33.39999999999998,0.07393848376724015,25.037729607313516,5.089932477768429
8.74,44.7,356.8,16.8,-8.459999999999994,-3.2000000000000455,-53.16,3.930569797066486,9953.2,Punta Arenas,Magallanes,3.887800531191733,0.9984407641819809,0.9875765432908112,7.27168,10432.373710405334,0.13000114938925633,0.8408577878103839,3.1999999999999886,0.07393848376724015,34.35318002636109,8.631418988361691
12.52,45.8,296.8,18.9,-7.359999999999999,-63.19999999999999,-53.16,3.930569797066486,11878.5,Punta Arenas,Magallanes,3.898185191827314,0.450877540689431,0.4471626871388507,10.15372,14567.115383352522,0.10830616219528207,0.8615500376222723,63.19999999999999,0.07393848376724015,49.2107338592724,5.59847684297841
4.5,44.7,320.8,17.7,-8.459999999999994,-39.19999999999999,-53.16,3.930569797066486,4773.3,Punta Arenas,Magallanes,3.887800531191733,0.7749444887041796,0.7665121726312532,3.7035,5313.255813854042,0.1210882800608828,0.8408577878103839,39.19999999999999,0.07393848376724015,17.687564086799185,3.449304776840639
10.18,61.6,351.9,16.3,8.440000000000005,-8.100000000000023,-53.16,3.930569797066486,11632.1,Punta Arenas,Magallanes,3.888002145549867,0.9900236577165575,0.9793018071374533,8.52066,12224.23282918147,0.13043863426362012,1.1587659894657638,8.100000000000023,0.07393848376724015,40.01320053413683,9.969292396659274
7.6,50.0,59.4,11.5,-3.1599999999999966,59.400000000000006,-53.16,3.930569797066486,8068.7,Punta Arenas,Magallanes,3.92459333277973,0.5090414157503712,0.5082674140155636,6.726,9649.509546100251,0.1211953256428743,0.9405568096313018,59.4,0.07393848376724015,29.872330457705292,3.8628323465182834
4.27,55.1,315.0,10.7,1.9400000000000048,-45.0,-53.16,3.930569797066486,4867.2,Punta Arenas,Magallanes,3.928316895484717,0.7071067811865476,0.7067014857540626,3.8131099999999996,5470.508674595648,0.13012094575085817,1.0364936042136945,45.0,0.07393848376724015,16.783533033473894,3.017615344169847
12.81,69.1,328.9,16.1,15.939999999999998,-31.100000000000023,-53.16,3.930569797066486,13766.0,Punta Arenas,Magallanes,3.7794386634894206,0.856267084600328,0.8233434572837596,10.74759,15419.115715517637,0.12267456574665198,1.2998495109104589,31.100000000000023,0.07393848376724015,50.35059910042169,10.54702968780496
6.22,53.1,5.4,15.0,-0.0599999999999951,5.400000000000006,-53.16,3.930569797066486,7308.6,Punta Arenas,Magallanes,3.930567641890629,0.99556196460308,0.9955614187251995,5.287,7585.036718738036,0.13413425538475093,0.9988713318284426,5.4,0.07393848376724015,24.44814413775354,6.192392024470741
14.15,58.8,44.2,12.4,5.640000000000001,44.19999999999999,-53.16,3.930569797066486,15813.9,Punta Arenas,Magallanes,3.9115420334379833,0.7169106076504829,0.7134400661541023,12.3954,17783.15947483364,0.12757877922455105,1.1060948081264108,44.2,0.07393848376724015,55.617562628490774,10.095176936080547
9.4,57.3,5.1,12.9,4.140000000000001,5.099999999999994,-53.16,3.930569797066486,11280.5,Punta Arenas,Magallanes,3.92031346741543,0.9960410654107696,0.9934420209871173,8.1874,11746.118712123285,0.1369923734576897,1.0778781038374718,5.1,0.07393848376724015,36.94735609242497,9.338354997278904
8.69,48.5,17.6,13.9,-4.659999999999997,17.599999999999994,-53.16,3.930569797066486,10193.8,Punta Arenas,Magallanes,3.917576700406126,0.953190667792947,0.9500397509738054,7.4820899999999995,10734.240095120611,0.13390975823783177,0.9123401053423628,17.6,0.07393848376724015,34.15665153650776,8.25584543596237
7.5,61.6,351.6,15.0,8.440000000000005,-8.399999999999977,-53.16,3.930569797066486,8709.7,Punta Arenas,Magallanes,3.888002145549867,0.9892723329629883,0.9785586191508001,6.375,9145.94459654908,0.13256773211567732,1.1587659894657638,8.399999999999977,0.07393848376724015,29.479273477998646,7.339189643631001
7.21,46.4,347.2,13.9,-6.759999999999998,-12.799999999999956,-53.16,3.930569797066486,8475.2,Punta Arenas,Magallanes,3.9032441915939358,0.9751493543055634,0.9683700454754662,6.20781,8906.084129553466,0.13418704361648903,0.872836719337848,12.800000000000011,0.07393848376724015,28.339408236849362,6.981948027878111
12.63,63.9,2.1,13.9,10.740000000000002,2.0999999999999943,-53.16,3.930569797066486,14791.7,Punta Arenas,Magallanes,3.861717759670831,0.9993283937786562,0.9818230956943073,10.87443,15601.087733184502,0.13369360477517833,1.2020316027088036,2.1,0.07393848376724015,49.64309653694972,12.4004256986191
10.81,48.5,343.5,11.2,-4.659999999999997,-16.5,-53.16,3.930569797066486,13105.6,Punta Arenas,Magallanes,3.917576700406126,0.958819734868193,0.9556502103111426,9.59928,13771.683615178299,0.1383971377762008,0.9123401053423628,16.5,0.07393848376724015,42.48945950628872,10.330578773463452
12.06,49.3,18.1,18.7,-3.859999999999999,18.09999999999999,-53.16,3.930569797066486,13373.8,Punta Arenas,Magallanes,3.9216533754703744,0.9505157316277838,0.9483595050666234,9.80478,14066.50582923176,0.12659116896491665,0.9273890142964635,18.1,0.07393848376724015,47.40267175262182,11.437215631103479
7.47,44.5,319.8,16.1,-8.659999999999997,-40.19999999999999,-53.16,3.930569797066486,8056.9,Punta Arenas,Magallanes,3.885758337273776,0.7637960286346424,0.755088177917289,6.267329999999999,8991.474972280774,0.12312415567903272,0.8370955605718586,40.19999999999999,0.07393848376724015,29.361356384086648,5.640508689042148
5.4,45.8,22.2,11.5,-7.359999999999999,22.19999999999999,-53.16,3.930569797066486,6436.1,Punta Arenas,Magallanes,3.898185191827314,0.9258705848099948,0.9182421861452489,4.779000000000001,6856.230466965971,0.13605826145780484,0.8615500376222723,22.2,0.07393848376724015,21.225076904159025,4.958507805184344
3.13,49.7,1.0,14.2,-3.4599999999999937,1.0,-53.16,3.930569797066486,3706.9,Punta Arenas,Magallanes,3.9234050565682383,0.9998476951563913,0.9980251478812067,2.68554,3852.831380677085,0.13519555925131663,0.934913468773514,1.0,0.07393848376724015,12.3026834648181,3.123818712868177
12.1,33.7,354.6,14.2,-19.459999999999994,-5.399999999999977,-53.16,3.930569797066486,13532.7,Punta Arenas,Magallanes,3.70603325586657,0.99556196460308,0.9386897929782422,10.3818,14894.33217450247,0.1276717989358089,0.6339352896914975,5.399999999999977,0.07393848376724015,47.55989454450448,11.35814649503673
7.4,51.3,318.9,16.0,-1.8599999999999992,-41.10000000000002,-53.16,3.930569797066486,8048.5,Punta Arenas,Magallanes,3.9284988547610364,0.7535633923016376,0.7531663541139122,6.216,8917.833978376326,0.12415926200172775,0.9650112866817155,41.10000000000002,0.07393848376724015,29.086216498291996,5.573431020442951
8.62,49.1,335.5,16.1,-4.059999999999995,-24.5,-53.16,3.930569797066486,9756.6,Punta Arenas,Magallanes,3.9207058532767576,0.9099612708765432,0.9076776816540709,7.232179999999999,10375.704720356127,0.12920732288720085,0.9236267870579384,24.5,0.07393848376724015,33.88151165071311,7.824181615858091
8.1,59.5,30.0,16.5,6.340000000000003,30.0,-53.16,3.930569797066486,8992.8,Punta Arenas,Magallanes,3.906530841902037,0.8660254037844387,0.8607288826875776,6.7635,9703.309220197598,0.1267376966007103,1.1192626034612492,30.0,0.07393848376724015,31.837615356238533,6.971903949769379
7.6,56.5,354.8,17.0,3.3400000000000034,-5.2000000000000455,-53.16,3.930569797066486,8712.3,Punta Arenas,Magallanes,3.9238932763990046,0.9958843986159703,0.9941927754892816,6.308,9049.822512161818,0.13086247296322998,1.062829194883371,5.199999999999989,0.07393848376724015,29.872330457705292,7.55586509371854
10.89,47.5,7.0,11.0,-5.659999999999997,7.0,-53.16,3.930569797066486,13317.6,Punta Arenas,Magallanes,3.911406955443681,0.992546151641322,0.9877071573760574,9.6921,13904.84856850405,0.13960275230511843,0.8935289691497367,7.0,0.07393848376724015,42.80390509005403,10.756130943825266
9.91,49.5,338.0,13.0,-3.6599999999999966,-22.0,-53.16,3.930569797066486,11685.2,Punta Arenas,Magallanes,3.9225531135552094,0.9271838545667874,0.9252927955339788,8.6217,12369.190671069366,0.13460413124513315,0.9311512415349887,22.0,0.07393848376724015,38.95194668892888,9.16965160374173
14.64,51.3,359.3,10.2,-1.8599999999999992,-0.7000000000000455,-53.16,3.930569797066486,18183.3,Punta Arenas,Magallanes,3.9284988547610364,0.999925369660452,0.999398528042764,13.14672,18861.046705308818,0.14178409686353768,0.9650112866817155,0.6999999999999886,0.07393848376724015,57.54354182905335,14.631194450546065
3.81,65.0,325.7,14.5,11.840000000000003,-34.30000000000001,-53.16,3.930569797066486,4207.9,Punta Arenas,Magallanes,3.846944507540873,0.8260982944957638,0.8085225452735055,3.25755,4673.470089488385,0.1260771341938422,1.2227238525206923,34.30000000000001,0.07393848376724015,14.975470926823311,3.0804708974920563
9.46,46.6,2.5,14.3,-6.559999999999995,2.5,-53.16,3.930569797066486,11137.8,Punta Arenas,Magallanes,3.904835432069543,0.9990482215818578,0.9925072178823631,8.10722,11631.087835613274,0.1344015175649454,0.8765989465763733,2.5,0.07393848376724015,37.18319028024896,9.389118281167155
2.82,47.4,9.3,17.3,-5.759999999999998,9.300000000000011,-53.16,3.930569797066486,3201.1,Punta Arenas,Magallanes,3.910724416907283,0.9868557164068072,0.9818730986527624,2.33214,3345.823251983681,0.1295824022798666,0.8916478555304741,9.3,0.07393848376724015,11.08420682772749,2.76888213820079
12.5,44.1,8.0,11.7,-9.059999999999995,8.0,-53.16,3.930569797066486,15055.8,Punta Arenas,Magallanes,3.881531934681047,0.9902680687415704,0.9779134657738567,11.0375,15835.037409319288,0.1374958904109589,0.8295711060948082,8.0,0.07393848376724015,49.13212246333107,12.223918322173208
10.01,41.3,337.4,16.3,-11.86,-22.600000000000023,-53.16,3.930569797066486,11127.0,Punta Arenas,Magallanes,3.8466627613863857,0.9232102171129808,0.9035021756261343,8.37837,12020.095345786496,0.12689365429091456,0.7768999247554552,22.600000000000023,0.07393848376724015,39.34500366863552,9.044056778017605
7.57,55.6,351.4,13.1,2.440000000000005,-8.600000000000023,-53.16,3.930569797066486,9071.5,Punta Arenas,Magallanes,3.927006153426911,0.9887563810470058,0.9878599269524782,6.57833,9437.653602794777,0.13679780194591726,1.0458991723100075,8.600000000000023,0.07393848376724015,29.7544133637933,7.47809964703026
12.43,54.8,13.4,13.8,1.6400000000000006,13.400000000000006,-53.16,3.930569797066486,14714.8,Punta Arenas,Magallanes,3.928959751020576,0.9727758782093966,0.9723774082579314,10.71466,15371.872428370285,0.13513851082041164,1.0308502633559067,13.4,0.07393848376724015,48.85698257753642,12.086651184646087
7.92,63.4,354.7,17.2,10.240000000000002,-5.2999999999999545,-53.16,3.930569797066486,8915.0,Punta Arenas,Magallanes,3.8679626580772566,0.9957246981845822,0.9798645359707534,6.557760000000001,9408.142688229913,0.12849672524330058,1.1926260346124906,5.300000000000011,0.07393848376724015,31.130112792766568,7.760527124888367
4.96,61.5,352.8,10.7,8.340000000000003,-7.2000000000000455,-53.16,3.930569797066486,6053.0,Punta Arenas,Magallanes,3.8890031107322147,0.9921147013144778,0.9816228584707415,4.42928,6354.501879623986,0.13931083370157607,1.1568848758465011,7.199999999999989,0.07393848376724015,19.49562619344977,4.868849378014878
8.14,70.0,47.6,13.4,16.840000000000003,47.599999999999994,-53.16,3.930569797066486,8542.7,Punta Arenas,Magallanes,3.762017066975941,0.6743023875837234,0.6453866033077046,7.04924,10113.248390239629,0.11980271055613521,1.3167795334838226,47.6,0.07393848376724015,31.994838148121197,5.253446950924716
2.92,52.6,336.2,13.9,-0.5599999999999952,-23.799999999999955,-53.16,3.930569797066486,3404.6,Punta Arenas,Magallanes,3.930382058780331,0.9149596678498251,0.9149159660536959,2.5141199999999997,3606.9023104432895,0.13310033151935946,0.9894657637321295,23.80000000000001,0.07393848376724015,11.477263807434138,2.6715546208767917
13.67,51.1,27.0,17.2,-2.059999999999995,27.0,-53.16,3.930569797066486,15229.8,Punta Arenas,Magallanes,3.928029597082428,0.8910065241883679,0.8904306955234685,11.318760000000001,16238.549311629155,0.12718080788848693,0.9612490594431905,27.0,0.07393848376724015,53.73088912589886,12.172187607805816
11.5,42.8,331.1,12.0,-10.36,-28.899999999999977,-53.16,3.930569797066486,13343.0,Punta Arenas,Magallanes,3.866490728806569,0.8754645270000181,0.8611920540301605,10.12,14518.738716404183,0.1324498709549335,0.8051166290443943,28.899999999999977,0.07393848376724015,45.20155266626459,9.903708621346846
11.88,58.7,16.4,19.5,5.540000000000006,16.400000000000006,-53.16,3.930569797066486,13045.7,Punta Arenas,Magallanes,3.912210273939375,0.9593139745400575,0.95483306006428,9.5634,13720.208087001956,0.12535649493412052,1.1042136945071483,16.4,0.07393848376724015,46.69516918914986,11.343416753563648
13.37,54.1,17.7,20.0,0.9400000000000048,17.69999999999999,-53.16,3.930569797066486,14625.0,Punta Arenas,Magallanes,3.9300408329421104,0.9526614812535863,0.9525332749699493,10.696,15345.101710539444,0.12487064681714327,1.0176824680210685,17.7,0.07393848376724015,52.55171818677891,12.735369886348222
12.29,58.4,347.2,18.2,5.240000000000002,-12.799999999999956,-53.16,3.930569797066486,13770.5,Punta Arenas,Magallanes,3.9141434838569538,0.9751493543055634,0.9710740905278151,10.05322,14422.932256771628,0.12790682553659471,1.0985703536493605,12.800000000000011,0.07393848376724015,48.30670280594711,11.934500572586847
7.61,44.0,329.6,13.0,-9.159999999999997,-30.399999999999977,-53.16,3.930569797066486,8733.7,Punta Arenas,Magallanes,3.880445766347737,0.8625136692072577,0.8515145866612739,6.6207,9498.440061234902,0.13101152653022038,0.8276899924755455,30.399999999999977,0.07393848376724015,29.91163615567596,6.480026004492294
3.54,56.0,310.7,16.6,2.8400000000000034,-49.30000000000001,-53.16,3.930569797066486,3709.9,Punta Arenas,Magallanes,3.9257422333838345,0.6520984038303921,0.6512974902900204,2.95236,4235.6268218145315,0.11963405825142533,1.053423626787058,49.30000000000001,0.07393848376724015,13.91421708161536,2.3055931156266722
6.85,54.8,344.6,10.8,1.6400000000000006,-15.399999999999975,-53.16,3.930569797066486,8377.3,Punta Arenas,Magallanes,3.928959751020576,0.9640954042341102,0.9637004899917463,6.1102,8766.047164523008,0.13960770589607704,1.0308502633559067,15.399999999999977,0.07393848376724015,26.924403109905427,6.601348356443462
14.14,54.3,13.2,18.7,1.1400000000000006,13.199999999999989,-53.16,3.930569797066486,15801.0,Punta Arenas,Magallanes,3.929791804177619,0.9735789028731603,0.9733861986337518,11.49582,16492.56985284719,0.12756486020422003,1.0214446952595937,13.2,0.07393848376724015,55.57825693052011,13.76368084868125
