system_size_kw,tilt,azimuth,losses,tilt_deviation,azimuth_deviation,latitude,solrad_annual,ac_annual,city,region
12.06,35.1,321.7,15.3,11.450000000000003,-38.30000000000001,-23.65,6.260674307900832,19818.9,Antofagasta,Antofagasta
7.71,24.4,5.7,18.8,0.75,5.699999999999989,-23.65,6.260674307900832,13086.5,Antofagasta,Antofagasta
13.16,28.3,18.4,17.6,4.650000000000002,18.400000000000006,-23.65,6.260674307900832,22354.7,Antofagasta,Antofagasta
11.07,23.2,9.4,17.1,-0.4499999999999993,9.400000000000006,-23.65,6.260674307900832,19158.9,Antofagasta,Antofagasta
3.22,22.3,15.8,11.8,-1.3499999999999979,15.800000000000011,-23.65,6.260674307900832,5903.1,Antofagasta,Antofagasta
14.68,17.4,324.9,13.6,-6.25,-35.10000000000002,-23.65,6.260674307900832,25197.9,Antofagasta,Antofagasta
11.89,27.1,8.3,14.8,3.450000000000003,8.300000000000011,-23.65,6.260674307900832,21142.8,Antofagasta,Antofagasta
12.22,16.8,352.4,11.5,-6.849999999999998,-7.600000000000023,-23.65,6.260674307900832,22453.1,Antofagasta,Antofagasta
3.67,29.0,347.9,12.7,5.350000000000001,-12.100000000000023,-23.65,6.260674307900832,6635.7,Antofagasta,Antofagasta
7.86,32.3,21.8,13.1,8.649999999999999,21.80000000000001,-23.65,6.260674307900832,13885.7,Antofagasta,Antofagasta
6.82,26.6,37.0,11.3,2.950000000000003,37.0,-23.65,6.260674307900832,12008.2,Antofagasta,Antofagasta
14.05,21.4,44.9,15.5,-2.25,44.900000000000006,-23.65,6.260674307900832,22969.3,Antofagasta,Antofagasta
10.37,27.3,32.9,17.1,3.650000000000002,32.900000000000006,-23.65,6.260674307900832,17251.0,Antofagasta,Antofagasta
12.7,21.2,357.3,10.7,-2.4499999999999993,-2.7000000000000455,-23.65,6.260674307900832,23724.2,Antofagasta,Antofagasta
7.76,31.1,8.8,14.8,7.450000000000003,8.800000000000011,-23.65,6.260674307900832,13699.0,Antofagasta,Antofagasta
4.95,9.0,19.2,17.8,-14.649999999999999,19.19999999999999,-23.65,6.260674307900832,8136.9,Antofagasta,Antofagasta
9.21,21.0,3.0,17.5,-2.6499999999999986,3.0,-23.65,6.260674307900832,15899.1,Antofagasta,Antofagasta
2.83,7.7,3.3,18.2,-15.95,3.3000000000000114,-23.65,6.260674307900832,4664.1,Antofagasta,Antofagasta
12.76,11.7,20.6,14.5,-11.95,20.599999999999994,-23.65,6.260674307900832,22003.8,Antofagasta,Antofagasta
10.21,34.6,358.5,18.2,10.950000000000003,-1.5,-23.65,6.260674307900832,17181.5,Antofagasta,Antofagasta
11.86,30.8,341.8,12.4,7.150000000000002,-18.200000000000045,-23.65,6.260674307900832,21313.5,Antofagasta,Antofagasta
6.61,17.9,349.6,13.6,-5.75,-10.399999999999977,-23.65,6.260674307900832,11853.0,Antofagasta,Antofagasta
14.62,11.6,15.8,11.8,-12.049999999999999,15.800000000000011,-23.65,6.260674307900832,26180.3,Antofagasta,Antofagasta
13.61,0.0,0.1,14.7,-23.65,0.09999999999999432,-23.65,6.260674307900832,22287.3,Antofagasta,Antofagasta
12.12,19.3,8.5,13.9,-4.349999999999998,8.5,-23.65,6.260674307900832,21732.9,Antofagasta,Antofagasta
4.53,43.0,16.8,12.4,19.35,16.80000000000001,-23.65,6.260674307900832,7759.6,Antofagasta,Antofagasta
8.07,27.1,350.6,17.5,3.450000000000003,-9.399999999999977,-23.65,6.260674307900832,13868.8,Antofagasta,Antofagasta
2.57,19.2,18.9,13.1,-4.449999999999999,18.900000000000006,-23.65,6.260674307900832,4598.4,Antofagasta,Antofagasta
4.01,27.4,9.5,12.7,3.75,9.5,-23.65,6.260674307900832,7283.8,Antofagasta,Antofagasta
10.88,11.2,329.1,11.3,-12.45,-30.899999999999977,-23.65,6.260674307900832,19025.9,Antofagasta,Antofagasta
11.68,21.3,36.1,14.4,-2.349999999999998,36.099999999999994,-23.65,6.260674307900832,19907.2,Antofagasta,Antofagasta
14.58,24.4,347.5,13.0,0.75,-12.5,-23.65,6.260674307900832,26401.1,Antofagasta,Antofagasta
6.24,23.0,318.6,13.7,-0.6499999999999986,-41.39999999999998,-23.65,6.260674307900832,10547.6,Antofagasta,Antofagasta
6.82,30.0,333.9,12.4,6.350000000000001,-26.100000000000023,-23.65,6.260674307900832,12116.9,Antofagasta,Antofagasta
8.1,26.4,334.5,17.6,2.75,-25.5,-23.65,6.260674307900832,13624.0,Antofagasta,Antofagasta
4.46,29.0,1.3,19.3,5.350000000000001,1.3000000000000114,-23.65,6.260674307900832,7512.6,Antofagasta,Antofagasta
3.69,18.1,353.2,15.0,-5.549999999999997,-6.7999999999999545,-23.65,6.260674307900832,6529.0,Antofagasta,Antofagasta
8.18,30.8,351.6,16.4,7.150000000000002,-8.399999999999977,-23.65,6.260674307900832,14178.5,Antofagasta,Antofagasta
4.95,36.7,15.5,18.7,13.050000000000004,15.5,-23.65,6.260674307900832,8141.8,Antofagasta,Antofagasta
10.71,15.9,8.5,20.0,-7.749999999999998,8.5,-23.65,6.260674307900832,17736.0,Antofagasta,Antofagasta
7.68,16.5,7.9,16.1,-7.149999999999999,7.900000000000006,-23.65,6.260674307900832,13363.9,Antofagasta,Antofagasta
12.82,34.3,10.2,18.9,10.649999999999999,10.199999999999989,-23.65,6.260674307900832,21328.0,Antofagasta,Antofagasta
11.1,22.1,15.4,19.1,-1.5499999999999972,15.400000000000006,-23.65,6.260674307900832,18646.3,Antofagasta,Antofagasta
6.06,34.9,307.3,17.9,11.25,-52.69999999999999,-23.65,6.260674307900832,9161.3,Antofagasta,Antofagasta
12.82,20.1,350.9,14.6,-3.549999999999997,-9.100000000000023,-23.65,6.260674307900832,22817.9,Antofagasta,Antofagasta
12.46,35.3,305.5,10.8,11.649999999999999,-54.5,-23.65,6.260674307900832,20275.5,Antofagasta,Antofagasta
7.04,24.7,0.9,10.2,1.0500000000000007,0.9000000000000057,-23.65,6.260674307900832,13243.3,Antofagasta,Antofagasta
5.75,25.7,359.9,14.8,2.0500000000000007,-0.10000000000002274,-23.65,6.260674307900832,10257.4,Antofagasta,Antofagasta
10.87,36.2,26.1,14.9,12.550000000000004,26.099999999999994,-23.65,6.260674307900832,18424.4,Antofagasta,Antofagasta
3.82,20.8,29.7,14.1,-2.849999999999998,29.69999999999999,-23.65,6.260674307900832,6633.3,Antofagasta,Antofagasta
4.6,16.1,5.1,15.7,-7.549999999999997,5.099999999999994,-23.65,6.260674307900832,8046.1,Antofagasta,Antofagasta
2.1,20.1,347.5,15.5,-3.549999999999997,-12.5,-23.65,6.260674307900832,3679.9,Antofagasta,Antofagasta
12.23,27.3,12.1,18.4,3.650000000000002,12.099999999999994,-23.65,6.260674307900832,20758.5,Antofagasta,Antofagasta
10.64,11.1,346.8,11.1,-12.549999999999999,-13.200000000000045,-23.65,6.260674307900832,19225.9,Antofagasta,Antofagasta
11.17,28.7,360.0,12.3,5.050000000000001,0.0,-23.65,6.260674307900832,20448.4,Antofagasta,Antofagasta
12.15,19.3,24.7,17.9,-4.349999999999998,24.69999999999999,-23.65,6.260674307900832,20350.9,Antofagasta,Antofagasta
7.97,32.8,346.1,18.5,9.149999999999999,-13.899999999999977,-23.65,6.260674307900832,13331.7,Antofagasta,Antofagasta
9.39,4.5,20.1,19.9,-19.15,20.099999999999994,-23.65,6.260674307900832,14653.1,Antofagasta,Antofagasta
3.82,17.4,16.9,18.7,-6.25,16.900000000000006,-23.65,6.260674307900832,6390.2,Antofagasta,Antofagasta
3.49,10.2,336.1,18.9,-13.45,-23.899999999999977,-23.65,6.260674307900832,5639.9,Antofagasta,Antofagasta
10.69,17.0,24.3,13.1,-6.649999999999999,24.30000000000001,-23.65,6.260674307900832,18887.6,Antofagasta,Antofagasta
8.12,25.6,17.5,14.0,1.9500000000000028,17.5,-23.65,6.260674307900832,14457.0,Antofagasta,Antofagasta
9.35,22.2,2.5,12.7,-1.4499999999999993,2.5,-23.65,6.260674307900832,17091.9,Antofagasta,Antofagasta
11.94,21.6,340.9,16.1,-2.049999999999997,-19.100000000000023,-23.65,6.260674307900832,20703.1,Antofagasta,Antofagasta
10.25,22.4,338.5,19.4,-1.25,-21.5,-23.65,6.260674307900832,17005.9,Antofagasta,Antofagasta
9.2,25.3,346.6,13.4,1.6500000000000021,-13.399999999999977,-23.65,6.260674307900832,16555.5,Antofagasta,Antofagasta
9.27,15.6,13.6,15.6,-8.049999999999999,13.599999999999994,-23.65,6.260674307900832,16121.1,Antofagasta,Antofagasta
5.95,29.3,336.1,13.0,5.650000000000002,-23.899999999999977,-23.65,6.260674307900832,10565.6,Antofagasta,Antofagasta
2.4,29.0,10.9,11.7,5.350000000000001,10.900000000000006,-23.65,6.260674307900832,4402.1,Antofagasta,Antofagasta
7.68,26.7,329.0,12.0,3.0500000000000007,-31.0,-23.65,6.260674307900832,13626.0,Antofagasta,Antofagasta
4.79,28.1,354.9,10.6,4.450000000000003,-5.100000000000023,-23.65,6.260674307900832,8937.1,Antofagasta,Antofagasta
7.31,26.0,2.7,19.5,2.3500000000000014,2.6999999999999886,-23.65,6.260674307900832,12317.1,Antofagasta,Antofagasta
13.09,39.9,61.1,14.0,16.25,61.099999999999994,-23.65,6.260674307900832,19493.7,Antofagasta,Antofagasta
5.04,23.0,325.6,18.3,-0.6499999999999986,-34.39999999999998,-23.65,6.260674307900832,8237.6,Antofagasta,Antofagasta
2.76,21.2,36.8,16.8,-2.4499999999999993,36.80000000000001,-23.65,6.260674307900832,4556.7,Antofagasta,Antofagasta
5.66,17.6,3.7,11.9,-6.049999999999997,3.6999999999999886,-23.65,6.260674307900832,10377.8,Antofagasta,Antofagasta
5.82,15.4,10.3,11.8,-8.249999999999998,10.300000000000011,-23.65,6.260674307900832,10599.8,Antofagasta,Antofagasta
10.6,13.7,3.0,18.1,-9.95,3.0,-23.65,6.260674307900832,17912.4,Antofagasta,Antofagasta
9.24,16.5,11.1,12.6,-7.149999999999999,11.099999999999994,-23.65,6.260674307900832,16703.9,Antofagasta,Antofagasta
12.19,23.1,356.2,19.1,-0.5499999999999972,-3.7999999999999545,-23.65,6.260674307900832,20641.3,Antofagasta,Antofagasta
10.64,26.3,36.4,11.4,2.650000000000002,36.400000000000006,-23.65,6.260674307900832,18737.5,Antofagasta,Antofagasta
7.28,24.1,348.6,16.8,0.45000000000000284,-11.399999999999977,-23.65,6.260674307900832,12635.4,Antofagasta,Antofagasta
12.58,17.5,28.3,18.1,-6.149999999999999,28.30000000000001,-23.65,6.260674307900832,20803.4,Antofagasta,Antofagasta
4.17,30.9,343.9,12.4,7.25,-16.100000000000023,-23.65,6.260674307900832,7523.1,Antofagasta,Antofagasta
2.3,29.6,358.5,12.8,5.950000000000003,-1.5,-23.65,6.260674307900832,4172.4,Antofagasta,Antofagasta
3.17,22.4,333.2,19.6,-1.25,-26.799999999999955,-23.65,6.260674307900832,5191.2,Antofagasta,Antofagasta
11.39,18.4,11.4,12.6,-5.25,11.400000000000006,-23.65,6.260674307900832,20657.8,Antofagasta,Antofagasta
8.0,28.0,36.1,14.3,4.350000000000001,36.099999999999994,-23.65,6.260674307900832,13623.5,Antofagasta,Antofagasta
4.1,25.2,358.1,14.3,1.5500000000000007,-1.8999999999999773,-23.65,6.260674307900832,7349.5,Antofagasta,Antofagasta
8.51,12.1,355.1,12.5,-11.549999999999999,-4.899999999999977,-23.65,6.260674307900832,15269.8,Antofagasta,Antofagasta
3.98,23.1,332.1,17.8,-0.5499999999999972,-27.899999999999977,-23.65,6.260674307900832,6655.7,Antofagasta,Antofagasta
11.05,25.7,354.3,17.7,2.0500000000000007,-5.7000000000000455,-23.65,6.260674307900832,19015.9,Antofagasta,Antofagasta
7.8,16.5,320.2,13.8,-7.149999999999999,-39.80000000000001,-23.65,6.260674307900832,13142.8,Antofagasta,Antofagasta
6.95,25.2,337.2,18.4,1.5500000000000007,-22.799999999999955,-23.65,6.260674307900832,11655.1,Antofagasta,Antofagasta
5.92,12.0,5.7,12.1,-11.649999999999999,5.699999999999989,-23.65,6.260674307900832,10660.6,Antofagasta,Antofagasta
10.19,34.3,33.0,10.0,10.649999999999999,33.0,-23.65,6.260674307900832,18102.1,Antofagasta,Antofagasta
6.7,33.6,70.2,15.7,9.950000000000003,70.19999999999999,-23.65,6.260674307900832,9536.8,Antofagasta,Antofagasta
3.14,21.6,345.3,19.9,-2.049999999999997,-14.700000000000045,-23.65,6.260674307900832,5219.5,Antofagasta,Antofagasta
3.53,26.6,35.9,10.4,2.950000000000003,35.900000000000006,-23.65,6.260674307900832,6304.4,Antofagasta,Antofagasta
14.5,4.4,6.1,12.1,-19.25,6.099999999999994,-23.65,6.260674307900832,25183.6,Antofagasta,Antofagasta
13.81,14.4,356.2,15.2,-9.249999999999998,-3.7999999999999545,-23.65,6.260674307900832,24208.8,Antofagasta,Antofagasta
11.1,21.3,10.8,18.1,-2.349999999999998,10.800000000000011,-23.65,6.260674307900832,18939.2,Antofagasta,Antofagasta
5.46,15.1,1.5,10.9,-8.549999999999999,1.5,-23.65,6.260674307900832,10071.7,Antofagasta,Antofagasta
14.6,29.4,2.8,14.0,5.75,2.8000000000000114,-23.65,6.260674307900832,26180.8,Antofagasta,Antofagasta
12.12,39.6,349.8,17.5,15.950000000000003,-10.200000000000045,-23.65,6.260674307900832,20072.9,Antofagasta,Antofagasta
11.32,14.2,325.0,13.7,-9.45,-35.0,-23.65,6.260674307900832,19255.5,Antofagasta,Antofagasta
7.84,17.0,321.4,11.9,-6.649999999999999,-38.60000000000002,-23.65,6.260674307900832,13569.5,Antofagasta,Antofagasta
5.54,25.5,16.3,12.0,1.8500000000000014,16.30000000000001,-23.65,6.260674307900832,10108.6,Antofagasta,Antofagasta
3.25,36.5,353.1,14.1,12.850000000000001,-6.899999999999977,-23.65,6.260674307900832,5696.6,Antofagasta,Antofagasta
13.73,13.9,345.1,14.8,-9.749999999999998,-14.899999999999977,-23.65,6.260674307900832,23956.5,Antofagasta,Antofagasta
7.93,25.6,0.2,18.6,1.9500000000000028,0.19999999999998863,-23.65,6.260674307900832,13504.3,Antofagasta,Antofagasta
4.63,38.2,19.9,16.4,14.550000000000004,19.900000000000006,-23.65,6.260674307900832,7730.0,Antofagasta,Antofagasta
5.98,10.4,4.5,16.9,-13.249999999999998,4.5,-23.65,6.260674307900832,10122.9,Antofagasta,Antofagasta
9.53,13.4,343.6,19.8,-10.249999999999998,-16.399999999999977,-23.65,6.260674307900832,15590.2,Antofagasta,Antofagasta
4.3,20.3,30.7,14.1,-3.349999999999998,30.69999999999999,-23.65,6.260674307900832,7445.3,Antofagasta,Antofagasta
13.14,19.5,39.5,14.0,-4.149999999999999,39.5,-23.65,6.260674307900832,22209.8,Antofagasta,Antofagasta
11.86,30.2,12.4,19.2,6.550000000000001,12.400000000000006,-23.65,6.260674307900832,19824.9,Antofagasta,Antofagasta
11.35,25.6,24.3,12.5,1.9500000000000028,24.30000000000001,-23.65,6.260674307900832,20342.6,Antofagasta,Antofagasta
7.62,9.5,31.0,17.3,-14.149999999999999,31.0,-23.65,6.260674307900832,12328.1,Antofagasta,Antofagasta
10.16,27.8,28.3,17.5,4.150000000000002,28.30000000000001,-23.65,6.260674307900832,16968.2,Antofagasta,Antofagasta
9.59,19.0,15.4,11.0,-4.649999999999999,15.400000000000006,-23.65,6.260674307900832,17674.4,Antofagasta,Antofagasta
10.45,33.8,15.0,14.7,10.149999999999999,15.0,-23.65,6.260674307900832,18224.3,Antofagasta,Antofagasta
3.1,18.6,13.0,12.0,-5.049999999999997,13.0,-23.65,6.260674307900832,5652.5,Antofagasta,Antofagasta
7.41,18.6,332.6,11.9,-5.049999999999997,-27.399999999999977,-23.65,6.260674307900832,13233.5,Antofagasta,Antofagasta
2.54,28.0,17.5,14.6,4.350000000000001,17.5,-23.65,6.260674307900832,4478.5,Antofagasta,Antofagasta
8.42,29.8,326.1,12.9,6.150000000000002,-33.89999999999998,-23.65,6.260674307900832,14618.6,Antofagasta,Antofagasta
6.29,27.2,340.1,18.0,3.5500000000000007,-19.899999999999977,-23.65,6.260674307900832,10625.3,Antofagasta,Antofagasta
3.88,10.2,32.6,19.1,-13.45,32.599999999999994,-23.65,6.260674307900832,6138.1,Antofagasta,Antofagasta
3.34,28.0,21.0,18.0,4.350000000000001,21.0,-23.65,6.260674307900832,5631.2,Antofagasta,Antofagasta
9.64,15.4,37.2,12.7,-8.249999999999998,37.19999999999999,-23.65,6.260674307900832,16544.0,Antofagasta,Antofagasta
4.22,25.5,353.2,12.7,1.8500000000000014,-6.7999999999999545,-23.65,6.260674307900832,7692.9,Antofagasta,Antofagasta
14.03,12.3,331.2,12.5,-11.349999999999998,-28.80000000000001,-23.65,6.260674307900832,24401.6,Antofagasta,Antofagasta
9.55,27.2,354.0,11.4,3.5500000000000007,-6.0,-23.65,6.260674307900832,17685.3,Antofagasta,Antofagasta
6.51,17.2,2.6,19.4,-6.449999999999999,2.5999999999999943,-23.65,6.260674307900832,10914.4,Antofagasta,Antofagasta
9.68,13.4,2.0,14.0,-10.249999999999998,2.0,-23.65,6.260674307900832,17159.0,Antofagasta,Antofagasta
2.3,29.4,28.3,12.2,5.75,28.30000000000001,-23.65,6.260674307900832,4073.2,Antofagasta,Antofagasta
14.46,25.6,351.0,18.5,1.9500000000000028,-9.0,-23.65,6.260674307900832,24611.9,Antofagasta,Antofagasta
8.27,18.7,8.8,14.0,-4.949999999999999,8.800000000000011,-23.65,6.260674307900832,14803.5,Antofagasta,Antofagasta
12.18,35.3,335.3,10.4,11.649999999999999,-24.700000000000045,-23.65,6.260674307900832,21881.5,Antofagasta,Antofagasta
3.08,20.1,11.3,11.6,-3.549999999999997,11.300000000000011,-23.65,6.260674307900832,5656.5,Antofagasta,Antofagasta
8.33,23.9,0.1,16.4,0.25,0.09999999999999432,-23.65,6.260674307900832,14585.1,Antofagasta,Antofagasta
8.38,25.8,341.3,17.8,2.150000000000002,-18.700000000000045,-23.65,6.260674307900832,14222.6,Antofagasta,Antofagasta
14.19,18.7,354.1,12.1,-4.949999999999999,-5.899999999999977,-23.65,6.260674307900832,26000.3,Antofagasta,Antofagasta
9.43,27.4,355.4,19.2,3.75,-4.600000000000023,-23.65,6.260674307900832,15925.3,Antofagasta,Antofagasta
8.16,19.4,353.2,18.5,-4.25,-6.7999999999999545,-23.65,6.260674307900832,13860.8,Antofagasta,Antofagasta
5.47,20.4,44.3,18.5,-3.25,44.30000000000001,-23.65,6.260674307900832,8639.7,Antofagasta,Antofagasta
6.31,34.6,357.5,12.3,10.950000000000003,-2.5,-23.65,6.260674307900832,11385.8,Antofagasta,Antofagasta
8.77,15.3,353.9,10.5,-8.349999999999998,-6.100000000000023,-23.65,6.260674307900832,16245.0,Antofagasta,Antofagasta
7.71,4.3,307.6,18.7,-19.349999999999998,-52.39999999999998,-23.65,6.260674307900832,11116.7,Antofagasta,Antofagasta
2.28,36.5,337.6,13.1,12.850000000000001,-22.399999999999977,-23.65,6.260674307900832,3973.3,Antofagasta,Antofagasta
12.74,44.0,353.4,16.2,20.35,-6.600000000000023,-23.65,6.260674307900832,20936.4,Antofagasta,Antofagasta
13.65,20.4,342.9,17.6,-3.25,-17.100000000000023,-23.65,6.260674307900832,23264.3,Antofagasta,Antofagasta
3.82,8.2,34.5,11.3,-15.45,34.5,-23.65,6.260674307900832,6539.2,Antofagasta,Antofagasta
9.2,21.2,355.9,17.8,-2.4499999999999993,-4.100000000000023,-23.65,6.260674307900832,15821.4,Antofagasta,Antofagasta
3.41,21.4,32.2,19.4,-2.25,32.19999999999999,-23.65,6.260674307900832,5531.3,Antofagasta,Antofagasta
10.74,22.1,1.5,17.3,-1.5499999999999972,1.5,-23.65,6.260674307900832,18602.4,Antofagasta,Antofagasta
5.66,14.7,0.9,14.4,-8.95,0.9000000000000057,-23.65,6.260674307900832,10019.4,Antofagasta,Antofagasta
10.57,28.3,357.8,18.8,4.650000000000002,-2.2000000000000455,-23.65,6.260674307900832,17931.1,Antofagasta,Antofagasta
11.45,27.8,0.1,15.3,4.150000000000002,0.09999999999999432,-23.65,6.260674307900832,20271.7,Antofagasta,Antofagasta
11.99,11.7,43.0,17.4,-11.95,43.0,-23.65,6.260674307900832,18881.5,Antofagasta,Antofagasta
3.4,29.2,302.0,18.2,5.550000000000001,-58.0,-23.65,6.260674307900832,5072.9,Antofagasta,Antofagasta
13.91,40.1,310.0,17.5,16.450000000000003,-50.0,-23.65,6.260674307900832,20896.8,Antofagasta,Antofagasta
4.99,25.0,346.4,12.9,1.3500000000000014,-13.600000000000023,-23.65,6.260674307900832,9046.7,Antofagasta,Antofagasta
2.49,21.0,0.4,11.2,-2.6499999999999986,0.4000000000000057,-23.65,6.260674307900832,4621.7,Antofagasta,Antofagasta
9.21,22.5,17.3,12.4,-1.1499999999999986,17.30000000000001,-23.65,6.260674307900832,16717.3,Antofagasta,Antofagasta
6.82,28.6,11.8,15.0,4.950000000000003,11.800000000000011,-23.65,6.260674307900832,12035.5,Antofagasta,Antofagasta
12.79,9.8,350.4,15.1,-13.849999999999998,-9.600000000000023,-23.65,6.260674307900832,22018.9,Antofagasta,Antofagasta
12.51,25.0,25.5,15.8,1.3500000000000014,25.5,-23.65,6.260674307900832,21508.2,Antofagasta,Antofagasta
6.12,20.5,25.8,14.0,-3.1499999999999986,25.80000000000001,-23.65,6.260674307900832,10744.6,Antofagasta,Antofagasta
14.39,38.4,4.6,17.9,14.75,4.599999999999994,-23.65,6.260674307900832,23918.4,Antofagasta,Antofagasta
5.78,22.3,24.1,19.1,-1.3499999999999979,24.099999999999994,-23.65,6.260674307900832,9578.0,Antofagasta,Antofagasta
8.7,37.0,6.8,12.5,13.350000000000001,6.800000000000011,-23.65,6.260674307900832,15489.1,Antofagasta,Antofagasta
5.33,14.8,346.0,17.4,-8.849999999999998,-14.0,-23.65,6.260674307900832,9045.8,Antofagasta,Antofagasta
14.17,28.3,17.4,16.8,4.650000000000002,17.400000000000006,-23.65,6.260674307900832,24335.7,Antofagasta,Antofagasta
4.14,26.2,2.8,15.2,2.5500000000000007,2.8000000000000114,-23.65,6.260674307900832,7343.0,Antofagasta,Antofagasta
2.58,16.7,0.0,11.9,-6.949999999999999,0.0,-23.65,6.260674307900832,4734.9,Antofagasta,Antofagasta
7.66,25.1,36.8,18.0,1.4500000000000028,36.80000000000001,-23.65,6.260674307900832,12483.4,Antofagasta,Antofagasta
14.9,33.4,298.7,19.6,9.75,-61.30000000000001,-23.65,6.260674307900832,21286.0,Antofagasta,Antofagasta
13.59,21.1,324.6,17.2,-2.549999999999997,-35.39999999999998,-23.65,6.260674307900832,22431.4,Antofagasta,Antofagasta
11.73,10.1,330.3,19.2,-13.549999999999999,-29.69999999999999,-23.65,6.260674307900832,18669.5,Antofagasta,Antofagasta
13.58,23.5,350.9,19.8,-0.14999999999999858,-9.100000000000023,-23.65,6.260674307900832,22734.9,Antofagasta,Antofagasta
13.61,16.4,353.6,13.5,-7.25,-6.399999999999977,-23.65,6.260674307900832,24434.3,Antofagasta,Antofagasta
8.75,20.9,322.3,16.4,-2.75,-37.69999999999999,-23.65,6.260674307900832,14482.8,Antofagasta,Antofagasta
6.11,23.0,335.4,14.7,-0.6499999999999986,-24.600000000000023,-23.65,6.260674307900832,10657.3,Antofagasta,Antofagasta
12.04,10.0,338.5,19.9,-13.649999999999999,-21.5,-23.65,6.260674307900832,19291.5,Antofagasta,Antofagasta
10.6,10.7,61.4,10.9,-12.95,61.400000000000006,-23.65,6.260674307900832,16575.4,Antofagasta,Antofagasta
6.86,27.5,45.0,14.1,3.8500000000000014,45.0,-23.65,6.260674307900832,11371.2,Antofagasta,Antofagasta
3.23,19.5,349.7,18.8,-4.149999999999999,-10.299999999999955,-23.65,6.260674307900832,5457.9,Antofagasta,Antofagasta
11.71,3.1,350.9,12.8,-20.549999999999997,-9.100000000000023,-23.65,6.260674307900832,19960.8,Antofagasta,Antofagasta
5.41,29.9,331.3,17.9,6.25,-28.69999999999999,-23.65,6.260674307900832,8966.2,Antofagasta,Antofagasta
14.18,25.8,312.3,13.8,2.150000000000002,-47.69999999999999,-23.65,6.260674307900832,23394.6,Antofagasta,Antofagasta
5.13,17.9,357.1,19.8,-5.75,-2.8999999999999773,-23.65,6.260674307900832,8578.6,Antofagasta,Antofagasta
3.6,13.1,335.1,18.8,-10.549999999999999,-24.899999999999977,-23.65,6.260674307900832,5869.7,Antofagasta,Antofagasta
12.8,30.3,357.9,13.0,6.650000000000002,-2.1000000000000227,-23.65,6.260674307900832,23172.8,Antofagasta,Antofagasta
3.99,26.4,320.0,17.7,2.75,-40.0,-23.65,6.260674307900832,6461.3,Antofagasta,Antofagasta
4.33,42.7,341.0,13.4,19.050000000000004,-19.0,-23.65,6.260674307900832,7326.5,Antofagasta,Antofagasta
9.79,27.0,3.7,16.1,3.3500000000000014,3.6999999999999886,-23.65,6.260674307900832,17180.9,Antofagasta,Antofagasta
13.37,26.8,9.2,16.6,3.150000000000002,9.199999999999989,-23.65,6.260674307900832,23255.8,Antofagasta,Antofagasta
4.55,22.3,10.4,18.3,-1.3499999999999979,10.400000000000006,-23.65,6.260674307900832,7760.4,Antofagasta,Antofagasta
6.03,30.2,327.0,10.2,6.550000000000001,-33.0,-23.65,6.260674307900832,10808.8,Antofagasta,Antofagasta
12.11,28.7,21.4,12.2,5.050000000000001,21.400000000000006,-23.65,6.260674307900832,21799.6,Antofagasta,Antofagasta
14.63,33.7,340.0,17.1,10.050000000000004,-20.0,-23.65,6.260674307900832,24642.9,Antofagasta,Antofagasta
8.51,19.5,15.8,15.6,-4.149999999999999,15.800000000000011,-23.65,6.260674307900832,14858.3,Antofagasta,Antofagasta
3.87,20.2,359.7,15.0,-3.4499999999999993,-0.2999999999999545,-23.65,6.260674307900832,6883.8,Antofagasta,Antofagasta
2.18,19.8,325.6,10.6,-3.849999999999998,-34.39999999999998,-23.65,6.260674307900832,3895.9,Antofagasta,Antofagasta
4.99,30.0,352.1,13.5,6.350000000000001,-7.899999999999977,-23.65,6.260674307900832,8960.4,Antofagasta,Antofagasta
3.71,35.6,9.1,18.7,11.950000000000003,9.099999999999994,-23.65,6.260674307900832,6171.7,Antofagasta,Antofagasta
10.81,20.0,15.3,10.3,-3.6499999999999986,15.300000000000011,-23.65,6.260674307900832,20089.7,Antofagasta,Antofagasta
3.58,20.3,356.5,14.0,-3.349999999999998,-3.5,-23.65,6.260674307900832,6445.5,Antofagasta,Antofagasta
8.58,26.2,38.3,19.5,2.5500000000000007,38.30000000000001,-23.65,6.260674307900832,13668.8,Antofagasta,Antofagasta
11.03,21.7,25.2,10.5,-1.9499999999999993,25.19999999999999,-23.65,6.260674307900832,20162.5,Antofagasta,Antofagasta
9.55,31.3,353.6,17.5,7.650000000000002,-6.399999999999977,-23.65,6.260674307900832,16343.7,Antofagasta,Antofagasta
4.6,5.6,18.8,12.6,-18.049999999999997,18.80000000000001,-23.65,6.260674307900832,7900.3,Antofagasta,Antofagasta
12.45,17.0,48.3,18.7,-6.649999999999999,48.30000000000001,-23.65,6.260674307900832,19231.6,Antofagasta,Antofagasta
11.3,17.4,49.0,17.5,-6.25,49.0,-23.65,6.260674307900832,17674.9,Antofagasta,Antofagasta
11.61,5.1,329.3,18.9,-18.549999999999997,-30.69999999999999,-23.65,6.260674307900832,18037.9,Antofagasta,Antofagasta
3.7,15.9,336.8,12.2,-7.749999999999998,-23.200000000000045,-23.65,6.260674307900832,6617.0,Antofagasta,Antofagasta
3.61,16.3,37.1,15.3,-7.349999999999998,37.099999999999994,-23.65,6.260674307900832,6020.4,Antofagasta,Antofagasta
14.06,22.0,333.5,17.8,-1.6499999999999986,-26.5,-23.65,6.260674307900832,23561.1,Antofagasta,Antofagasta
7.17,32.6,326.9,12.5,8.950000000000003,-33.10000000000002,-23.65,6.260674307900832,12452.4,Antofagasta,Antofagasta
5.91,21.7,347.8,12.3,-1.9499999999999993,-12.200000000000045,-23.65,6.260674307900832,10795.0,Antofagasta,Antofagasta
8.35,15.4,10.5,10.3,-8.249999999999998,10.5,-23.65,6.260674307900832,15472.4,Antofagasta,Antofagasta
10.62,23.2,357.4,19.6,-0.4499999999999993,-2.6000000000000227,-23.65,6.260674307900832,17882.5,Antofagasta,Antofagasta
14.42,32.0,343.7,17.1,8.350000000000001,-16.299999999999955,-23.65,6.260674307900832,24532.9,Antofagasta,Antofagasta
5.72,15.8,343.1,16.4,-7.849999999999998,-16.899999999999977,-23.65,6.260674307900832,9830.2,Antofagasta,Antofagasta
14.02,16.4,342.2,17.4,-7.25,-17.799999999999955,-23.65,6.260674307900832,23769.1,Antofagasta,Antofagasta
2.32,28.1,338.0,15.3,4.450000000000003,-22.0,-23.65,6.260674307900832,4033.8,Antofagasta,Antofagasta
9.22,21.9,57.0,14.8,-1.75,57.0,-23.65,6.260674307900832,14456.5,Antofagasta,Antofagasta
10.24,28.8,7.4,14.5,5.150000000000002,7.400000000000006,-23.65,6.260674307900832,18233.5,Antofagasta,Antofagasta
3.38,23.5,22.2,16.4,-0.14999999999999858,22.19999999999999,-23.65,6.260674307900832,5803.6,Antofagasta,Antofagasta
3.82,29.3,347.8,12.0,5.650000000000002,-12.200000000000045,-23.65,6.260674307900832,6976.0,Antofagasta,Antofagasta
7.45,15.4,355.4,18.9,-8.249999999999998,-4.600000000000023,-23.65,6.260674307900832,12516.6,Antofagasta,Antofagasta
14.56,23.6,342.2,18.1,-0.04999999999999716,-17.799999999999955,-23.65,6.260674307900832,24677.4,Antofagasta,Antofagasta
9.75,22.0,293.7,13.5,-1.6499999999999986,-66.30000000000001,-23.65,6.260674307900832,14786.4,Antofagasta,Antofagasta
14.13,13.9,325.5,15.8,-9.749999999999998,-34.5,-23.65,6.260674307900832,23468.7,Antofagasta,Antofagasta
12.46,11.1,314.7,11.4,-12.549999999999999,-45.30000000000001,-23.65,6.260674307900832,20833.1,Antofagasta,Antofagasta
8.08,29.1,303.8,19.7,5.450000000000003,-56.19999999999999,-23.65,6.260674307900832,11924.3,Antofagasta,Antofagasta
12.2,20.8,330.1,19.0,-2.849999999999998,-29.899999999999977,-23.65,6.260674307900832,19975.6,Antofagasta,Antofagasta
2.23,15.5,33.1,19.2,-8.149999999999999,33.099999999999994,-23.65,6.260674307900832,3583.8,Antofagasta,Antofagasta
3.42,22.9,358.9,13.3,-0.75,-1.1000000000000227,-23.65,6.260674307900832,6207.8,Antofagasta,Antofagasta
12.78,32.7,32.3,11.7,9.050000000000004,32.30000000000001,-23.65,6.260674307900832,22437.2,Antofagasta,Antofagasta
12.36,5.4,10.3,12.1,-18.25,10.300000000000011,-23.65,6.260674307900832,21523.9,Antofagasta,Antofagasta
5.02,11.7,19.6,10.9,-11.95,19.599999999999994,-23.65,6.260674307900832,9041.6,Antofagasta,Antofagasta
8.9,16.3,337.5,11.2,-7.349999999999998,-22.5,-23.65,6.260674307900832,16104.3,Antofagasta,Antofagasta
9.88,35.3,13.1,10.7,11.649999999999999,13.099999999999994,-23.65,6.260674307900832,17977.2,Antofagasta,Antofagasta
13.28,25.9,18.2,19.9,2.25,18.19999999999999,-23.65,6.260674307900832,21989.3,Antofagasta,Antofagasta
9.84,29.8,345.6,10.7,6.150000000000002,-14.399999999999977,-23.65,6.260674307900832,18152.0,Antofagasta,Antofagasta
7.36,14.5,14.0,11.3,-9.149999999999999,14.0,-23.65,6.260674307900832,13406.4,Antofagasta,Antofagasta
6.86,14.7,14.2,18.3,-8.95,14.199999999999989,-23.65,6.260674307900832,11521.9,Antofagasta,Antofagasta
7.54,27.2,346.3,15.8,3.5500000000000007,-13.700000000000045,-23.65,6.260674307900832,13173.2,Antofagasta,Antofagasta
10.48,24.1,331.9,17.7,0.45000000000000284,-28.100000000000023,-23.65,6.260674307900832,17512.6,Antofagasta,Antofagasta
13.28,28.0,330.4,16.3,4.350000000000001,-29.600000000000023,-23.65,6.260674307900832,22441.9,Antofagasta,Antofagasta
7.9,22.1,2.2,18.8,-1.5499999999999972,2.1999999999999886,-23.65,6.260674307900832,13430.1,Antofagasta,Antofagasta
5.22,25.9,8.2,16.4,2.25,8.199999999999989,-23.65,6.260674307900832,9117.7,Antofagasta,Antofagasta
5.08,24.9,340.2,15.2,1.25,-19.799999999999955,-23.65,6.260674307900832,8880.4,Antofagasta,Antofagasta
11.7,29.9,0.7,17.1,6.25,0.6999999999999886,-23.65,6.260674307900832,20191.0,Antofagasta,Antofagasta
12.62,30.1,14.3,14.5,6.450000000000003,14.300000000000011,-23.65,6.260674307900832,22287.7,Antofagasta,Antofagasta
3.37,10.7,15.5,13.5,-12.95,15.5,-23.65,6.260674307900832,5897.9,Antofagasta,Antofagasta
2.87,5.7,38.8,14.7,-17.95,38.80000000000001,-23.65,6.260674307900832,4595.3,Antofagasta,Antofagasta
9.73,31.7,31.9,11.7,8.05,31.900000000000006,-23.65,6.260674307900832,17133.5,Antofagasta,Antofagasta
3.9,33.2,335.0,18.0,9.550000000000004,-25.0,-23.65,6.260674307900832,6454.2,Antofagasta,Antofagasta
12.72,15.5,42.1,12.6,-8.149999999999999,42.099999999999994,-23.65,6.260674307900832,21517.1,Antofagasta,Antofagasta
6.03,8.8,346.7,11.5,-14.849999999999998,-13.299999999999955,-23.65,6.260674307900832,10736.7,Antofagasta,Antofagasta
3.87,24.4,26.1,12.5,0.75,26.099999999999994,-23.65,6.260674307900832,6913.8,Antofagasta,Antofagasta
13.97,31.1,1.7,18.4,7.450000000000003,1.6999999999999886,-23.65,6.260674307900832,23677.4,Antofagasta,Antofagasta
4.15,38.0,349.7,13.3,14.350000000000001,-10.299999999999955,-23.65,6.260674307900832,7275.7,Antofagasta,Antofagasta
5.7,27.8,314.8,16.9,4.150000000000002,-45.19999999999999,-23.65,6.260674307900832,9144.7,Antofagasta,Antofagasta
4.0,20.7,355.7,18.6,-2.9499999999999993,-4.2999999999999545,-23.65,6.260674307900832,6805.5,Antofagasta,Antofagasta
3.5,16.5,321.0,10.8,-7.149999999999999,-39.0,-23.65,6.260674307900832,6122.0,Antofagasta,Antofagasta
2.27,23.7,24.2,17.7,0.05000000000000071,24.19999999999999,-23.65,6.260674307900832,3837.8,Antofagasta,Antofagasta
2.72,21.3,37.9,13.1,-2.349999999999998,37.900000000000006,-23.65,6.260674307900832,4680.9,Antofagasta,Antofagasta
4.27,15.5,340.1,12.2,-8.149999999999999,-19.899999999999977,-23.65,6.260674307900832,7662.2,Antofagasta,Antofagasta
2.69,40.0,7.5,16.9,16.35,7.5,-23.65,6.260674307900832,4490.5,Antofagasta,Antofagasta
9.68,37.9,341.9,19.1,14.25,-18.100000000000023,-23.65,6.260674307900832,15709.4,Antofagasta,Antofagasta
10.85,32.7,344.3,13.0,9.050000000000004,-15.700000000000045,-23.65,6.260674307900832,19354.8,Antofagasta,Antofagasta
7.12,16.3,19.4,15.7,-7.349999999999998,19.400000000000006,-23.65,6.260674307900832,12290.5,Antofagasta,Antofagasta
6.13,30.5,359.0,12.9,6.850000000000001,-1.0,-23.65,6.260674307900832,11113.4,Antofagasta,Antofagasta
8.56,28.8,43.5,15.5,5.150000000000002,43.5,-23.65,6.260674307900832,14010.7,Antofagasta,Antofagasta
13.38,27.2,347.9,16.2,3.5500000000000007,-12.100000000000023,-23.65,6.260674307900832,23302.8,Antofagasta,Antofagasta
13.06,33.6,25.0,16.1,9.950000000000003,25.0,-23.65,6.260674307900832,22079.9,Antofagasta,Antofagasta
2.57,28.7,2.4,16.2,5.050000000000001,2.4000000000000057,-23.65,6.260674307900832,4483.0,Antofagasta,Antofagasta
4.36,29.6,19.9,11.4,5.950000000000003,19.900000000000006,-23.65,6.260674307900832,7932.5,Antofagasta,Antofagasta
5.08,28.7,348.8,16.9,5.050000000000001,-11.200000000000045,-23.65,6.260674307900832,8759.8,Antofagasta,Antofagasta
5.24,26.4,358.8,16.7,2.75,-1.2000000000000455,-23.65,6.260674307900832,9132.3,Antofagasta,Antofagasta
9.43,9.4,357.1,16.8,-14.249999999999998,-2.8999999999999773,-23.65,6.260674307900832,15913.7,Antofagasta,Antofagasta
7.41,24.3,339.1,10.7,0.6500000000000021,-20.899999999999977,-23.65,6.260674307900832,13628.9,Antofagasta,Antofagasta
2.64,19.2,16.6,14.5,-4.449999999999999,16.599999999999994,-23.65,6.260674307900832,4667.9,Antofagasta,Antofagasta
6.86,13.4,16.3,14.1,-10.249999999999998,16.30000000000001,-23.65,6.260674307900832,12023.2,Antofagasta,Antofagasta
8.81,37.1,14.8,10.9,13.450000000000003,14.800000000000011,-23.65,6.260674307900832,15864.2,Antofagasta,Antofagasta
3.32,37.5,38.4,12.2,13.850000000000001,38.400000000000006,-23.65,6.260674307900832,5601.2,Antofagasta,Antofagasta
12.83,34.5,36.2,14.4,10.850000000000001,36.19999999999999,-23.65,6.260674307900832,21481.8,Antofagasta,Antofagasta
2.68,25.7,350.6,17.4,2.0500000000000007,-9.399999999999977,-23.65,6.260674307900832,4610.0,Antofagasta,Antofagasta
14.02,34.5,9.3,12.4,10.850000000000001,9.300000000000011,-23.65,6.260674307900832,25204.7,Antofagasta,Antofagasta
3.29,23.7,344.4,18.3,0.05000000000000071,-15.600000000000023,-23.65,6.260674307900832,5577.0,Antofagasta,Antofagasta
12.97,25.3,0.6,15.5,1.6500000000000021,0.5999999999999943,-23.65,6.260674307900832,22957.1,Antofagasta,Antofagasta
13.73,14.9,345.0,17.6,-8.749999999999998,-15.0,-23.65,6.260674307900832,23233.2,Antofagasta,Antofagasta
14.73,26.8,40.5,14.7,3.150000000000002,40.5,-23.65,6.260674307900832,24659.0,Antofagasta,Antofagasta
12.43,24.1,9.1,15.0,0.45000000000000284,9.099999999999994,-23.65,6.260674307900832,22060.8,Antofagasta,Antofagasta
12.13,13.2,354.5,16.2,-10.45,-5.5,-23.65,6.260674307900832,20927.7,Antofagasta,Antofagasta
10.35,23.2,29.8,19.3,-0.4499999999999993,29.80000000000001,-23.65,6.260674307900832,16916.7,Antofagasta,Antofagasta
12.13,23.0,305.7,14.9,-0.6499999999999986,-54.30000000000001,-23.65,6.260674307900832,19236.7,Antofagasta,Antofagasta
3.75,38.0,309.6,15.3,14.350000000000001,-50.39999999999998,-23.65,6.260674307900832,5833.3,Antofagasta,Antofagasta
8.97,30.8,19.9,16.0,7.150000000000002,19.900000000000006,-23.65,6.260674307900832,15422.1,Antofagasta,Antofagasta
8.68,23.7,1.5,17.4,0.05000000000000071,1.5,-23.65,6.260674307900832,15032.8,Antofagasta,Antofagasta
13.15,25.6,6.3,10.7,1.9500000000000028,6.300000000000011,-23.65,6.260674307900832,24543.0,Antofagasta,Antofagasta
8.02,24.0,326.8,15.2,0.3500000000000014,-33.19999999999999,-23.65,6.260674307900832,13656.7,Antofagasta,Antofagasta
7.01,22.0,359.4,14.8,-1.6499999999999986,-0.6000000000000227,-23.65,6.260674307900832,12498.6,Antofagasta,Antofagasta
10.31,15.0,50.1,19.2,-8.649999999999999,50.099999999999994,-23.65,6.260674307900832,15635.3,Antofagasta,Antofagasta
5.46,22.4,20.6,14.9,-1.25,20.599999999999994,-23.65,6.260674307900832,9578.8,Antofagasta,Antofagasta
3.82,17.7,4.2,14.7,-5.949999999999999,4.199999999999989,-23.65,6.260674307900832,6781.1,Antofagasta,Antofagasta
8.21,13.6,349.0,19.6,-10.049999999999999,-11.0,-23.65,6.260674307900832,13557.0,Antofagasta,Antofagasta
7.42,27.7,350.1,14.5,4.050000000000001,-9.899999999999977,-23.65,6.260674307900832,13206.8,Antofagasta,Antofagasta
5.02,26.8,306.8,11.8,3.150000000000002,-53.19999999999999,-23.65,6.260674307900832,8285.8,Antofagasta,Antofagasta
6.78,9.4,6.4,12.2,-14.249999999999998,6.400000000000006,-23.65,6.260674307900832,12066.6,Antofagasta,Antofagasta
6.76,22.7,21.1,11.0,-0.9499999999999993,21.099999999999994,-23.65,6.260674307900832,12401.6,Antofagasta,Antofagasta
6.26,31.6,320.6,10.0,7.950000000000003,-39.39999999999998,-23.65,6.260674307900832,11000.8,Antofagasta,Antofagasta
6.93,32.1,343.5,14.3,8.450000000000003,-16.5,-23.65,6.260674307900832,12181.6,Antofagasta,Antofagasta
10.91,31.9,331.1,17.7,8.25,-28.899999999999977,-23.65,6.260674307900832,18037.9,Antofagasta,Antofagasta
5.86,24.0,335.9,17.3,0.3500000000000014,-24.100000000000023,-23.65,6.260674307900832,9923.6,Antofagasta,Antofagasta
14.34,16.9,1.3,10.3,-6.75,1.3000000000000114,-23.65,6.260674307900832,26744.4,Antofagasta,Antofagasta
13.91,15.0,307.9,15.7,-8.649999999999999,-52.10000000000002,-23.65,6.260674307900832,21822.4,Antofagasta,Antofagasta
8.25,26.4,15.4,11.5,2.75,15.400000000000006,-23.65,6.260674307900832,15138.1,Antofagasta,Antofagasta
6.27,26.7,18.8,19.4,3.0500000000000007,18.80000000000001,-23.65,6.260674307900832,10426.7,Antofagasta,Antofagasta
8.96,33.9,353.7,11.7,10.25,-6.2999999999999545,-23.65,6.260674307900832,16290.2,Antofagasta,Antofagasta
13.03,32.4,298.0,16.3,8.75,-62.0,-23.65,6.260674307900832,19363.0,Antofagasta,Antofagasta
10.48,22.6,335.1,13.3,-1.0499999999999972,-24.899999999999977,-23.65,6.260674307900832,18599.6,Antofagasta,Antofagasta
12.46,13.7,30.8,16.4,-9.95,30.80000000000001,-23.65,6.260674307900832,20713.5,Antofagasta,Antofagasta
8.93,21.1,290.6,14.1,-2.549999999999997,-69.39999999999998,-23.65,6.260674307900832,13185.4,Antofagasta,Antofagasta
10.23,25.4,351.3,17.6,1.75,-8.700000000000045,-23.65,6.260674307900832,17598.9,Antofagasta,Antofagasta
5.75,22.0,330.5,12.3,-1.6499999999999986,-29.5,-23.65,6.260674307900832,10204.9,Antofagasta,Antofagasta
11.55,19.0,20.1,19.1,-4.649999999999999,20.099999999999994,-23.65,6.260674307900832,19228.9,Antofagasta,Antofagasta
4.63,25.7,343.1,15.0,2.0500000000000007,-16.899999999999977,-23.65,6.260674307900832,8152.9,Antofagasta,Antofagasta
11.03,19.6,10.1,17.6,-4.049999999999997,10.099999999999994,-23.65,6.260674307900832,18933.9,Antofagasta,Antofagasta
13.19,18.6,14.1,18.5,-5.049999999999997,14.099999999999994,-23.65,6.260674307900832,22264.5,Antofagasta,Antofagasta
3.72,26.1,45.9,20.0,2.450000000000003,45.900000000000006,-23.65,6.260674307900832,5732.6,Antofagasta,Antofagasta
9.99,20.4,354.9,12.2,-3.25,-5.100000000000023,-23.65,6.260674307900832,18315.7,Antofagasta,Antofagasta
3.24,25.6,9.4,12.9,1.9500000000000028,9.400000000000006,-23.65,6.260674307900832,5884.4,Antofagasta,Antofagasta
11.43,25.8,322.9,12.5,2.150000000000002,-37.10000000000002,-23.65,6.260674307900832,19855.4,Antofagasta,Antofagasta
3.1,14.5,29.8,12.6,-9.149999999999999,29.80000000000001,-23.65,6.260674307900832,5412.2,Antofagasta,Antofagasta
14.17,19.8,341.0,15.8,-3.849999999999998,-19.0,-23.65,6.260674307900832,24585.9,Antofagasta,Antofagasta
3.79,35.2,346.0,19.9,11.550000000000004,-14.0,-23.65,6.260674307900832,6177.2,Antofagasta,Antofagasta
14.47,14.4,359.4,19.9,-9.249999999999998,-0.6000000000000227,-23.65,6.260674307900832,23955.4,Antofagasta,Antofagasta
12.41,6.7,320.9,15.3,-16.95,-39.10000000000002,-23.65,6.260674307900832,19864.4,Antofagasta,Antofagasta
9.72,8.8,5.7,16.4,-14.849999999999998,5.699999999999989,-23.65,6.260674307900832,16430.3,Antofagasta,Antofagasta
12.17,23.9,24.2,18.6,0.25,24.19999999999999,-23.65,6.260674307900832,20300.9,Antofagasta,Antofagasta
12.34,23.9,7.3,19.3,0.25,7.300000000000011,-23.65,6.260674307900832,20807.4,Antofagasta,Antofagasta
14.3,22.7,320.3,12.0,-0.9499999999999993,-39.69999999999999,-23.65,6.260674307900832,24779.3,Antofagasta,Antofagasta
5.29,33.4,356.9,15.3,9.75,-3.1000000000000227,-23.65,6.260674307900832,9257.9,Antofagasta,Antofagasta
9.67,2.3,18.6,18.3,-21.349999999999998,18.599999999999994,-23.65,6.260674307900832,15207.4,Antofagasta,Antofagasta
3.24,26.8,313.1,13.0,3.150000000000002,-46.89999999999998,-23.65,6.260674307900832,5399.3,Antofagasta,Antofagasta
10.01,36.1,333.1,14.4,12.450000000000003,-26.899999999999977,-23.65,6.260674307900832,17048.0,Antofagasta,Antofagasta
4.23,14.6,21.9,19.9,-9.049999999999999,21.900000000000006,-23.65,6.260674307900832,6881.5,Antofagasta,Antofagasta
9.34,20.6,6.8,19.9,-3.049999999999997,6.800000000000011,-23.65,6.260674307900832,15641.8,Antofagasta,Antofagasta
9.44,17.6,10.3,19.1,-6.049999999999997,10.300000000000011,-23.65,6.260674307900832,15857.8,Antofagasta,Antofagasta
8.06,16.5,46.5,18.0,-7.149999999999999,46.5,-23.65,6.260674307900832,12622.8,Antofagasta,Antofagasta
8.79,21.0,11.7,12.7,-2.6499999999999986,11.699999999999989,-23.65,6.260674307900832,15985.7,Antofagasta,Antofagasta
11.93,35.1,16.4,13.2,11.450000000000003,16.400000000000006,-23.65,6.260674307900832,21046.7,Antofagasta,Antofagasta
12.39,38.3,67.8,15.5,14.649999999999999,67.80000000000001,-23.65,6.260674307900832,17619.3,Antofagasta,Antofagasta
8.4,21.0,354.7,15.6,-2.6499999999999986,-5.2999999999999545,-23.65,6.260674307900832,14815.9,Antofagasta,Antofagasta
9.79,38.9,340.1,15.1,15.25,-19.899999999999977,-23.65,6.260674307900832,16564.2,Antofagasta,Antofagasta
14.11,23.9,10.7,16.4,0.25,10.699999999999989,-23.65,6.260674307900832,24608.6,Antofagasta,Antofagasta
3.56,37.7,11.0,14.1,14.050000000000004,11.0,-23.65,6.260674307900832,6182.5,Antofagasta,Antofagasta
3.52,22.9,346.8,17.5,-0.75,-13.200000000000045,-23.65,6.260674307900832,6048.1,Antofagasta,Antofagasta
3.14,24.7,334.2,13.3,1.0500000000000007,-25.799999999999955,-23.65,6.260674307900832,5556.7,Antofagasta,Antofagasta
10.55,26.6,57.7,13.3,2.950000000000003,57.69999999999999,-23.65,6.260674307900832,16761.6,Antofagasta,Antofagasta
7.44,49.1,8.2,11.3,25.450000000000003,8.199999999999989,-23.65,6.260674307900832,12461.7,Antofagasta,Antofagasta
12.07,30.5,341.7,11.9,6.850000000000001,-18.299999999999955,-23.65,6.260674307900832,21835.8,Antofagasta,Antofagasta
10.73,18.0,22.9,18.5,-5.649999999999999,22.900000000000006,-23.65,6.260674307900832,17861.6,Antofagasta,Antofagasta
6.34,31.4,357.3,14.5,7.75,-2.7000000000000455,-23.65,6.260674307900832,11249.9,Antofagasta,Antofagasta
13.68,20.8,353.7,12.3,-2.849999999999998,-6.2999999999999545,-23.65,6.260674307900832,25069.1,Antofagasta,Antofagasta
11.91,19.7,14.1,17.6,-3.9499999999999993,14.099999999999994,-23.65,6.260674307900832,20365.3,Antofagasta,Antofagasta
5.52,30.9,327.7,15.5,7.25,-32.30000000000001,-23.65,6.260674307900832,9301.8,Antofagasta,Antofagasta
6.73,23.9,8.8,10.2,0.25,8.800000000000011,-23.65,6.260674307900832,12631.0,Antofagasta,Antofagasta
6.09,25.9,47.8,13.2,2.25,47.80000000000001,-23.65,6.260674307900832,10117.1,Antofagasta,Antofagasta
4.05,23.8,11.7,11.8,0.15000000000000213,11.699999999999989,-23.65,6.260674307900832,7445.8,Antofagasta,Antofagasta
3.92,26.3,350.6,16.6,2.650000000000002,-9.399999999999977,-23.65,6.260674307900832,6824.3,Antofagasta,Antofagasta
14.17,27.0,347.3,12.8,3.3500000000000014,-12.700000000000045,-23.65,6.260674307900832,25697.9,Antofagasta,Antofagasta
7.69,8.2,349.7,10.6,-15.45,-10.299999999999955,-23.65,6.260674307900832,13821.6,Antofagasta,Antofagasta
6.98,29.0,353.7,10.5,5.350000000000001,-6.2999999999999545,-23.65,6.260674307900832,13010.3,Antofagasta,Antofagasta
11.49,15.8,350.6,15.8,-7.849999999999998,-9.399999999999977,-23.65,6.260674307900832,19999.5,Antofagasta,Antofagasta
9.19,12.1,22.9,10.2,-11.549999999999999,22.900000000000006,-23.65,6.260674307900832,16598.0,Antofagasta,Antofagasta
14.17,23.2,316.7,18.5,-0.4499999999999993,-43.30000000000001,-23.65,6.260674307900832,22488.3,Antofagasta,Antofagasta
12.14,24.3,21.6,11.6,0.6500000000000021,21.599999999999994,-23.65,6.260674307900832,22104.7,Antofagasta,Antofagasta
8.23,18.1,350.5,16.1,-5.549999999999997,-9.5,-23.65,6.260674307900832,14358.4,Antofagasta,Antofagasta
6.89,30.3,9.4,14.4,6.650000000000002,9.400000000000006,-23.65,6.260674307900832,12230.0,Antofagasta,Antofagasta
14.83,12.9,331.8,14.4,-10.749999999999998,-28.19999999999999,-23.65,6.260674307900832,25329.6,Antofagasta,Antofagasta
11.33,20.4,33.2,10.7,-3.25,33.19999999999999,-23.65,6.260674307900832,20277.9,Antofagasta,Antofagasta
14.37,19.0,31.1,18.0,-4.649999999999999,31.099999999999994,-23.65,6.260674307900832,23686.7,Antofagasta,Antofagasta
3.54,23.3,24.0,18.9,-0.34999999999999787,24.0,-23.65,6.260674307900832,5881.6,Antofagasta,Antofagasta
13.06,25.9,322.1,10.1,2.25,-37.89999999999998,-23.65,6.260674307900832,23241.6,Antofagasta,Antofagasta
10.28,15.6,20.7,11.8,-8.049999999999999,20.69999999999999,-23.65,6.260674307900832,18507.9,Antofagasta,Antofagasta
3.58,29.4,10.1,19.0,5.75,10.099999999999994,-23.65,6.260674307900832,6026.2,Antofagasta,Antofagasta
9.65,24.2,319.9,15.5,0.5500000000000007,-40.10000000000002,-23.65,6.260674307900832,16042.8,Antofagasta,Antofagasta
10.92,8.5,359.4,11.5,-15.149999999999999,-0.6000000000000227,-23.65,6.260674307900832,19543.3,Antofagasta,Antofagasta
2.16,8.0,9.1,12.0,-15.649999999999999,9.099999999999994,-23.65,6.260674307900832,3820.9,Antofagasta,Antofagasta
7.91,23.6,13.9,16.6,-0.04999999999999716,13.900000000000006,-23.65,6.260674307900832,13712.9,Antofagasta,Antofagasta
12.73,21.9,4.4,17.2,-1.75,4.400000000000006,-23.65,6.260674307900832,22043.6,Antofagasta,Antofagasta
5.84,22.8,7.3,16.0,-0.8499999999999979,7.300000000000011,-23.65,6.260674307900832,10256.0,Antofagasta,Antofagasta
7.96,23.4,36.8,19.5,-0.25,36.80000000000001,-23.65,6.260674307900832,12733.8,Antofagasta,Antofagasta
7.75,25.5,30.7,14.9,1.8500000000000014,30.69999999999999,-23.65,6.260674307900832,13313.4,Antofagasta,Antofagasta
5.93,31.2,288.3,13.0,7.550000000000001,-71.69999999999999,-23.65,6.260674307900832,8678.3,Antofagasta,Antofagasta
13.94,14.8,352.1,14.8,-8.849999999999998,-7.899999999999977,-23.65,6.260674307900832,24532.8,Antofagasta,Antofagasta
12.16,14.3,355.9,13.6,-9.349999999999998,-4.100000000000023,-23.65,6.260674307900832,21698.6,Antofagasta,Antofagasta
3.44,14.9,316.2,12.2,-8.749999999999998,-43.80000000000001,-23.65,6.260674307900832,5796.0,Antofagasta,Antofagasta
14.96,26.0,2.4,10.5,2.3500000000000014,2.4000000000000057,-23.65,6.260674307900832,28038.2,Antofagasta,Antofagasta
13.43,33.6,31.2,13.5,9.950000000000003,31.19999999999999,-23.65,6.260674307900832,23081.0,Antofagasta,Antofagasta
5.69,20.2,332.8,17.1,-3.4499999999999993,-27.200000000000045,-23.65,6.260674307900832,9588.5,Antofagasta,Antofagasta
12.88,3.6,8.4,10.2,-20.049999999999997,8.400000000000006,-23.65,6.260674307900832,22711.0,Antofagasta,Antofagasta
3.38,10.0,337.1,14.4,-13.649999999999999,-22.899999999999977,-23.65,6.260674307900832,5780.2,Antofagasta,Antofagasta
14.99,17.0,343.2,16.4,-6.649999999999999,-16.799999999999955,-23.65,6.260674307900832,25782.6,Antofagasta,Antofagasta
10.65,19.2,36.9,16.1,-4.449999999999999,36.900000000000006,-23.65,6.260674307900832,17708.1,Antofagasta,Antofagasta
10.45,20.4,346.4,17.8,-3.25,-13.600000000000023,-23.65,6.260674307900832,17851.7,Antofagasta,Antofagasta
3.18,24.0,11.6,18.1,0.3500000000000014,11.599999999999994,-23.65,6.260674307900832,5421.1,Antofagasta,Antofagasta
13.66,21.2,313.2,17.1,-2.4499999999999993,-46.80000000000001,-23.65,6.260674307900832,21752.6,Antofagasta,Antofagasta
2.38,32.0,46.6,11.0,8.350000000000001,46.599999999999994,-23.65,6.260674307900832,4026.5,Antofagasta,Antofagasta
5.13,18.2,15.1,14.8,-5.449999999999999,15.099999999999994,-23.65,6.260674307900832,9044.3,Antofagasta,Antofagasta
3.86,16.8,355.4,16.0,-6.849999999999998,-4.600000000000023,-23.65,6.260674307900832,6734.6,Antofagasta,Antofagasta
12.1,27.5,14.4,12.5,3.8500000000000014,14.400000000000006,-23.65,6.260674307900832,21965.4,Antofagasta,Antofagasta
4.58,11.4,324.8,10.4,-12.249999999999998,-35.19999999999999,-23.65,6.260674307900832,7998.3,Antofagasta,Antofagasta
13.84,26.8,29.6,12.2,3.150000000000002,29.599999999999994,-23.65,6.260674307900832,24566.4,Antofagasta,Antofagasta
10.53,24.5,351.9,14.5,0.8500000000000014,-8.100000000000023,-23.65,6.260674307900832,18805.3,Antofagasta,Antofagasta
2.47,22.5,354.9,14.1,-1.1499999999999986,-5.100000000000023,-23.65,6.260674307900832,4438.0,Antofagasta,Antofagasta
2.07,36.4,347.7,11.8,12.75,-12.299999999999955,-23.65,6.260674307900832,3712.4,Antofagasta,Antofagasta
2.67,18.7,345.5,18.2,-4.949999999999999,-14.5,-23.65,6.260674307900832,4522.2,Antofagasta,Antofagasta
9.88,40.1,17.4,19.3,16.450000000000003,17.400000000000006,-23.65,6.260674307900832,15838.1,Antofagasta,Antofagasta
12.42,21.8,6.4,12.0,-1.8499999999999979,6.400000000000006,-23.65,6.260674307900832,22846.6,Antofagasta,Antofagasta
5.1,13.4,16.3,19.3,-10.249999999999998,16.30000000000001,-23.65,6.260674307900832,8402.8,Antofagasta,Antofagasta
13.04,24.2,359.8,10.2,0.5500000000000007,-0.20000000000004547,-23.65,6.260674307900832,24542.3,Antofagasta,Antofagasta
2.74,15.0,12.8,19.2,-8.649999999999999,12.800000000000011,-23.65,6.260674307900832,4561.2,Antofagasta,Antofagasta
12.41,17.6,349.5,19.5,-6.049999999999997,-10.5,-23.65,6.260674307900832,20727.2,Antofagasta,Antofagasta
14.06,26.8,55.7,10.1,3.150000000000002,55.69999999999999,-23.65,6.260674307900832,23370.7,Antofagasta,Antofagasta
12.04,28.1,320.8,17.6,4.450000000000003,-39.19999999999999,-23.65,6.260674307900832,19510.8,Antofagasta,Antofagasta
11.08,18.7,31.5,19.7,-4.949999999999999,31.5,-23.65,6.260674307900832,17864.4,Antofagasta,Antofagasta
12.89,31.5,34.2,19.1,7.850000000000001,34.19999999999999,-23.65,6.260674307900832,20700.2,Antofagasta,Antofagasta
2.52,32.9,338.7,19.7,9.25,-21.299999999999955,-23.65,6.260674307900832,4115.0,Antofagasta,Antofagasta
4.62,35.1,55.7,15.5,11.450000000000003,55.69999999999999,-23.65,6.260674307900832,7090.3,Antofagasta,Antofagasta
3.62,27.9,24.9,10.8,4.25,24.900000000000006,-23.65,6.260674307900832,6596.8,Antofagasta,Antofagasta
8.56,34.6,24.3,18.5,10.950000000000003,24.30000000000001,-23.65,6.260674307900832,14029.8,Antofagasta,Antofagasta
11.69,8.6,0.7,16.1,-15.049999999999999,0.6999999999999886,-23.65,6.260674307900832,19830.2,Antofagasta,Antofagasta
10.19,21.1,354.6,16.1,-2.549999999999997,-5.399999999999977,-23.65,6.260674307900832,17864.2,Antofagasta,Antofagasta
13.06,16.7,354.8,14.2,-6.949999999999999,-5.2000000000000455,-23.65,6.260674307900832,23296.2,Antofagasta,Antofagasta
4.02,24.6,9.8,15.7,0.9500000000000028,9.800000000000011,-23.65,6.260674307900832,7067.8,Antofagasta,Antofagasta
11.55,19.1,35.0,11.5,-4.549999999999997,35.0,-23.65,6.260674307900832,20349.5,Antofagasta,Antofagasta
4.51,22.3,4.5,17.4,-1.3499999999999979,4.5,-23.65,6.260674307900832,7796.0,Antofagasta,Antofagasta
5.52,38.7,337.2,10.8,15.050000000000004,-22.799999999999955,-23.65,6.260674307900832,9770.6,Antofagasta,Antofagasta
11.23,22.3,20.6,17.3,-1.3499999999999979,20.599999999999994,-23.65,6.260674307900832,19136.6,Antofagasta,Antofagasta
14.74,27.0,23.0,18.5,3.3500000000000014,23.0,-23.65,6.260674307900832,24628.3,Antofagasta,Antofagasta
9.95,21.8,16.4,14.7,-1.8499999999999979,16.400000000000006,-23.65,6.260674307900832,17586.5,Antofagasta,Antofagasta
2.71,24.3,18.6,15.1,0.6500000000000021,18.599999999999994,-23.65,6.260674307900832,4753.9,Antofagasta,Antofagasta
10.01,23.7,353.2,13.1,0.05000000000000071,-6.7999999999999545,-23.65,6.260674307900832,18191.7,Antofagasta,Antofagasta
2.55,27.2,336.8,19.7,3.5500000000000007,-23.200000000000045,-23.65,6.260674307900832,4195.2,Antofagasta,Antofagasta
13.49,33.0,338.3,17.3,9.350000000000001,-21.700000000000045,-23.65,6.260674307900832,22650.0,Antofagasta,Antofagasta
11.22,36.8,319.1,13.7,13.149999999999999,-40.89999999999998,-23.65,6.260674307900832,18517.7,Antofagasta,Antofagasta
4.25,26.1,5.9,11.7,2.450000000000003,5.900000000000006,-23.65,6.260674307900832,7841.4,Antofagasta,Antofagasta
3.19,28.4,357.9,12.2,4.75,-2.1000000000000227,-23.65,6.260674307900832,5851.8,Antofagasta,Antofagasta
4.39,14.4,349.0,14.6,-9.249999999999998,-11.0,-23.65,6.260674307900832,7707.0,Antofagasta,Antofagasta
14.74,22.9,286.1,19.4,-0.75,-73.89999999999998,-23.65,6.260674307900832,19885.4,Antofagasta,Antofagasta
7.96,31.2,328.8,17.3,7.550000000000001,-31.19999999999999,-23.65,6.260674307900832,13165.5,Antofagasta,Antofagasta
12.19,30.6,28.0,12.2,6.950000000000003,28.0,-23.65,6.260674307900832,21614.5,Antofagasta,Antofagasta
10.27,25.3,343.4,18.6,1.6500000000000021,-16.600000000000023,-23.65,6.260674307900832,17329.6,Antofagasta,Antofagasta
9.44,30.7,9.0,13.8,7.050000000000001,9.0,-23.65,6.260674307900832,16871.6,Antofagasta,Antofagasta
3.89,27.6,325.2,18.5,3.950000000000003,-34.80000000000001,-23.65,6.260674307900832,6317.2,Antofagasta,Antofagasta
14.3,33.3,36.0,12.4,9.649999999999999,36.0,-23.65,6.260674307900832,24605.1,Antofagasta,Antofagasta
5.92,26.0,356.4,16.2,2.3500000000000014,-3.6000000000000227,-23.65,6.260674307900832,10377.2,Antofagasta,Antofagasta
9.51,20.8,7.3,19.3,-2.849999999999998,7.300000000000011,-23.65,6.260674307900832,16040.7,Antofagasta,Antofagasta
11.1,26.3,58.1,12.6,2.650000000000002,58.099999999999994,-23.65,6.260674307900832,17744.5,Antofagasta,Antofagasta
10.44,0.2,37.9,16.9,-23.45,37.900000000000006,-23.65,6.260674307900832,15765.9,Antofagasta,Antofagasta
14.23,26.7,352.3,19.9,3.0500000000000007,-7.7000000000000455,-23.65,6.260674307900832,23797.0,Antofagasta,Antofagasta
3.93,0.0,345.2,11.5,-23.65,-14.799999999999955,-23.65,6.260674307900832,6618.1,Antofagasta,Antofagasta
8.61,9.9,351.9,10.9,-13.749999999999998,-8.100000000000023,-23.65,6.260674307900832,15570.2,Antofagasta,Antofagasta
7.25,27.3,12.7,16.7,3.650000000000002,12.699999999999989,-23.65,6.260674307900832,12547.4,Antofagasta,Antofagasta
8.16,27.5,357.4,13.4,3.8500000000000014,-2.6000000000000227,-23.65,6.260674307900832,14776.3,Antofagasta,Antofagasta
3.55,14.4,350.1,10.7,-9.249999999999998,-9.899999999999977,-23.65,6.260674307900832,6528.9,Antofagasta,Antofagasta
3.74,18.0,36.7,14.8,-5.649999999999999,36.69999999999999,-23.65,6.260674307900832,6314.5,Antofagasta,Antofagasta
5.61,34.6,357.1,17.5,10.950000000000003,-2.8999999999999773,-23.65,6.260674307900832,9520.7,Antofagasta,Antofagasta
5.96,19.8,57.5,12.9,-3.849999999999998,57.5,-23.65,6.260674307900832,9521.1,Antofagasta,Antofagasta
7.56,41.6,2.3,13.4,17.950000000000003,2.3000000000000114,-23.65,6.260674307900832,13058.9,Antofagasta,Antofagasta
9.94,23.6,44.6,18.5,-0.04999999999999716,44.599999999999994,-23.65,6.260674307900832,15714.0,Antofagasta,Antofagasta
10.25,26.9,8.9,15.2,3.25,8.900000000000006,-23.65,6.260674307900832,18125.9,Antofagasta,Antofagasta
7.35,36.6,24.1,18.4,12.950000000000003,24.099999999999994,-23.65,6.260674307900832,11979.1,Antofagasta,Antofagasta
7.31,24.7,341.9,14.5,1.0500000000000007,-18.100000000000023,-23.65,6.260674307900832,12941.8,Antofagasta,Antofagasta
4.83,15.6,338.7,19.5,-8.049999999999999,-21.299999999999955,-23.65,6.260674307900832,7922.6,Antofagasta,Antofagasta
9.65,22.8,11.5,16.5,-0.8499999999999979,11.5,-23.65,6.260674307900832,16789.8,Antofagasta,Antofagasta
6.12,23.4,24.7,11.2,-0.25,24.69999999999999,-23.65,6.260674307900832,11129.9,Antofagasta,Antofagasta
2.47,12.7,1.0,18.9,-10.95,1.0,-23.65,6.260674307900832,4121.1,Antofagasta,Antofagasta
7.44,21.6,327.8,14.9,-2.049999999999997,-32.19999999999999,-23.65,6.260674307900832,12737.5,Antofagasta,Antofagasta
8.16,17.7,326.0,11.4,-5.949999999999999,-34.0,-23.65,6.260674307900832,14411.1,Antofagasta,Antofagasta
4.93,31.0,324.3,11.5,7.350000000000001,-35.69999999999999,-23.65,6.260674307900832,8631.2,Antofagasta,Antofagasta
9.44,23.9,315.8,16.9,0.25,-44.19999999999999,-23.65,6.260674307900832,15235.7,Antofagasta,Antofagasta
9.36,21.4,2.7,10.5,-2.25,2.6999999999999886,-23.65,6.260674307900832,17528.1,Antofagasta,Antofagasta
11.13,22.8,28.1,12.9,-0.8499999999999979,28.099999999999994,-23.65,6.260674307900832,19700.0,Antofagasta,Antofagasta
10.42,25.4,359.7,11.4,1.75,-0.2999999999999545,-23.65,6.260674307900832,19339.3,Antofagasta,Antofagasta
10.48,28.6,303.5,14.4,4.950000000000003,-56.5,-23.65,6.260674307900832,16494.5,Antofagasta,Antofagasta
6.11,15.7,355.2,14.1,-7.949999999999999,-4.7999999999999545,-23.65,6.260674307900832,10875.5,Antofagasta,Antofagasta
12.24,15.3,355.9,15.2,-8.349999999999998,-4.100000000000023,-23.65,6.260674307900832,21492.2,Antofagasta,Antofagasta
9.14,32.5,52.4,12.8,8.850000000000001,52.400000000000006,-23.65,6.260674307900832,14803.4,Antofagasta,Antofagasta
7.61,20.4,323.6,10.3,-3.25,-36.39999999999998,-23.65,6.260674307900832,13556.5,Antofagasta,Antofagasta
10.14,12.3,350.2,16.1,-11.349999999999998,-9.799999999999955,-23.65,6.260674307900832,17400.5,Antofagasta,Antofagasta
6.69,27.2,42.6,13.7,3.5500000000000007,42.599999999999994,-23.65,6.260674307900832,11239.0,Antofagasta,Antofagasta
8.67,27.4,11.2,16.5,3.75,11.199999999999989,-23.65,6.260674307900832,15052.6,Antofagasta,Antofagasta
3.41,44.0,343.0,18.5,10.549999999999997,-17.0,-33.45,5.276957402341123,4597.1,Santiago,Metropolitana
2.18,38.7,50.8,18.6,5.25,50.80000000000001,-33.45,5.276957402341123,2712.2,Santiago,Metropolitana
5.23,33.6,359.2,15.5,0.14999999999999858,-0.7999999999999545,-33.45,5.276957402341123,7509.4,Santiago,Metropolitana
7.94,29.8,25.7,13.4,-3.650000000000002,25.69999999999999,-33.45,5.276957402341123,11364.6,Santiago,Metropolitana
7.12,30.0,358.7,15.2,-3.450000000000003,-1.2999999999999545,-33.45,5.276957402341123,10253.5,Santiago,Metropolitana
12.53,36.1,359.2,12.9,2.6499999999999986,-0.7999999999999545,-33.45,5.276957402341123,18540.4,Santiago,Metropolitana
6.91,38.1,345.4,18.0,4.649999999999999,-14.600000000000023,-33.45,5.276957402341123,9529.7,Santiago,Metropolitana
8.9,26.2,3.0,15.0,-7.2500000000000036,3.0,-33.45,5.276957402341123,12754.0,Santiago,Metropolitana
9.72,33.7,7.9,19.3,0.25,7.900000000000006,-33.45,5.276957402341123,13308.3,Santiago,Metropolitana
2.28,17.2,340.4,16.2,-16.250000000000004,-19.600000000000023,-33.45,5.276957402341123,3078.0,Santiago,Metropolitana
8.7,35.1,356.9,15.1,1.6499999999999986,-3.1000000000000227,-33.45,5.276957402341123,12539.9,Santiago,Metropolitana
6.48,39.5,344.7,17.1,6.049999999999997,-15.299999999999955,-33.45,5.276957402341123,9006.2,Santiago,Metropolitana
7.48,31.2,57.5,15.0,-2.2500000000000036,57.5,-33.45,5.276957402341123,9464.0,Santiago,Metropolitana
3.3,48.0,357.8,19.0,14.549999999999997,-2.2000000000000455,-33.45,5.276957402341123,4402.0,Santiago,Metropolitana
12.18,26.4,38.6,11.8,-7.050000000000004,38.599999999999994,-33.45,5.276957402341123,17097.2,Santiago,Metropolitana
14.25,35.2,355.1,19.7,1.75,-4.899999999999977,-33.45,5.276957402341123,19426.5,Santiago,Metropolitana
2.29,33.2,6.5,18.1,-0.25,6.5,-33.45,5.276957402341123,3182.8,Santiago,Metropolitana
9.82,32.6,327.0,18.6,-0.8500000000000014,-33.0,-33.45,5.276957402341123,13027.5,Santiago,Metropolitana
11.93,32.5,348.8,14.8,-0.9500000000000028,-11.200000000000045,-33.45,5.276957402341123,17195.3,Santiago,Metropolitana
5.7,34.3,5.3,18.4,0.8499999999999943,5.300000000000011,-33.45,5.276957402341123,7906.8,Santiago,Metropolitana
12.24,40.2,39.7,13.1,6.75,39.69999999999999,-33.45,5.276957402341123,16901.2,Santiago,Metropolitana
10.22,44.5,5.5,17.6,11.049999999999997,5.5,-33.45,5.276957402341123,14038.1,Santiago,Metropolitana
14.08,33.4,34.6,11.4,-0.05000000000000426,34.599999999999994,-33.45,5.276957402341123,20253.1,Santiago,Metropolitana
14.75,40.0,16.0,13.1,6.549999999999997,16.0,-33.45,5.276957402341123,21457.3,Santiago,Metropolitana
2.55,27.8,40.7,14.5,-5.650000000000002,40.69999999999999,-33.45,5.276957402341123,3462.2,Santiago,Metropolitana
7.78,39.6,358.5,13.2,6.149999999999999,-1.5,-33.45,5.276957402341123,11420.8,Santiago,Metropolitana
9.11,27.4,59.8,13.9,-6.050000000000004,59.80000000000001,-33.45,5.276957402341123,11505.8,Santiago,Metropolitana
3.91,42.2,347.9,18.2,8.75,-12.100000000000023,-33.45,5.276957402341123,5342.8,Santiago,Metropolitana
6.37,51.1,340.8,12.6,17.65,-19.200000000000045,-33.45,5.276957402341123,8900.4,Santiago,Metropolitana
14.84,32.5,329.7,17.5,-0.9500000000000028,-30.30000000000001,-33.45,5.276957402341123,20106.9,Santiago,Metropolitana
2.21,15.9,58.3,10.7,-17.550000000000004,58.30000000000001,-33.45,5.276957402341123,2795.3,Santiago,Metropolitana
7.88,29.1,20.5,17.7,-4.350000000000001,20.5,-33.45,5.276957402341123,10830.4,Santiago,Metropolitana
12.95,43.3,351.6,17.9,9.849999999999994,-8.399999999999977,-33.45,5.276957402341123,17768.4,Santiago,Metropolitana
6.21,37.9,31.2,14.0,4.449999999999996,31.19999999999999,-33.45,5.276957402341123,8720.3,Santiago,Metropolitana
8.24,35.4,17.2,17.2,1.9499999999999957,17.19999999999999,-33.45,5.276957402341123,11458.4,Santiago,Metropolitana
14.71,41.5,49.2,19.2,8.049999999999997,49.19999999999999,-33.45,5.276957402341123,18216.3,Santiago,Metropolitana
8.17,37.3,321.3,18.0,3.8499999999999943,-38.69999999999999,-33.45,5.276957402341123,10728.5,Santiago,Metropolitana
3.7,43.2,353.4,13.9,9.75,-6.600000000000023,-33.45,5.276957402341123,5333.1,Santiago,Metropolitana
2.67,40.8,348.4,14.8,7.349999999999994,-11.600000000000023,-33.45,5.276957402341123,3818.8,Santiago,Metropolitana
14.29,45.6,310.7,17.8,12.149999999999999,-49.30000000000001,-33.45,5.276957402341123,17746.2,Santiago,Metropolitana
5.46,36.3,26.5,12.9,2.8499999999999943,26.5,-33.45,5.276957402341123,7853.4,Santiago,Metropolitana
8.55,40.7,353.2,18.0,7.25,-6.7999999999999545,-33.45,5.276957402341123,11805.5,Santiago,Metropolitana
3.18,31.0,18.5,13.3,-2.450000000000003,18.5,-33.45,5.276957402341123,4623.2,Santiago,Metropolitana
7.51,28.6,59.0,18.1,-4.850000000000001,59.0,-33.45,5.276957402341123,9073.4,Santiago,Metropolitana
14.09,47.1,351.2,10.9,13.649999999999999,-8.799999999999955,-33.45,5.276957402341123,20694.1,Santiago,Metropolitana
8.53,35.2,349.5,10.4,1.75,-10.5,-33.45,5.276957402341123,12932.5,Santiago,Metropolitana
14.62,39.9,3.0,20.0,6.449999999999996,3.0,-33.45,5.276957402341123,19770.3,Santiago,Metropolitana
5.36,34.4,24.7,18.7,0.9499999999999957,24.69999999999999,-33.45,5.276957402341123,7245.4,Santiago,Metropolitana
8.56,28.8,345.8,18.8,-4.650000000000002,-14.200000000000045,-33.45,5.276957402341123,11685.5,Santiago,Metropolitana
13.17,33.5,344.2,19.5,0.04999999999999716,-15.799999999999955,-33.45,5.276957402341123,17861.4,Santiago,Metropolitana
7.83,44.9,26.4,14.4,11.449999999999996,26.400000000000006,-33.45,5.276957402341123,10872.5,Santiago,Metropolitana
5.63,37.9,9.5,12.9,4.449999999999996,9.5,-33.45,5.276957402341123,8293.8,Santiago,Metropolitana
13.12,19.8,308.9,11.3,-13.650000000000002,-51.10000000000002,-33.45,5.276957402341123,17348.1,Santiago,Metropolitana
7.07,31.7,329.4,15.0,-1.7500000000000036,-30.600000000000023,-33.45,5.276957402341123,9848.9,Santiago,Metropolitana
8.9,47.7,37.5,12.2,14.25,37.5,-33.45,5.276957402341123,12194.0,Santiago,Metropolitana
14.69,31.7,10.0,19.4,-1.7500000000000036,10.0,-33.45,5.276957402341123,20066.7,Santiago,Metropolitana
4.42,19.0,340.9,10.0,-14.450000000000003,-19.100000000000023,-33.45,5.276957402341123,6465.3,Santiago,Metropolitana
5.92,48.6,355.7,11.4,15.149999999999999,-4.2999999999999545,-33.45,5.276957402341123,8598.4,Santiago,Metropolitana
2.4,38.9,0.3,12.5,5.449999999999996,0.30000000000001137,-33.45,5.276957402341123,3562.3,Santiago,Metropolitana
7.09,32.9,18.4,12.0,-0.5500000000000043,18.400000000000006,-33.45,5.276957402341123,10480.5,Santiago,Metropolitana
4.6,30.5,326.0,12.3,-2.950000000000003,-34.0,-33.45,5.276957402341123,6559.3,Santiago,Metropolitana
10.84,42.1,339.0,16.6,8.649999999999999,-21.0,-33.45,5.276957402341123,14951.8,Santiago,Metropolitana
4.36,29.1,6.8,13.3,-4.350000000000001,6.800000000000011,-33.45,5.276957402341123,6396.4,Santiago,Metropolitana
10.77,42.6,357.5,16.2,9.149999999999999,-2.5,-33.45,5.276957402341123,15160.5,Santiago,Metropolitana
5.43,37.8,14.3,18.9,4.349999999999994,14.300000000000011,-33.45,5.276957402341123,7402.7,Santiago,Metropolitana
6.62,35.4,329.3,16.0,1.9499999999999957,-30.69999999999999,-33.45,5.276957402341123,9107.4,Santiago,Metropolitana
6.54,34.6,8.9,16.9,1.1499999999999986,8.900000000000006,-33.45,5.276957402341123,9200.6,Santiago,Metropolitana
11.32,32.1,27.3,13.7,-1.3500000000000014,27.30000000000001,-33.45,5.276957402341123,16145.0,Santiago,Metropolitana
8.06,41.8,12.2,11.6,8.349999999999994,12.199999999999989,-33.45,5.276957402341123,11927.6,Santiago,Metropolitana
6.7,26.5,3.5,13.2,-6.950000000000003,3.5,-33.45,5.276957402341123,9808.2,Santiago,Metropolitana
13.08,20.5,357.6,19.6,-12.950000000000003,-2.3999999999999773,-33.45,5.276957402341123,17419.8,Santiago,Metropolitana
9.44,38.4,339.1,16.2,4.949999999999996,-20.899999999999977,-33.45,5.276957402341123,13172.5,Santiago,Metropolitana
4.78,38.5,358.2,12.8,5.049999999999997,-1.7999999999999545,-33.45,5.276957402341123,7061.7,Santiago,Metropolitana
13.7,37.3,31.5,14.5,3.8499999999999943,31.5,-33.45,5.276957402341123,19129.0,Santiago,Metropolitana
6.45,36.7,357.0,18.4,3.25,-3.0,-33.45,5.276957402341123,8944.2,Santiago,Metropolitana
2.51,30.9,337.8,16.7,-2.5500000000000043,-22.200000000000045,-33.45,5.276957402341123,3481.5,Santiago,Metropolitana
8.43,39.7,347.7,15.6,6.25,-12.299999999999955,-33.45,5.276957402341123,11956.1,Santiago,Metropolitana
3.61,33.1,5.0,18.9,-0.3500000000000014,5.0,-33.45,5.276957402341123,4978.6,Santiago,Metropolitana
5.1,29.6,350.7,16.7,-3.8500000000000014,-9.299999999999955,-33.45,5.276957402341123,7182.0,Santiago,Metropolitana
11.71,31.0,12.1,16.4,-2.450000000000003,12.099999999999994,-33.45,5.276957402341123,16537.3,Santiago,Metropolitana
3.7,49.6,13.1,11.9,16.15,13.099999999999994,-33.45,5.276957402341123,5289.5,Santiago,Metropolitana
12.49,19.6,22.2,11.1,-13.850000000000001,22.19999999999999,-33.45,5.276957402341123,17995.5,Santiago,Metropolitana
14.18,37.4,35.6,19.7,3.9499999999999957,35.599999999999994,-33.45,5.276957402341123,18403.5,Santiago,Metropolitana
9.88,20.0,24.9,16.0,-13.450000000000003,24.900000000000006,-33.45,5.276957402341123,13413.3,Santiago,Metropolitana
11.23,32.6,336.6,14.2,-0.8500000000000014,-23.399999999999977,-33.45,5.276957402341123,16059.6,Santiago,Metropolitana
11.28,30.0,337.4,15.9,-3.450000000000003,-22.600000000000023,-33.45,5.276957402341123,15788.4,Santiago,Metropolitana
14.91,16.8,358.1,10.6,-16.650000000000002,-1.8999999999999773,-33.45,5.276957402341123,21701.9,Santiago,Metropolitana
6.44,36.6,348.7,18.2,3.1499999999999986,-11.299999999999955,-33.45,5.276957402341123,8899.8,Santiago,Metropolitana
4.12,30.4,331.5,12.2,-3.0500000000000043,-28.5,-33.45,5.276957402341123,5952.7,Santiago,Metropolitana
8.75,16.7,349.0,18.0,-16.750000000000004,-11.0,-33.45,5.276957402341123,11619.7,Santiago,Metropolitana
8.93,40.2,348.1,15.3,6.75,-11.899999999999977,-33.45,5.276957402341123,12702.8,Santiago,Metropolitana
4.31,44.9,343.2,12.8,11.449999999999996,-16.799999999999955,-33.45,5.276957402341123,6202.9,Santiago,Metropolitana
9.97,45.4,352.1,10.3,11.949999999999996,-7.899999999999977,-33.45,5.276957402341123,14845.6,Santiago,Metropolitana
2.18,36.3,29.5,18.2,2.8499999999999943,29.5,-33.45,5.276957402341123,2935.6,Santiago,Metropolitana
14.06,33.8,5.0,11.8,0.3499999999999943,5.0,-33.45,5.276957402341123,21076.6,Santiago,Metropolitana
5.44,44.1,61.8,10.5,10.649999999999999,61.80000000000001,-33.45,5.276957402341123,6980.9,Santiago,Metropolitana
2.51,46.9,4.3,17.6,13.449999999999996,4.300000000000011,-33.45,5.276957402341123,3425.8,Santiago,Metropolitana
3.41,42.5,352.7,13.5,9.049999999999997,-7.2999999999999545,-33.45,5.276957402341123,4939.5,Santiago,Metropolitana
5.12,25.9,0.1,13.9,-7.550000000000004,0.09999999999999432,-33.45,5.276957402341123,7437.4,Santiago,Metropolitana
5.56,35.1,6.4,12.5,1.6499999999999986,6.400000000000006,-33.45,5.276957402341123,8261.1,Santiago,Metropolitana
2.43,37.0,10.9,18.6,3.549999999999997,10.900000000000006,-33.45,5.276957402341123,3337.9,Santiago,Metropolitana
5.63,19.0,51.9,13.0,-14.450000000000003,51.900000000000006,-33.45,5.276957402341123,7255.8,Santiago,Metropolitana
4.51,37.2,338.9,12.1,3.75,-21.100000000000023,-33.45,5.276957402341123,6610.4,Santiago,Metropolitana
6.92,51.6,21.5,13.1,18.15,21.5,-33.45,5.276957402341123,9549.4,Santiago,Metropolitana
7.01,38.6,5.2,12.0,5.149999999999999,5.199999999999989,-33.45,5.276957402341123,10430.1,Santiago,Metropolitana
6.41,45.2,320.7,13.2,11.75,-39.30000000000001,-33.45,5.276957402341123,8722.0,Santiago,Metropolitana
6.26,34.9,19.3,10.8,1.4499999999999957,19.30000000000001,-33.45,5.276957402341123,9360.5,Santiago,Metropolitana
3.17,32.9,31.7,11.6,-0.5500000000000043,31.69999999999999,-33.45,5.276957402341123,4579.9,Santiago,Metropolitana
2.33,36.5,338.6,14.2,3.049999999999997,-21.399999999999977,-33.45,5.276957402341123,3333.5,Santiago,Metropolitana
4.63,26.9,359.8,18.8,-6.550000000000004,-0.20000000000004547,-33.45,5.276957402341123,6349.0,Santiago,Metropolitana
11.84,25.7,316.9,10.6,-7.7500000000000036,-43.10000000000002,-33.45,5.276957402341123,16589.2,Santiago,Metropolitana
14.88,43.6,328.5,12.1,10.149999999999999,-31.5,-33.45,5.276957402341123,21070.1,Santiago,Metropolitana
14.07,44.4,26.2,19.1,10.949999999999996,26.19999999999999,-33.45,5.276957402341123,18513.3,Santiago,Metropolitana
8.55,25.5,348.3,18.9,-7.950000000000003,-11.700000000000045,-33.45,5.276957402341123,11625.5,Santiago,Metropolitana
8.91,41.2,332.3,16.8,7.75,-27.700000000000045,-33.45,5.276957402341123,12133.9,Santiago,Metropolitana
6.09,32.8,5.7,12.4,-0.6500000000000057,5.699999999999989,-33.45,5.276957402341123,9059.3,Santiago,Metropolitana
12.06,36.2,346.9,14.2,2.75,-13.100000000000023,-33.45,5.276957402341123,17465.2,Santiago,Metropolitana
11.94,37.1,348.2,12.1,3.6499999999999986,-11.799999999999955,-33.45,5.276957402341123,17717.8,Santiago,Metropolitana
12.98,41.4,18.5,11.3,7.949999999999996,18.5,-33.45,5.276957402341123,19135.8,Santiago,Metropolitana
13.64,34.1,331.0,13.8,0.6499999999999986,-29.0,-33.45,5.276957402341123,19357.2,Santiago,Metropolitana
7.65,44.7,337.4,15.8,11.25,-22.600000000000023,-33.45,5.276957402341123,10534.0,Santiago,Metropolitana
11.97,35.9,3.9,13.6,2.4499999999999957,3.9000000000000057,-33.45,5.276957402341123,17560.6,Santiago,Metropolitana
12.48,38.4,24.2,16.1,4.949999999999996,24.19999999999999,-33.45,5.276957402341123,17346.4,Santiago,Metropolitana
6.01,26.8,31.0,13.0,-6.650000000000002,31.0,-33.45,5.276957402341123,8515.2,Santiago,Metropolitana
14.08,50.7,343.4,13.5,17.25,-16.600000000000023,-33.45,5.276957402341123,19580.0,Santiago,Metropolitana
3.23,37.2,23.4,17.9,3.75,23.400000000000006,-33.45,5.276957402341123,4401.0,Santiago,Metropolitana
14.93,39.2,340.4,18.8,5.75,-19.600000000000023,-33.45,5.276957402341123,20213.2,Santiago,Metropolitana
12.01,20.6,45.7,13.2,-12.850000000000001,45.69999999999999,-33.45,5.276957402341123,15927.3,Santiago,Metropolitana
3.21,26.9,331.7,15.7,-6.550000000000004,-28.30000000000001,-33.45,5.276957402341123,4435.1,Santiago,Metropolitana
10.53,43.4,33.2,12.8,9.949999999999996,33.19999999999999,-33.45,5.276957402341123,14745.4,Santiago,Metropolitana
2.44,35.7,343.6,10.5,2.25,-16.399999999999977,-33.45,5.276957402341123,3677.9,Santiago,Metropolitana
12.01,18.1,50.3,17.4,-15.350000000000001,50.30000000000001,-33.45,5.276957402341123,14734.0,Santiago,Metropolitana
12.39,41.8,14.8,11.7,8.349999999999994,14.800000000000011,-33.45,5.276957402341123,18254.8,Santiago,Metropolitana
9.83,29.1,334.6,14.3,-4.350000000000001,-25.399999999999977,-33.45,5.276957402341123,13944.5,Santiago,Metropolitana
13.14,44.7,346.9,14.9,11.25,-13.100000000000023,-33.45,5.276957402341123,18532.7,Santiago,Metropolitana
3.27,32.7,19.5,11.8,-0.75,19.5,-33.45,5.276957402341123,4834.6,Santiago,Metropolitana
5.59,35.1,26.3,10.9,1.6499999999999986,26.30000000000001,-33.45,5.276957402341123,8235.8,Santiago,Metropolitana
7.38,42.9,358.2,13.5,9.449999999999996,-1.7999999999999545,-33.45,5.276957402341123,10716.8,Santiago,Metropolitana
2.55,26.3,1.1,19.5,-7.150000000000002,1.0999999999999943,-33.45,5.276957402341123,3465.0,Santiago,Metropolitana
7.83,25.5,19.0,16.2,-7.950000000000003,19.0,-33.45,5.276957402341123,10902.5,Santiago,Metropolitana
5.45,31.9,3.3,13.8,-1.5500000000000043,3.3000000000000114,-33.45,5.276957402341123,7978.4,Santiago,Metropolitana
7.11,40.1,327.7,10.4,6.649999999999999,-32.30000000000001,-33.45,5.276957402341123,10330.7,Santiago,Metropolitana
7.53,22.8,339.7,16.0,-10.650000000000002,-20.299999999999955,-33.45,5.276957402341123,10400.2,Santiago,Metropolitana
13.43,20.1,5.9,10.9,-13.350000000000001,5.900000000000006,-33.45,5.276957402341123,19772.6,Santiago,Metropolitana
5.51,40.0,30.4,15.4,6.549999999999997,30.400000000000006,-33.45,5.276957402341123,7603.5,Santiago,Metropolitana
13.62,28.6,40.4,17.5,-4.850000000000001,40.400000000000006,-33.45,5.276957402341123,17864.0,Santiago,Metropolitana
7.54,30.3,19.5,14.2,-3.150000000000002,19.5,-33.45,5.276957402341123,10818.8,Santiago,Metropolitana
6.26,18.6,7.2,13.0,-14.850000000000001,7.199999999999989,-33.45,5.276957402341123,8937.4,Santiago,Metropolitana
8.53,28.0,18.7,10.5,-5.450000000000003,18.69999999999999,-33.45,5.276957402341123,12760.3,Santiago,Metropolitana
7.43,33.4,343.3,10.2,-0.05000000000000426,-16.700000000000045,-33.45,5.276957402341123,11221.8,Santiago,Metropolitana
5.35,40.9,356.2,14.3,7.449999999999996,-3.7999999999999545,-33.45,5.276957402341123,7721.1,Santiago,Metropolitana
8.53,27.3,339.4,18.8,-6.150000000000002,-20.600000000000023,-33.45,5.276957402341123,11523.7,Santiago,Metropolitana
3.97,46.7,328.8,12.4,13.25,-31.19999999999999,-33.45,5.276957402341123,5546.5,Santiago,Metropolitana
6.58,28.0,8.3,15.7,-5.450000000000003,8.300000000000011,-33.45,5.276957402341123,9353.7,Santiago,Metropolitana
9.36,28.0,4.6,16.8,-5.450000000000003,4.599999999999994,-33.45,5.276957402341123,13159.0,Santiago,Metropolitana
7.37,45.7,17.2,10.6,12.25,17.19999999999999,-33.45,5.276957402341123,10830.1,Santiago,Metropolitana
12.71,35.1,13.7,11.5,1.6499999999999986,13.699999999999989,-33.45,5.276957402341123,18979.7,Santiago,Metropolitana
5.34,29.0,6.1,13.3,-4.450000000000003,6.099999999999994,-33.45,5.276957402341123,7834.0,Santiago,Metropolitana
14.61,32.2,13.9,16.7,-1.25,13.900000000000006,-33.45,5.276957402341123,20534.9,Santiago,Metropolitana
12.2,44.3,358.9,14.4,10.849999999999994,-1.1000000000000227,-33.45,5.276957402341123,17446.9,Santiago,Metropolitana
14.58,45.2,10.3,17.3,11.75,10.300000000000011,-33.45,5.276957402341123,19983.8,Santiago,Metropolitana
12.9,26.9,341.8,18.7,-6.550000000000004,-18.200000000000045,-33.45,5.276957402341123,17497.1,Santiago,Metropolitana
3.85,33.1,9.2,17.6,-0.3500000000000014,9.199999999999989,-33.45,5.276957402341123,5374.7,Santiago,Metropolitana
8.84,34.2,16.7,19.9,0.75,16.69999999999999,-33.45,5.276957402341123,11914.9,Santiago,Metropolitana
4.21,25.6,343.3,17.5,-7.850000000000001,-16.700000000000045,-33.45,5.276957402341123,5784.9,Santiago,Metropolitana
12.64,33.0,1.3,18.5,-0.45000000000000284,1.3000000000000114,-33.45,5.276957402341123,17508.3,Santiago,Metropolitana
9.59,33.5,344.4,18.3,0.04999999999999716,-15.600000000000023,-33.45,5.276957402341123,13203.0,Santiago,Metropolitana
5.42,42.6,346.8,17.3,9.149999999999999,-13.200000000000045,-33.45,5.276957402341123,7483.1,Santiago,Metropolitana
14.08,43.1,331.9,18.0,9.649999999999999,-28.100000000000023,-33.45,5.276957402341123,18778.3,Santiago,Metropolitana
3.5,30.8,31.6,19.3,-2.650000000000002,31.599999999999994,-33.45,5.276957402341123,4610.4,Santiago,Metropolitana
9.33,31.7,26.6,14.8,-1.7500000000000036,26.599999999999994,-33.45,5.276957402341123,13156.4,Santiago,Metropolitana
11.37,38.8,13.4,16.4,5.349999999999994,13.400000000000006,-33.45,5.276957402341123,15993.0,Santiago,Metropolitana
2.77,28.8,49.3,15.1,-4.650000000000002,49.30000000000001,-33.45,5.276957402341123,3614.1,Santiago,Metropolitana
9.77,38.2,355.3,18.5,4.75,-4.7000000000000455,-33.45,5.276957402341123,13485.1,Santiago,Metropolitana
12.61,32.7,75.8,14.3,-0.75,75.80000000000001,-33.45,5.276957402341123,14495.2,Santiago,Metropolitana
2.88,25.7,354.3,18.2,-7.7500000000000036,-5.7000000000000455,-33.45,5.276957402341123,3962.0,Santiago,Metropolitana
8.66,25.8,6.4,18.0,-7.650000000000002,6.400000000000006,-33.45,5.276957402341123,11949.9,Santiago,Metropolitana
5.36,45.0,350.1,19.6,11.549999999999997,-9.899999999999977,-33.45,5.276957402341123,7152.5,Santiago,Metropolitana
10.62,32.2,9.3,12.5,-1.25,9.300000000000011,-33.45,5.276957402341123,15746.0,Santiago,Metropolitana
3.54,46.6,20.9,17.1,13.149999999999999,20.900000000000006,-33.45,5.276957402341123,4783.8,Santiago,Metropolitana
14.18,29.3,357.2,17.6,-4.150000000000002,-2.7999999999999545,-33.45,5.276957402341123,19822.9,Santiago,Metropolitana
13.63,35.8,44.4,19.4,2.3499999999999943,44.400000000000006,-33.45,5.276957402341123,17291.9,Santiago,Metropolitana
4.42,52.6,6.0,19.1,19.15,6.0,-33.45,5.276957402341123,5736.1,Santiago,Metropolitana
6.2,25.0,6.8,15.7,-8.450000000000003,6.800000000000011,-33.45,5.276957402341123,8776.2,Santiago,Metropolitana
9.64,18.3,337.3,15.8,-15.150000000000002,-22.700000000000045,-33.45,5.276957402341123,13061.0,Santiago,Metropolitana
11.33,43.7,10.5,11.7,10.25,10.5,-33.45,5.276957402341123,16682.2,Santiago,Metropolitana
7.75,26.8,356.6,19.7,-6.650000000000002,-3.3999999999999773,-33.45,5.276957402341123,10508.0,Santiago,Metropolitana
4.03,33.3,344.8,12.6,-0.15000000000000568,-15.200000000000045,-33.45,5.276957402341123,5943.2,Santiago,Metropolitana
3.35,28.8,340.6,17.2,-4.650000000000002,-19.399999999999977,-33.45,5.276957402341123,4636.9,Santiago,Metropolitana
15.0,35.6,66.8,18.0,2.1499999999999986,66.80000000000001,-33.45,5.276957402341123,17456.6,Santiago,Metropolitana
7.92,25.8,353.4,14.4,-7.650000000000002,-6.600000000000023,-33.45,5.276957402341123,11406.8,Santiago,Metropolitana
13.34,32.0,323.6,12.1,-1.4500000000000028,-36.39999999999998,-33.45,5.276957402341123,18937.6,Santiago,Metropolitana
8.27,37.0,342.5,11.9,3.549999999999997,-17.5,-33.45,5.276957402341123,12225.5,Santiago,Metropolitana
13.99,25.4,358.7,18.6,-8.050000000000004,-1.2999999999999545,-33.45,5.276957402341123,19182.5,Santiago,Metropolitana
3.14,27.8,13.7,15.1,-5.650000000000002,13.699999999999989,-33.45,5.276957402341123,4480.7,Santiago,Metropolitana
3.48,30.7,13.9,10.9,-2.7500000000000036,13.900000000000006,-33.45,5.276957402341123,5231.6,Santiago,Metropolitana
14.09,22.0,16.9,17.2,-11.450000000000003,16.900000000000006,-33.45,5.276957402341123,19235.5,Santiago,Metropolitana
14.32,30.1,343.9,12.5,-3.3500000000000014,-16.100000000000023,-33.45,5.276957402341123,21057.1,Santiago,Metropolitana
6.09,34.4,8.5,18.8,0.9499999999999957,8.5,-33.45,5.276957402341123,8390.8,Santiago,Metropolitana
6.62,30.3,338.1,13.1,-3.150000000000002,-21.899999999999977,-33.45,5.276957402341123,9586.4,Santiago,Metropolitana
7.88,31.3,344.5,12.0,-2.150000000000002,-15.5,-33.45,5.276957402341123,11679.0,Santiago,Metropolitana
7.41,33.3,337.1,10.8,-0.15000000000000568,-22.899999999999977,-33.45,5.276957402341123,11010.1,Santiago,Metropolitana
4.47,28.2,330.3,15.1,-5.2500000000000036,-29.69999999999999,-33.45,5.276957402341123,6211.7,Santiago,Metropolitana
13.68,39.0,26.6,14.5,5.549999999999997,26.599999999999994,-33.45,5.276957402341123,19263.9,Santiago,Metropolitana
5.29,44.9,17.2,17.5,11.449999999999996,17.19999999999999,-33.45,5.276957402341123,7194.2,Santiago,Metropolitana
11.17,29.7,24.4,14.6,-3.7500000000000036,24.400000000000006,-33.45,5.276957402341123,15811.6,Santiago,Metropolitana
2.87,37.3,1.0,13.4,3.8499999999999943,1.0,-33.45,5.276957402341123,4219.4,Santiago,Metropolitana
2.5,31.5,19.4,12.6,-1.9500000000000028,19.400000000000006,-33.45,5.276957402341123,3665.3,Santiago,Metropolitana
10.5,36.4,316.0,12.8,2.9499999999999957,-44.0,-33.45,5.276957402341123,14417.5,Santiago,Metropolitana
6.41,46.0,21.6,19.3,12.549999999999997,21.599999999999994,-33.45,5.276957402341123,8434.4,Santiago,Metropolitana
10.52,37.5,4.4,11.7,4.049999999999997,4.400000000000006,-33.45,5.276957402341123,15755.8,Santiago,Metropolitana
3.22,19.3,15.7,19.9,-14.150000000000002,15.699999999999989,-33.45,5.276957402341123,4216.6,Santiago,Metropolitana
14.35,37.1,9.5,13.3,3.6499999999999986,9.5,-33.45,5.276957402341123,21047.5,Santiago,Metropolitana
11.73,43.3,335.3,10.9,9.849999999999994,-24.700000000000045,-33.45,5.276957402341123,17110.7,Santiago,Metropolitana
13.39,31.7,322.5,12.5,-1.7500000000000036,-37.5,-33.45,5.276957402341123,18865.9,Santiago,Metropolitana
3.77,41.4,342.2,10.6,7.949999999999996,-17.799999999999955,-33.45,5.276957402341123,5615.1,Santiago,Metropolitana
6.16,27.9,14.1,17.9,-5.550000000000004,14.099999999999994,-33.45,5.276957402341123,8498.6,Santiago,Metropolitana
6.79,21.6,17.3,15.1,-11.850000000000001,17.30000000000001,-33.45,5.276957402341123,9479.8,Santiago,Metropolitana
8.98,34.6,325.8,13.4,1.1499999999999986,-34.19999999999999,-33.45,5.276957402341123,12646.9,Santiago,Metropolitana
5.86,19.4,335.5,16.6,-14.050000000000004,-24.5,-33.45,5.276957402341123,7875.7,Santiago,Metropolitana
2.79,31.5,341.9,16.3,-1.9500000000000028,-18.100000000000023,-33.45,5.276957402341123,3916.9,Santiago,Metropolitana
6.8,43.7,351.1,19.4,10.25,-8.899999999999977,-33.45,5.276957402341123,9136.7,Santiago,Metropolitana
5.31,18.2,325.9,19.6,-15.250000000000004,-34.10000000000002,-33.45,5.276957402341123,6694.6,Santiago,Metropolitana
7.02,23.2,324.4,16.8,-10.250000000000004,-35.60000000000002,-33.45,5.276957402341123,9303.1,Santiago,Metropolitana
4.56,25.2,339.5,18.2,-8.250000000000004,-20.5,-33.45,5.276957402341123,6179.3,Santiago,Metropolitana
5.4,32.9,2.2,17.9,-0.5500000000000043,2.1999999999999886,-33.45,5.276957402341123,7542.1,Santiago,Metropolitana
10.15,30.5,330.5,14.9,-2.950000000000003,-29.5,-33.45,5.276957402341123,14184.5,Santiago,Metropolitana
7.05,44.6,357.1,17.0,11.149999999999999,-2.8999999999999773,-33.45,5.276957402341123,9747.9,Santiago,Metropolitana
6.49,41.1,26.5,10.8,7.649999999999999,26.5,-33.45,5.276957402341123,9500.4,Santiago,Metropolitana
8.94,37.4,327.5,17.6,3.9499999999999957,-32.5,-33.45,5.276957402341123,12000.9,Santiago,Metropolitana
12.03,34.6,354.8,19.6,1.1499999999999986,-5.2000000000000455,-33.45,5.276957402341123,16430.3,Santiago,Metropolitana
6.93,36.6,25.6,10.8,3.1499999999999986,25.599999999999994,-33.45,5.276957402341123,10222.6,Santiago,Metropolitana
9.64,26.6,349.5,18.4,-6.850000000000001,-10.5,-33.45,5.276957402341123,13228.5,Santiago,Metropolitana
14.56,40.3,345.7,19.3,6.849999999999994,-14.299999999999955,-33.45,5.276957402341123,19677.4,Santiago,Metropolitana
8.79,24.6,29.1,12.3,-8.850000000000001,29.099999999999994,-33.45,5.276957402341123,12536.3,Santiago,Metropolitana
13.83,40.1,352.3,15.2,6.649999999999999,-7.7000000000000455,-33.45,5.276957402341123,19749.7,Santiago,Metropolitana
12.32,42.9,27.6,19.3,9.449999999999996,27.599999999999994,-33.45,5.276957402341123,16195.9,Santiago,Metropolitana
2.76,35.1,10.7,19.6,1.6499999999999986,10.699999999999989,-33.45,5.276957402341123,3760.0,Santiago,Metropolitana
7.58,32.0,351.4,11.3,-1.4500000000000028,-8.600000000000023,-33.45,5.276957402341123,11398.6,Santiago,Metropolitana
11.08,36.7,12.0,13.5,3.25,12.0,-33.45,5.276957402341123,16183.5,Santiago,Metropolitana
14.83,10.6,8.0,17.0,-22.85,8.0,-33.45,5.276957402341123,19237.5,Santiago,Metropolitana
7.96,35.9,25.5,12.2,2.4499999999999957,25.5,-33.45,5.276957402341123,11577.7,Santiago,Metropolitana
3.21,32.5,346.3,13.2,-0.9500000000000028,-13.700000000000045,-33.45,5.276957402341123,4695.8,Santiago,Metropolitana
9.31,33.0,1.0,10.2,-0.45000000000000284,1.0,-33.45,5.276957402341123,14205.6,Santiago,Metropolitana
3.65,39.1,358.5,11.5,5.649999999999999,-1.5,-33.45,5.276957402341123,5457.0,Santiago,Metropolitana
11.77,32.9,17.6,15.6,-0.5500000000000043,17.599999999999994,-33.45,5.276957402341123,16688.7,Santiago,Metropolitana
8.6,24.3,334.4,16.5,-9.150000000000002,-25.600000000000023,-33.45,5.276957402341123,11752.6,Santiago,Metropolitana
11.4,32.3,25.4,16.5,-1.1500000000000057,25.400000000000006,-33.45,5.276957402341123,15796.6,Santiago,Metropolitana
13.3,34.0,11.7,17.8,0.5499999999999972,11.699999999999989,-33.45,5.276957402341123,18501.1,Santiago,Metropolitana
10.18,34.4,327.1,14.2,0.9499999999999957,-32.89999999999998,-33.45,5.276957402341123,14245.8,Santiago,Metropolitana
9.96,34.7,30.2,12.7,1.25,30.19999999999999,-33.45,5.276957402341123,14269.2,Santiago,Metropolitana
11.81,41.8,55.9,10.2,8.349999999999994,55.900000000000006,-33.45,5.276957402341123,15774.8,Santiago,Metropolitana
12.95,24.8,25.0,12.1,-8.650000000000002,25.0,-33.45,5.276957402341123,18690.5,Santiago,Metropolitana
13.3,34.9,35.7,13.1,1.4499999999999957,35.69999999999999,-33.45,5.276957402341123,18696.2,Santiago,Metropolitana
2.47,43.8,2.1,11.8,10.349999999999994,2.0999999999999943,-33.45,5.276957402341123,3650.3,Santiago,Metropolitana
9.23,19.6,318.5,10.2,-13.850000000000001,-41.5,-33.45,5.276957402341123,12795.3,Santiago,Metropolitana
4.81,34.9,313.9,11.6,1.4499999999999957,-46.10000000000002,-33.45,5.276957402341123,6655.5,Santiago,Metropolitana
13.18,28.8,6.4,16.7,-4.650000000000002,6.400000000000006,-33.45,5.276957402341123,18594.7,Santiago,Metropolitana
10.43,30.5,345.2,16.3,-2.950000000000003,-14.799999999999955,-33.45,5.276957402341123,14702.3,Santiago,Metropolitana
7.46,26.2,337.1,19.4,-7.2500000000000036,-22.899999999999977,-33.45,5.276957402341123,9951.7,Santiago,Metropolitana
4.45,32.1,358.4,18.0,-1.3500000000000014,-1.6000000000000227,-33.45,5.276957402341123,6198.1,Santiago,Metropolitana
6.41,48.2,15.4,15.7,14.75,15.400000000000006,-33.45,5.276957402341123,8806.0,Santiago,Metropolitana
11.15,23.3,323.7,11.4,-10.150000000000002,-36.30000000000001,-33.45,5.276957402341123,15718.2,Santiago,Metropolitana
4.66,24.1,348.8,15.6,-9.350000000000001,-11.200000000000045,-33.45,5.276957402341123,6560.1,Santiago,Metropolitana
3.22,23.0,37.7,10.6,-10.450000000000003,37.69999999999999,-33.45,5.276957402341123,4550.3,Santiago,Metropolitana
13.54,47.3,333.1,14.3,13.849999999999994,-26.899999999999977,-33.45,5.276957402341123,18641.4,Santiago,Metropolitana
11.93,29.8,21.7,13.9,-3.650000000000002,21.69999999999999,-33.45,5.276957402341123,17125.1,Santiago,Metropolitana
4.6,33.2,347.9,14.3,-0.25,-12.100000000000023,-33.45,5.276957402341123,6664.4,Santiago,Metropolitana
5.8,30.2,13.6,12.8,-3.2500000000000036,13.599999999999994,-33.45,5.276957402341123,8526.8,Santiago,Metropolitana
14.64,25.9,27.4,16.9,-7.550000000000004,27.400000000000006,-33.45,5.276957402341123,19930.5,Santiago,Metropolitana
11.21,31.6,18.5,18.4,-1.8500000000000014,18.5,-33.45,5.276957402341123,15338.0,Santiago,Metropolitana
9.94,53.1,22.7,17.7,19.65,22.69999999999999,-33.45,5.276957402341123,12841.8,Santiago,Metropolitana
6.0,44.6,331.2,16.3,11.149999999999999,-28.80000000000001,-33.45,5.276957402341123,8117.6,Santiago,Metropolitana
5.89,26.6,27.8,15.4,-6.850000000000001,27.80000000000001,-33.45,5.276957402341123,8166.5,Santiago,Metropolitana
2.51,38.6,338.7,10.3,5.149999999999999,-21.299999999999955,-33.45,5.276957402341123,3752.6,Santiago,Metropolitana
11.47,26.8,6.5,17.2,-6.650000000000002,6.5,-33.45,5.276957402341123,16011.1,Santiago,Metropolitana
2.56,19.2,6.5,15.4,-14.250000000000004,6.5,-33.45,5.276957402341123,3564.4,Santiago,Metropolitana
2.06,41.6,12.1,12.7,8.149999999999999,12.099999999999994,-33.45,5.276957402341123,3014.8,Santiago,Metropolitana
11.48,42.7,8.4,13.3,9.25,8.400000000000006,-33.45,5.276957402341123,16668.8,Santiago,Metropolitana
14.34,41.8,338.9,19.4,8.349999999999994,-21.100000000000023,-33.45,5.276957402341123,19122.0,Santiago,Metropolitana
11.83,29.7,326.3,16.2,-3.7500000000000036,-33.69999999999999,-33.45,5.276957402341123,16096.3,Santiago,Metropolitana
8.13,32.1,21.8,14.8,-1.3500000000000014,21.80000000000001,-33.45,5.276957402341123,11571.3,Santiago,Metropolitana
8.32,39.4,4.6,16.2,5.949999999999996,4.599999999999994,-33.45,5.276957402341123,11779.0,Santiago,Metropolitana
7.67,36.6,28.7,14.1,3.1499999999999986,28.69999999999999,-33.45,5.276957402341123,10832.8,Santiago,Metropolitana
6.22,30.3,358.9,14.7,-3.150000000000002,-1.1000000000000227,-33.45,5.276957402341123,9009.1,Santiago,Metropolitana
8.78,20.5,324.9,12.9,-12.950000000000003,-35.10000000000002,-33.45,5.276957402341123,12086.0,Santiago,Metropolitana
7.6,34.4,24.2,14.4,0.9499999999999957,24.19999999999999,-33.45,5.276957402341123,10824.5,Santiago,Metropolitana
9.78,42.1,350.7,16.9,8.649999999999999,-9.299999999999955,-33.45,5.276957402341123,13621.8,Santiago,Metropolitana
13.68,23.9,8.6,10.4,-9.550000000000004,8.599999999999994,-33.45,5.276957402341123,20490.3,Santiago,Metropolitana
14.94,38.6,343.8,18.0,5.149999999999999,-16.200000000000045,-33.45,5.276957402341123,20550.0,Santiago,Metropolitana
3.02,36.1,41.1,12.8,2.6499999999999986,41.099999999999994,-33.45,5.276957402341123,4192.5,Santiago,Metropolitana
7.0,39.5,338.1,16.8,6.049999999999997,-21.899999999999977,-33.45,5.276957402341123,9668.7,Santiago,Metropolitana
4.35,40.4,351.6,16.4,6.949999999999996,-8.399999999999977,-33.45,5.276957402341123,6118.8,Santiago,Metropolitana
6.58,27.9,2.7,16.5,-5.550000000000004,2.6999999999999886,-33.45,5.276957402341123,9290.8,Santiago,Metropolitana
5.74,20.5,332.7,16.1,-12.950000000000003,-27.299999999999955,-33.45,5.276957402341123,7754.4,Santiago,Metropolitana
4.27,29.2,8.3,19.6,-4.2500000000000036,8.300000000000011,-33.45,5.276957402341123,5806.2,Santiago,Metropolitana
11.93,40.6,40.3,15.1,7.149999999999999,40.30000000000001,-33.45,5.276957402341123,16053.2,Santiago,Metropolitana
8.45,29.1,347.7,17.3,-4.350000000000001,-12.299999999999955,-33.45,5.276957402341123,11781.4,Santiago,Metropolitana
13.95,27.9,9.9,17.1,-5.550000000000004,9.900000000000006,-33.45,5.276957402341123,19512.7,Santiago,Metropolitana
2.42,18.9,291.3,12.4,-14.550000000000004,-68.69999999999999,-33.45,5.276957402341123,2885.7,Santiago,Metropolitana
2.87,47.5,359.0,12.8,14.049999999999997,-1.0,-33.45,5.276957402341123,4128.5,Santiago,Metropolitana
7.24,40.1,352.2,14.2,6.649999999999999,-7.7999999999999545,-33.45,5.276957402341123,10468.2,Santiago,Metropolitana
3.04,39.6,339.5,12.8,6.149999999999999,-20.5,-33.45,5.276957402341123,4417.2,Santiago,Metropolitana
5.42,41.2,27.0,13.7,7.75,27.0,-33.45,5.276957402341123,7660.1,Santiago,Metropolitana
14.82,38.1,351.8,13.9,4.649999999999999,-8.200000000000045,-33.45,5.276957402341123,21569.9,Santiago,Metropolitana
4.72,31.5,355.6,16.0,-1.9500000000000028,-4.399999999999977,-33.45,5.276957402341123,6725.4,Santiago,Metropolitana
4.58,32.1,350.6,12.2,-1.3500000000000014,-9.399999999999977,-33.45,5.276957402341123,6807.0,Santiago,Metropolitana
9.46,30.0,312.1,18.0,-3.450000000000003,-47.89999999999998,-33.45,5.276957402341123,12023.9,Santiago,Metropolitana
8.47,54.5,331.7,14.4,21.049999999999997,-28.30000000000001,-33.45,5.276957402341123,11164.3,Santiago,Metropolitana
9.55,37.9,24.0,17.1,4.449999999999996,24.0,-33.45,5.276957402341123,13129.1,Santiago,Metropolitana
6.9,29.7,307.3,10.8,-3.7500000000000036,-52.69999999999999,-33.45,5.276957402341123,9352.9,Santiago,Metropolitana
12.75,37.2,340.8,14.7,3.75,-19.200000000000045,-33.45,5.276957402341123,18196.0,Santiago,Metropolitana
3.8,25.4,350.0,10.3,-8.050000000000004,-10.0,-33.45,5.276957402341123,5720.7,Santiago,Metropolitana
7.57,45.5,43.6,16.8,12.049999999999997,43.599999999999994,-33.45,5.276957402341123,9730.1,Santiago,Metropolitana
10.97,28.2,19.2,13.4,-5.2500000000000036,19.19999999999999,-33.45,5.276957402341123,15850.1,Santiago,Metropolitana
13.29,37.5,346.1,19.5,4.049999999999997,-13.899999999999977,-33.45,5.276957402341123,18013.1,Santiago,Metropolitana
6.8,42.0,32.6,13.2,8.549999999999997,32.599999999999994,-33.45,5.276957402341123,9529.0,Santiago,Metropolitana
9.38,36.5,341.5,15.6,3.049999999999997,-18.5,-33.45,5.276957402341123,13263.7,Santiago,Metropolitana
2.9,34.2,25.2,12.6,0.75,25.19999999999999,-33.45,5.276957402341123,4205.5,Santiago,Metropolitana
4.21,33.5,326.0,16.2,0.04999999999999716,-34.0,-33.45,5.276957402341123,5743.5,Santiago,Metropolitana
2.9,33.0,26.8,14.7,-0.45000000000000284,26.80000000000001,-33.45,5.276957402341123,4091.6,Santiago,Metropolitana
11.46,28.8,349.8,13.7,-4.650000000000002,-10.200000000000045,-33.45,5.276957402341123,16701.0,Santiago,Metropolitana
5.74,29.9,334.3,12.0,-3.5500000000000043,-25.700000000000045,-33.45,5.276957402341123,8361.7,Santiago,Metropolitana
11.41,45.3,354.6,11.1,11.849999999999994,-5.399999999999977,-33.45,5.276957402341123,16859.5,Santiago,Metropolitana
2.86,32.6,6.9,11.2,-0.8500000000000014,6.900000000000006,-33.45,5.276957402341123,4315.4,Santiago,Metropolitana
13.21,27.2,347.6,20.0,-6.2500000000000036,-12.399999999999977,-33.45,5.276957402341123,17766.2,Santiago,Metropolitana
12.86,29.3,13.8,14.1,-4.150000000000002,13.800000000000011,-33.45,5.276957402341123,18598.4,Santiago,Metropolitana
3.16,42.3,345.4,10.0,8.849999999999994,-14.600000000000023,-33.45,5.276957402341123,4734.0,Santiago,Metropolitana
2.31,38.9,15.5,19.5,5.449999999999996,15.5,-33.45,5.276957402341123,3116.8,Santiago,Metropolitana
2.73,37.9,11.1,10.2,4.449999999999996,11.099999999999994,-33.45,5.276957402341123,4139.7,Santiago,Metropolitana
13.1,31.4,358.5,14.2,-2.0500000000000043,-1.5,-33.45,5.276957402341123,19099.4,Santiago,Metropolitana
5.05,38.0,349.0,17.2,4.549999999999997,-11.0,-33.45,5.276957402341123,7059.0,Santiago,Metropolitana
9.13,28.3,3.8,19.1,-5.150000000000002,3.8000000000000114,-33.45,5.276957402341123,12492.9,Santiago,Metropolitana
7.54,31.4,13.8,17.1,-2.0500000000000043,13.800000000000011,-33.45,5.276957402341123,10544.4,Santiago,Metropolitana
12.34,41.2,51.5,14.6,7.75,51.5,-33.45,5.276957402341123,15986.7,Santiago,Metropolitana
8.36,40.4,23.5,19.7,6.949999999999996,23.5,-33.45,5.276957402341123,11082.3,Santiago,Metropolitana
8.51,25.6,24.4,10.4,-7.850000000000001,24.400000000000006,-33.45,5.276957402341123,12554.1,Santiago,Metropolitana
14.86,26.6,77.2,19.9,-6.850000000000001,77.19999999999999,-33.45,5.276957402341123,15709.6,Santiago,Metropolitana
3.95,34.3,12.9,18.5,0.8499999999999943,12.900000000000006,-33.45,5.276957402341123,5442.1,Santiago,Metropolitana
12.8,47.3,12.1,19.3,13.849999999999994,12.099999999999994,-33.45,5.276957402341123,16964.6,Santiago,Metropolitana
2.67,18.1,17.6,12.5,-15.350000000000001,17.599999999999994,-33.45,5.276957402341123,3788.5,Santiago,Metropolitana
8.21,35.7,334.8,11.4,2.25,-25.200000000000045,-33.45,5.276957402341123,12058.5,Santiago,Metropolitana
13.52,22.4,348.9,16.6,-11.050000000000004,-11.100000000000023,-33.45,5.276957402341123,18730.2,Santiago,Metropolitana
10.65,28.4,347.3,15.2,-5.050000000000004,-12.700000000000045,-33.45,5.276957402341123,15209.3,Santiago,Metropolitana
10.91,30.5,16.2,15.2,-2.950000000000003,16.19999999999999,-33.45,5.276957402341123,15547.5,Santiago,Metropolitana
5.42,30.1,355.6,19.2,-3.3500000000000014,-4.399999999999977,-33.45,5.276957402341123,7429.4,Santiago,Metropolitana
7.44,29.2,3.5,16.2,-4.2500000000000036,3.5,-33.45,5.276957402341123,10570.5,Santiago,Metropolitana
6.77,33.5,27.2,13.1,0.04999999999999716,27.19999999999999,-33.45,5.276957402341123,9717.0,Santiago,Metropolitana
8.78,29.2,21.6,14.0,-4.2500000000000036,21.599999999999994,-33.45,5.276957402341123,12576.8,Santiago,Metropolitana
8.01,21.8,356.0,11.3,-11.650000000000002,-4.0,-33.45,5.276957402341123,11818.0,Santiago,Metropolitana
6.25,39.7,343.3,11.9,6.25,-16.700000000000045,-33.45,5.276957402341123,9206.3,Santiago,Metropolitana
5.97,39.5,28.4,11.4,6.049999999999997,28.400000000000006,-33.45,5.276957402341123,8671.1,Santiago,Metropolitana
5.26,40.2,19.3,18.1,6.75,19.30000000000001,-33.45,5.276957402341123,7173.1,Santiago,Metropolitana
6.75,21.1,319.8,17.0,-12.350000000000001,-40.19999999999999,-33.45,5.276957402341123,8731.5,Santiago,Metropolitana
3.95,35.8,352.2,15.3,2.3499999999999943,-7.7999999999999545,-33.45,5.276957402341123,5670.1,Santiago,Metropolitana
13.34,38.9,4.1,13.7,5.449999999999996,4.099999999999994,-33.45,5.276957402341123,19464.5,Santiago,Metropolitana
9.83,25.2,19.5,16.7,-8.250000000000004,19.5,-33.45,5.276957402341123,13581.7,Santiago,Metropolitana
3.74,33.5,22.8,18.1,0.04999999999999716,22.80000000000001,-33.45,5.276957402341123,5103.8,Santiago,Metropolitana
11.02,32.5,7.1,18.8,-0.9500000000000028,7.099999999999994,-33.45,5.276957402341123,15184.1,Santiago,Metropolitana
13.02,48.2,14.6,15.5,14.75,14.599999999999994,-33.45,5.276957402341123,17952.9,Santiago,Metropolitana
5.09,48.8,1.6,18.2,15.349999999999994,1.5999999999999943,-33.45,5.276957402341123,6823.3,Santiago,Metropolitana
3.96,20.1,343.2,15.1,-13.350000000000001,-16.799999999999955,-33.45,5.276957402341123,5499.9,Santiago,Metropolitana
2.11,53.4,353.5,14.7,19.949999999999996,-6.5,-33.45,5.276957402341123,2873.6,Santiago,Metropolitana
2.61,26.1,0.5,18.7,-7.350000000000001,0.5,-33.45,5.276957402341123,3586.9,Santiago,Metropolitana
11.91,41.3,359.1,13.9,7.849999999999994,-0.8999999999999773,-33.45,5.276957402341123,17281.3,Santiago,Metropolitana
14.83,41.2,312.9,14.0,7.75,-47.10000000000002,-33.45,5.276957402341123,19711.4,Santiago,Metropolitana
2.58,25.5,350.1,13.0,-7.950000000000003,-9.899999999999977,-33.45,5.276957402341123,3769.0,Santiago,Metropolitana
11.72,37.4,1.4,15.2,3.9499999999999957,1.4000000000000057,-33.45,5.276957402341123,16869.8,Santiago,Metropolitana
2.93,32.6,353.0,15.4,-0.8500000000000014,-7.0,-33.45,5.276957402341123,4210.6,Santiago,Metropolitana
9.7,37.9,353.8,16.6,4.449999999999996,-6.2000000000000455,-33.45,5.276957402341123,13692.5,Santiago,Metropolitana
11.83,35.3,12.2,14.3,1.8499999999999943,12.199999999999989,-33.45,5.276957402341123,17132.2,Santiago,Metropolitana
6.67,43.0,333.0,12.2,9.549999999999997,-27.0,-33.45,5.276957402341123,9551.6,Santiago,Metropolitana
2.14,34.1,319.3,18.7,0.6499999999999986,-40.69999999999999,-33.45,5.276957402341123,2777.8,Santiago,Metropolitana
9.74,32.1,351.3,13.5,-1.3500000000000014,-8.700000000000045,-33.45,5.276957402341123,14285.4,Santiago,Metropolitana
14.89,42.2,19.1,19.2,8.75,19.099999999999994,-33.45,5.276957402341123,19928.3,Santiago,Metropolitana
5.35,38.1,42.2,12.1,4.649999999999999,42.19999999999999,-33.45,5.276957402341123,7437.8,Santiago,Metropolitana
4.46,39.3,19.6,15.6,5.849999999999994,19.599999999999994,-33.45,5.276957402341123,6280.3,Santiago,Metropolitana
3.61,28.1,323.3,15.4,-5.350000000000001,-36.69999999999999,-33.45,5.276957402341123,4911.7,Santiago,Metropolitana
9.22,25.1,354.2,18.3,-8.350000000000001,-5.7999999999999545,-33.45,5.276957402341123,12657.5,Santiago,Metropolitana
9.75,28.9,6.4,11.4,-4.550000000000004,6.400000000000006,-33.45,5.276957402341123,14629.1,Santiago,Metropolitana
12.3,28.5,4.4,19.1,-4.950000000000003,4.400000000000006,-33.45,5.276957402341123,16845.4,Santiago,Metropolitana
11.79,39.7,13.5,15.3,6.25,13.5,-33.45,5.276957402341123,16760.6,Santiago,Metropolitana
13.6,41.3,337.1,15.9,7.849999999999994,-22.899999999999977,-33.45,5.276957402341123,18899.0,Santiago,Metropolitana
12.48,32.2,1.6,15.1,-1.25,1.5999999999999943,-33.45,5.276957402341123,18005.2,Santiago,Metropolitana
5.21,44.9,10.5,10.4,11.449999999999996,10.5,-33.45,5.276957402341123,7758.2,Santiago,Metropolitana
9.23,44.4,20.6,15.0,10.949999999999996,20.599999999999994,-33.45,5.276957402341123,12886.7,Santiago,Metropolitana
5.87,35.4,339.9,12.6,1.9499999999999957,-20.100000000000023,-33.45,5.276957402341123,8576.5,Santiago,Metropolitana
6.29,26.9,351.4,13.4,-6.550000000000004,-8.600000000000023,-33.45,5.276957402341123,9169.5,Santiago,Metropolitana
14.12,46.1,292.4,16.5,12.649999999999999,-67.60000000000002,-33.45,5.276957402341123,16256.9,Santiago,Metropolitana
10.86,33.0,344.5,15.0,-0.45000000000000284,-15.5,-33.45,5.276957402341123,15564.5,Santiago,Metropolitana
14.67,34.5,346.9,10.9,1.0499999999999972,-13.100000000000023,-33.45,5.276957402341123,22071.3,Santiago,Metropolitana
7.42,30.7,334.5,10.7,-2.7500000000000036,-25.5,-33.45,5.276957402341123,10974.4,Santiago,Metropolitana
8.99,26.3,4.1,11.9,-7.150000000000002,4.099999999999994,-33.45,5.276957402341123,13358.2,Santiago,Metropolitana
8.33,21.7,358.6,11.9,-11.750000000000004,-1.3999999999999773,-33.45,5.276957402341123,12220.3,Santiago,Metropolitana
3.39,38.5,303.5,16.1,5.049999999999997,-56.5,-33.45,5.276957402341123,4251.3,Santiago,Metropolitana
5.08,27.2,5.4,11.8,-6.2500000000000036,5.400000000000006,-33.45,5.276957402341123,7563.3,Santiago,Metropolitana
8.86,57.9,336.8,18.8,24.449999999999996,-23.200000000000045,-33.45,5.276957402341123,10904.4,Santiago,Metropolitana
2.88,24.8,12.1,12.1,-8.650000000000002,12.099999999999994,-33.45,5.276957402341123,4225.9,Santiago,Metropolitana
14.11,23.4,328.0,10.9,-10.050000000000004,-32.0,-33.45,5.276957402341123,20229.5,Santiago,Metropolitana
3.61,37.5,0.8,18.8,4.049999999999997,0.8000000000000114,-33.45,5.276957402341123,4974.8,Santiago,Metropolitana
4.57,45.7,352.9,13.0,12.25,-7.100000000000023,-33.45,5.276957402341123,6604.2,Santiago,Metropolitana
11.95,34.0,7.6,14.3,0.5499999999999972,7.599999999999994,-33.45,5.276957402341123,17385.4,Santiago,Metropolitana
3.26,38.0,3.1,19.6,4.549999999999997,3.0999999999999943,-33.45,5.276957402341123,4442.2,Santiago,Metropolitana
13.7,18.7,353.6,19.4,-14.750000000000004,-6.399999999999977,-33.45,5.276957402341123,18126.5,Santiago,Metropolitana
11.43,28.0,321.6,17.1,-5.450000000000003,-38.39999999999998,-33.45,5.276957402341123,15145.8,Santiago,Metropolitana
2.89,24.9,323.1,10.7,-8.550000000000004,-36.89999999999998,-33.45,5.276957402341123,4119.7,Santiago,Metropolitana
10.99,18.3,345.4,15.9,-15.150000000000002,-14.600000000000023,-33.45,5.276957402341123,15047.5,Santiago,Metropolitana
10.21,34.4,359.8,19.9,0.9499999999999957,-0.20000000000004547,-33.45,5.276957402341123,13909.2,Santiago,Metropolitana
11.85,15.5,344.8,19.5,-17.950000000000003,-15.200000000000045,-33.45,5.276957402341123,15297.9,Santiago,Metropolitana
12.77,22.9,15.6,11.1,-10.550000000000004,15.599999999999994,-33.45,5.276957402341123,18805.2,Santiago,Metropolitana
11.34,29.2,353.0,14.0,-4.2500000000000036,-7.0,-33.45,5.276957402341123,16513.3,Santiago,Metropolitana
9.62,26.8,335.9,13.2,-6.650000000000002,-24.100000000000023,-33.45,5.276957402341123,13800.8,Santiago,Metropolitana
6.19,36.6,353.0,11.3,3.1499999999999986,-7.0,-33.45,5.276957402341123,9309.1,Santiago,Metropolitana
11.06,35.9,5.6,16.9,2.4499999999999957,5.599999999999994,-33.45,5.276957402341123,15594.2,Santiago,Metropolitana
14.44,40.6,8.1,12.7,7.149999999999999,8.099999999999994,-33.45,5.276957402341123,21209.4,Santiago,Metropolitana
9.64,39.5,47.0,13.4,6.049999999999997,47.0,-33.45,5.276957402341123,12939.5,Santiago,Metropolitana
10.64,42.6,343.3,10.9,9.149999999999999,-16.700000000000045,-33.45,5.276957402341123,15743.0,Santiago,Metropolitana
7.68,33.4,358.2,15.0,-0.05000000000000426,-1.7999999999999545,-33.45,5.276957402341123,11106.6,Santiago,Metropolitana
11.83,35.9,10.7,11.6,2.4499999999999957,10.699999999999989,-33.45,5.276957402341123,17694.7,Santiago,Metropolitana
14.97,37.5,359.4,14.3,4.049999999999997,-0.6000000000000227,-33.45,5.276957402341123,21755.8,Santiago,Metropolitana
4.09,34.6,347.5,11.4,1.1499999999999986,-12.5,-33.45,5.276957402341123,6114.9,Santiago,Metropolitana
4.63,30.3,321.3,19.5,-3.150000000000002,-38.69999999999999,-33.45,5.276957402341123,5969.4,Santiago,Metropolitana
9.01,30.8,347.2,11.4,-2.650000000000002,-12.799999999999955,-33.45,5.276957402341123,13473.3,Santiago,Metropolitana
8.26,26.9,333.2,15.2,-6.550000000000004,-26.799999999999955,-33.45,5.276957402341123,11505.6,Santiago,Metropolitana
9.43,36.8,316.8,12.0,3.3499999999999943,-43.19999999999999,-33.45,5.276957402341123,13105.2,Santiago,Metropolitana
2.64,32.7,340.1,10.8,-0.75,-19.899999999999977,-33.45,5.276957402341123,3942.7,Santiago,Metropolitana
7.26,28.1,333.8,12.0,-5.350000000000001,-26.200000000000045,-33.45,5.276957402341123,10528.0,Santiago,Metropolitana
9.58,28.2,14.6,10.5,-5.2500000000000036,14.599999999999994,-33.45,5.276957402341123,14391.6,Santiago,Metropolitana
9.61,23.8,15.0,11.4,-9.650000000000002,15.0,-33.45,5.276957402341123,14148.1,Santiago,Metropolitana
10.55,41.3,337.4,14.9,7.849999999999994,-22.600000000000023,-33.45,5.276957402341123,14819.9,Santiago,Metropolitana
11.36,34.1,353.5,16.5,0.6499999999999986,-6.5,-33.45,5.276957402341123,16104.7,Santiago,Metropolitana
10.34,26.5,313.5,10.9,-6.950000000000003,-46.5,-33.45,5.276957402341123,14297.6,Santiago,Metropolitana
12.27,39.9,347.6,14.4,6.449999999999996,-12.399999999999977,-33.45,5.276957402341123,17647.2,Santiago,Metropolitana
10.12,29.0,10.0,15.8,-4.450000000000003,10.0,-33.45,5.276957402341123,14392.4,Santiago,Metropolitana
8.99,22.2,20.6,12.3,-11.250000000000004,20.599999999999994,-33.45,5.276957402341123,12928.1,Santiago,Metropolitana
9.88,41.6,342.2,13.7,8.149999999999999,-17.799999999999955,-33.45,5.276957402341123,14177.0,Santiago,Metropolitana
3.32,29.2,26.3,10.7,-4.2500000000000036,26.30000000000001,-33.45,5.276957402341123,4888.3,Santiago,Metropolitana
5.55,30.2,322.1,12.2,-3.2500000000000036,-37.89999999999998,-33.45,5.276957402341123,7826.5,Santiago,Metropolitana
8.86,33.8,328.8,14.7,0.3499999999999943,-31.19999999999999,-33.45,5.276957402341123,12378.4,Santiago,Metropolitana
13.35,42.6,17.7,19.9,9.149999999999999,17.69999999999999,-33.45,5.276957402341123,17736.9,Santiago,Metropolitana
10.83,33.6,41.8,20.0,0.14999999999999858,41.80000000000001,-33.45,5.276957402341123,13769.0,Santiago,Metropolitana
3.18,23.9,12.3,19.8,-9.550000000000004,12.300000000000011,-33.45,5.276957402341123,4245.7,Santiago,Metropolitana
9.7,37.8,359.0,14.2,4.349999999999994,-1.0,-33.45,5.276957402341123,14106.4,Santiago,Metropolitana
4.88,29.6,305.1,10.8,-3.8500000000000014,-54.89999999999998,-33.45,5.276957402341123,6557.7,Santiago,Metropolitana
11.54,48.6,309.4,13.2,15.149999999999999,-50.60000000000002,-33.45,5.276957402341123,14867.7,Santiago,Metropolitana
12.76,33.4,3.2,12.4,-0.05000000000000426,3.1999999999999886,-33.45,5.276957402341123,19001.4,Santiago,Metropolitana
9.71,15.6,351.0,10.1,-17.85,-9.0,-33.45,5.276957402341123,14085.6,Santiago,Metropolitana
9.69,36.3,332.4,11.0,2.8499999999999943,-27.600000000000023,-33.45,5.276957402341123,14227.9,Santiago,Metropolitana
6.4,49.0,1.6,14.5,15.549999999999997,1.5999999999999943,-33.45,5.276957402341123,8962.9,Santiago,Metropolitana
7.8,46.1,2.9,13.4,12.649999999999999,2.9000000000000057,-33.45,5.276957402341123,11208.9,Santiago,Metropolitana
13.23,48.1,23.6,11.8,14.649999999999999,23.599999999999994,-33.45,5.276957402341123,18797.1,Santiago,Metropolitana
11.4,25.3,3.4,17.2,-8.150000000000002,3.4000000000000057,-33.45,5.276957402341123,15894.7,Santiago,Metropolitana
8.76,40.7,30.7,13.6,7.25,30.69999999999999,-33.45,5.276957402341123,12310.9,Santiago,Metropolitana
6.79,27.7,0.2,18.5,-5.7500000000000036,0.19999999999998863,-33.45,5.276957402341123,9356.8,Santiago,Metropolitana
2.65,35.2,357.1,12.4,1.75,-2.8999999999999773,-33.45,5.276957402341123,3951.5,Santiago,Metropolitana
3.86,23.3,26.6,15.4,-10.150000000000002,26.599999999999994,-33.45,5.276957402341123,5319.0,Santiago,Metropolitana
4.51,28.3,335.5,11.8,-5.150000000000002,-24.5,-33.45,5.276957402341123,6580.3,Santiago,Metropolitana
6.85,28.0,70.4,15.0,-5.450000000000003,70.4,-33.45,5.276957402341123,8066.2,Santiago,Metropolitana
14.27,40.6,9.4,11.5,7.149999999999999,9.400000000000006,-33.45,5.276957402341123,21236.5,Santiago,Metropolitana
8.57,39.9,9.5,11.6,6.449999999999996,9.5,-33.45,5.276957402341123,12752.2,Santiago,Metropolitana
5.05,35.7,13.1,16.1,2.25,13.099999999999994,-33.45,5.276957402341123,7155.0,Santiago,Metropolitana
3.37,22.6,46.9,12.6,-10.850000000000001,46.900000000000006,-33.45,5.276957402341123,4517.7,Santiago,Metropolitana
6.4,31.0,19.8,11.7,-2.450000000000003,19.80000000000001,-33.45,5.276957402341123,9452.6,Santiago,Metropolitana
12.6,27.5,319.9,19.3,-5.950000000000003,-40.10000000000002,-33.45,5.276957402341123,16160.8,Santiago,Metropolitana
6.98,40.4,35.1,10.4,6.949999999999996,35.099999999999994,-33.45,5.276957402341123,10067.9,Santiago,Metropolitana
12.04,42.9,351.5,15.7,9.449999999999996,-8.5,-33.45,5.276957402341123,16993.9,Santiago,Metropolitana
12.44,41.9,2.7,15.5,8.449999999999996,2.6999999999999886,-33.45,5.276957402341123,17674.2,Santiago,Metropolitana
3.44,27.4,328.0,12.5,-6.050000000000004,-32.0,-33.45,5.276957402341123,4894.0,Santiago,Metropolitana
9.91,11.5,13.2,14.5,-21.950000000000003,13.199999999999989,-33.45,5.276957402341123,13279.1,Santiago,Metropolitana
14.47,19.3,343.7,10.9,-14.150000000000002,-16.299999999999955,-33.45,5.276957402341123,21050.0,Santiago,Metropolitana
7.23,44.8,2.5,17.2,11.349999999999994,2.5,-33.45,5.276957402341123,9973.7,Santiago,Metropolitana
2.66,30.2,352.9,12.2,-3.2500000000000036,-7.100000000000023,-33.45,5.276957402341123,3960.5,Santiago,Metropolitana
14.0,27.4,48.1,11.9,-6.050000000000004,48.099999999999994,-33.45,5.276957402341123,19044.0,Santiago,Metropolitana
13.49,46.6,49.6,13.1,13.149999999999999,49.599999999999994,-33.45,5.276957402341123,17613.5,Santiago,Metropolitana
8.79,43.6,1.2,19.0,10.149999999999999,1.1999999999999886,-33.45,5.276957402341123,11912.6,Santiago,Metropolitana
9.18,33.6,1.6,18.0,0.14999999999999858,1.5999999999999943,-33.45,5.276957402341123,12804.6,Santiago,Metropolitana
4.75,31.1,350.7,19.5,-2.3500000000000014,-9.299999999999955,-33.45,5.276957402341123,6481.8,Santiago,Metropolitana
12.65,32.4,27.7,16.5,-1.0500000000000043,27.69999999999999,-33.45,5.276957402341123,17439.5,Santiago,Metropolitana
8.48,35.3,351.8,16.6,1.8499999999999943,-8.200000000000045,-33.45,5.276957402341123,11988.5,Santiago,Metropolitana
2.44,46.3,349.5,14.8,12.849999999999994,-10.5,-33.45,5.276957402341123,3433.5,Santiago,Metropolitana
10.88,36.8,24.5,19.1,3.3499999999999943,24.5,-33.45,5.276957402341123,14610.9,Santiago,Metropolitana
14.36,39.3,346.5,15.1,5.849999999999994,-13.5,-33.45,5.276957402341123,20477.4,Santiago,Metropolitana
12.78,42.8,359.1,13.6,9.349999999999994,-0.8999999999999773,-33.45,5.276957402341123,18536.6,Santiago,Metropolitana
5.6,24.1,320.5,16.4,-9.350000000000001,-39.5,-33.45,5.276957402341123,7397.1,Santiago,Metropolitana
2.69,39.5,17.6,15.5,6.049999999999997,17.599999999999994,-33.45,5.276957402341123,3805.1,Santiago,Metropolitana
14.22,31.1,48.5,11.2,-2.3500000000000014,48.5,-33.45,5.276957402341123,19558.5,Santiago,Metropolitana
14.18,13.3,18.0,13.9,-20.150000000000002,18.0,-33.45,5.276957402341123,19250.0,Santiago,Metropolitana
8.92,16.4,36.5,13.1,-17.050000000000004,36.5,-33.45,5.276957402341123,11966.2,Santiago,Metropolitana
10.35,25.3,338.8,18.5,-8.150000000000002,-21.200000000000045,-33.45,5.276957402341123,13964.6,Santiago,Metropolitana
8.01,37.7,5.9,13.8,4.25,5.900000000000006,-33.45,5.276957402341123,11701.3,Santiago,Metropolitana
7.46,34.4,336.4,18.2,0.9499999999999957,-23.600000000000023,-33.45,5.276957402341123,10151.3,Santiago,Metropolitana
3.55,34.9,354.3,14.4,1.4499999999999957,-5.7000000000000455,-33.45,5.276957402341123,5162.4,Santiago,Metropolitana
3.26,49.1,19.3,17.5,15.649999999999999,19.30000000000001,-33.45,5.276957402341123,4338.0,Santiago,Metropolitana
5.03,23.3,2.5,11.4,-10.150000000000002,2.5,-33.45,5.276957402341123,7455.7,Santiago,Metropolitana
12.88,33.2,324.7,19.2,-0.25,-35.30000000000001,-33.45,5.276957402341123,16849.7,Santiago,Metropolitana
3.9,35.9,327.1,14.8,2.4499999999999957,-32.89999999999998,-33.45,5.276957402341123,5408.7,Santiago,Metropolitana
4.95,27.6,325.5,12.6,-5.850000000000001,-34.5,-33.45,5.276957402341123,6984.8,Santiago,Metropolitana
9.13,33.7,12.3,12.4,0.25,12.300000000000011,-33.45,5.276957402341123,13523.6,Santiago,Metropolitana
4.8,20.7,51.6,12.7,-12.750000000000004,51.599999999999994,-33.45,5.276957402341123,6255.7,Santiago,Metropolitana
4.12,44.7,34.1,13.7,11.25,34.099999999999994,-33.45,5.276957402341123,5674.2,Santiago,Metropolitana
11.33,35.0,356.0,19.8,0.8299999999999983,-4.0,-34.17,5.265409702304033,15401.5,Rancagua,O'Higgins
14.34,25.5,47.2,16.8,-8.670000000000002,47.19999999999999,-34.17,5.265409702304033,18354.5,Rancagua,O'Higgins
10.7,37.6,34.6,18.5,3.4299999999999997,34.599999999999994,-34.17,5.265409702304033,14098.8,Rancagua,O'Higgins
9.11,34.3,8.9,17.5,0.12999999999999545,8.900000000000006,-34.17,5.265409702304033,12717.1,Rancagua,O'Higgins
7.83,45.4,359.4,17.0,11.229999999999997,-0.6000000000000227,-34.17,5.265409702304033,10823.0,Rancagua,O'Higgins
12.77,34.2,21.1,13.8,0.030000000000001137,21.099999999999994,-34.17,5.265409702304033,18349.3,Rancagua,O'Higgins
13.05,28.0,28.2,13.2,-6.170000000000002,28.19999999999999,-34.17,5.265409702304033,18518.4,Rancagua,O'Higgins
5.81,32.2,339.3,17.2,-1.9699999999999989,-20.700000000000045,-34.17,5.265409702304033,8027.7,Rancagua,O'Higgins
14.39,23.4,358.1,17.2,-10.770000000000003,-1.8999999999999773,-34.17,5.265409702304033,19875.5,Rancagua,O'Higgins
7.14,37.4,314.5,19.5,3.229999999999997,-45.5,-34.17,5.265409702304033,8973.8,Rancagua,O'Higgins
12.4,38.9,28.1,15.7,4.729999999999997,28.099999999999994,-34.17,5.265409702304033,17154.9,Rancagua,O'Higgins
14.57,53.9,51.6,12.9,19.729999999999997,51.599999999999994,-34.17,5.265409702304033,18234.6,Rancagua,O'Higgins
11.15,29.2,2.0,14.9,-4.970000000000002,2.0,-34.17,5.265409702304033,16036.4,Rancagua,O'Higgins
4.1,32.0,306.9,16.1,-2.1700000000000017,-53.10000000000002,-34.17,5.265409702304033,5215.5,Rancagua,O'Higgins
9.62,29.6,15.2,14.3,-4.57,15.199999999999989,-34.17,5.265409702304033,13827.4,Rancagua,O'Higgins
3.54,35.9,337.4,17.9,1.7299999999999969,-22.600000000000023,-34.17,5.265409702304033,4839.2,Rancagua,O'Higgins
12.26,37.2,343.4,15.8,3.030000000000001,-16.600000000000023,-34.17,5.265409702304033,17299.0,Rancagua,O'Higgins
5.66,33.7,15.7,10.1,-0.46999999999999886,15.699999999999989,-34.17,5.265409702304033,8550.2,Rancagua,O'Higgins
11.04,42.9,6.4,15.7,8.729999999999997,6.400000000000006,-34.17,5.265409702304033,15585.1,Rancagua,O'Higgins
13.83,29.2,347.8,16.3,-4.970000000000002,-12.200000000000045,-34.17,5.265409702304033,19453.3,Rancagua,O'Higgins
4.35,42.1,343.8,19.2,7.93,-16.200000000000045,-34.17,5.265409702304033,5856.5,Rancagua,O'Higgins
7.11,38.5,3.1,14.1,4.329999999999998,3.0999999999999943,-34.17,5.265409702304033,10322.5,Rancagua,O'Higgins
10.41,34.1,349.8,15.7,-0.07000000000000028,-10.200000000000045,-34.17,5.265409702304033,14828.5,Rancagua,O'Higgins
7.46,31.7,332.3,14.7,-2.4700000000000024,-27.700000000000045,-34.17,5.265409702304033,10461.4,Rancagua,O'Higgins
4.27,53.6,351.7,15.3,19.43,-8.299999999999955,-34.17,5.265409702304033,5775.7,Rancagua,O'Higgins
2.38,27.6,8.5,10.7,-6.57,8.5,-34.17,5.265409702304033,3571.4,Rancagua,O'Higgins
7.29,36.6,355.5,19.0,2.4299999999999997,-4.5,-34.17,5.265409702304033,10001.9,Rancagua,O'Higgins
10.44,28.2,324.7,19.1,-5.970000000000002,-35.30000000000001,-34.17,5.265409702304033,13580.6,Rancagua,O'Higgins
9.46,48.5,24.7,15.5,14.329999999999998,24.69999999999999,-34.17,5.265409702304033,12846.3,Rancagua,O'Higgins
4.03,41.3,291.5,15.6,7.1299999999999955,-68.5,-34.17,5.265409702304033,4738.6,Rancagua,O'Higgins
7.86,28.7,348.8,10.6,-5.470000000000002,-11.200000000000045,-34.17,5.265409702304033,11816.5,Rancagua,O'Higgins
6.8,38.3,344.5,16.0,4.1299999999999955,-15.5,-34.17,5.265409702304033,9586.7,Rancagua,O'Higgins
5.56,36.2,3.7,14.3,2.030000000000001,3.6999999999999886,-34.17,5.265409702304033,8084.1,Rancagua,O'Higgins
11.48,30.0,14.0,17.1,-4.170000000000002,14.0,-34.17,5.265409702304033,15989.9,Rancagua,O'Higgins
6.03,40.2,28.2,10.5,6.030000000000001,28.19999999999999,-34.17,5.265409702304033,8829.5,Rancagua,O'Higgins
9.02,37.3,342.2,17.1,3.1299999999999955,-17.799999999999955,-34.17,5.265409702304033,12519.1,Rancagua,O'Higgins
14.0,35.9,14.7,12.9,1.7299999999999969,14.699999999999989,-34.17,5.265409702304033,20524.6,Rancagua,O'Higgins
9.01,33.8,4.9,16.5,-0.37000000000000455,4.900000000000006,-34.17,5.265409702304033,12753.4,Rancagua,O'Higgins
10.02,37.6,317.2,16.3,3.4299999999999997,-42.80000000000001,-34.17,5.265409702304033,13233.7,Rancagua,O'Higgins
2.95,36.0,47.5,12.3,1.8299999999999983,47.5,-34.17,5.265409702304033,4020.7,Rancagua,O'Higgins
4.32,34.6,324.0,14.4,0.4299999999999997,-36.0,-34.17,5.265409702304033,5962.3,Rancagua,O'Higgins
3.31,29.0,10.5,18.4,-5.170000000000002,10.5,-34.17,5.265409702304033,4551.7,Rancagua,O'Higgins
11.94,47.7,9.7,16.1,13.530000000000001,9.699999999999989,-34.17,5.265409702304033,16479.0,Rancagua,O'Higgins
12.87,25.8,6.9,10.7,-8.370000000000001,6.900000000000006,-34.17,5.265409702304033,19257.2,Rancagua,O'Higgins
4.42,37.6,347.6,14.4,3.4299999999999997,-12.399999999999977,-34.17,5.265409702304033,6375.3,Rancagua,O'Higgins
4.85,31.6,20.7,13.1,-2.5700000000000003,20.69999999999999,-34.17,5.265409702304033,7028.3,Rancagua,O'Higgins
6.2,48.2,321.0,16.4,14.030000000000001,-39.0,-34.17,5.265409702304033,8042.7,Rancagua,O'Higgins
9.68,26.9,358.4,16.1,-7.270000000000003,-1.6000000000000227,-34.17,5.265409702304033,13669.4,Rancagua,O'Higgins
10.08,28.3,345.9,10.1,-5.870000000000001,-14.100000000000023,-34.17,5.265409702304033,15185.7,Rancagua,O'Higgins
10.93,26.4,343.1,16.1,-7.770000000000003,-16.899999999999977,-34.17,5.265409702304033,15252.4,Rancagua,O'Higgins
13.77,36.8,10.7,17.3,2.6299999999999955,10.699999999999989,-34.17,5.265409702304033,19206.0,Rancagua,O'Higgins
5.84,23.2,26.9,17.7,-10.970000000000002,26.900000000000006,-34.17,5.265409702304033,7781.8,Rancagua,O'Higgins
10.56,30.3,351.4,10.6,-3.870000000000001,-8.600000000000023,-34.17,5.265409702304033,15947.7,Rancagua,O'Higgins
9.28,17.0,19.5,13.0,-17.17,19.5,-34.17,5.265409702304033,12886.9,Rancagua,O'Higgins
5.98,36.1,1.2,14.2,1.9299999999999997,1.1999999999999886,-34.17,5.265409702304033,8694.3,Rancagua,O'Higgins
13.8,30.2,337.7,11.8,-3.9700000000000024,-22.299999999999955,-34.17,5.265409702304033,20210.3,Rancagua,O'Higgins
3.24,22.3,353.6,14.2,-11.870000000000001,-6.399999999999977,-34.17,5.265409702304033,4610.1,Rancagua,O'Higgins
11.26,42.9,352.5,10.7,8.729999999999997,-7.5,-34.17,5.265409702304033,16823.7,Rancagua,O'Higgins
11.46,23.7,342.6,11.1,-10.470000000000002,-17.399999999999977,-34.17,5.265409702304033,16802.8,Rancagua,O'Higgins
13.9,40.5,10.7,16.7,6.329999999999998,10.699999999999989,-34.17,5.265409702304033,19444.1,Rancagua,O'Higgins
8.74,28.6,5.9,12.6,-5.57,5.900000000000006,-34.17,5.265409702304033,12882.4,Rancagua,O'Higgins
6.18,47.0,320.2,17.1,12.829999999999998,-39.80000000000001,-34.17,5.265409702304033,7972.2,Rancagua,O'Higgins
12.76,40.2,318.7,10.5,6.030000000000001,-41.30000000000001,-34.17,5.265409702304033,18041.0,Rancagua,O'Higgins
12.02,26.1,10.6,15.6,-8.07,10.599999999999994,-34.17,5.265409702304033,16967.7,Rancagua,O'Higgins
8.5,26.8,339.6,13.9,-7.370000000000001,-20.399999999999977,-34.17,5.265409702304033,12127.2,Rancagua,O'Higgins
11.98,39.0,7.6,18.0,4.829999999999998,7.599999999999994,-34.17,5.265409702304033,16584.0,Rancagua,O'Higgins
5.48,32.1,19.5,17.8,-2.0700000000000003,19.5,-34.17,5.265409702304033,7528.1,Rancagua,O'Higgins
9.66,32.8,328.2,13.8,-1.3700000000000045,-31.80000000000001,-34.17,5.265409702304033,13599.2,Rancagua,O'Higgins
13.25,44.3,324.7,16.2,10.129999999999995,-35.30000000000001,-34.17,5.265409702304033,17664.3,Rancagua,O'Higgins
6.13,28.2,41.9,12.3,-5.970000000000002,41.900000000000006,-34.17,5.265409702304033,8482.1,Rancagua,O'Higgins
8.29,34.9,8.8,15.8,0.7299999999999969,8.800000000000011,-34.17,5.265409702304033,11803.4,Rancagua,O'Higgins
14.36,41.8,349.5,10.8,7.6299999999999955,-10.5,-34.17,5.265409702304033,21456.3,Rancagua,O'Higgins
12.38,40.6,336.7,14.3,6.43,-23.299999999999955,-34.17,5.265409702304033,17505.6,Rancagua,O'Higgins
13.53,32.9,347.2,11.8,-1.2700000000000031,-12.799999999999955,-34.17,5.265409702304033,20116.5,Rancagua,O'Higgins
7.01,31.9,330.2,18.8,-2.270000000000003,-29.80000000000001,-34.17,5.265409702304033,9321.6,Rancagua,O'Higgins
14.95,20.3,22.1,14.4,-13.870000000000001,22.099999999999994,-34.17,5.265409702304033,20683.9,Rancagua,O'Higgins
3.98,25.7,340.6,15.9,-8.470000000000002,-19.399999999999977,-34.17,5.265409702304033,5542.1,Rancagua,O'Higgins
8.74,36.7,27.3,13.6,2.530000000000001,27.30000000000001,-34.17,5.265409702304033,12444.5,Rancagua,O'Higgins
8.23,33.1,350.0,12.9,-1.0700000000000003,-10.0,-34.17,5.265409702304033,12118.4,Rancagua,O'Higgins
12.38,34.8,333.9,12.0,0.6299999999999955,-26.100000000000023,-34.17,5.265409702304033,18003.2,Rancagua,O'Higgins
13.81,42.5,349.3,19.1,8.329999999999998,-10.700000000000045,-34.17,5.265409702304033,18677.3,Rancagua,O'Higgins
11.5,24.7,294.4,18.0,-9.470000000000002,-65.60000000000002,-34.17,5.265409702304033,13272.9,Rancagua,O'Higgins
10.15,32.3,357.0,11.3,-1.8700000000000045,-3.0,-34.17,5.265409702304033,15256.7,Rancagua,O'Higgins
7.56,35.7,355.7,17.5,1.5300000000000011,-4.2999999999999545,-34.17,5.265409702304033,10572.5,Rancagua,O'Higgins
8.63,28.5,20.6,14.2,-5.670000000000002,20.599999999999994,-34.17,5.265409702304033,12311.0,Rancagua,O'Higgins
8.62,45.6,312.8,10.2,11.43,-47.19999999999999,-34.17,5.265409702304033,11806.8,Rancagua,O'Higgins
2.26,41.4,29.0,15.3,7.229999999999997,29.0,-34.17,5.265409702304033,3126.5,Rancagua,O'Higgins
8.54,36.5,20.5,11.3,2.3299999999999983,20.5,-34.17,5.265409702304033,12638.1,Rancagua,O'Higgins
13.13,48.5,31.3,12.1,14.329999999999998,31.30000000000001,-34.17,5.265409702304033,18267.3,Rancagua,O'Higgins
11.22,22.2,358.7,17.0,-11.970000000000002,-1.2999999999999545,-34.17,5.265409702304033,15465.6,Rancagua,O'Higgins
12.34,34.1,25.3,12.6,-0.07000000000000028,25.30000000000001,-34.17,5.265409702304033,17868.2,Rancagua,O'Higgins
7.08,37.1,323.2,18.9,2.9299999999999997,-36.80000000000001,-34.17,5.265409702304033,9227.2,Rancagua,O'Higgins
8.88,26.9,17.8,16.6,-7.270000000000003,17.80000000000001,-34.17,5.265409702304033,12314.4,Rancagua,O'Higgins
2.44,36.6,340.7,18.3,2.4299999999999997,-19.299999999999955,-34.17,5.265409702304033,3324.8,Rancagua,O'Higgins
6.98,25.3,318.7,16.2,-8.870000000000001,-41.30000000000001,-34.17,5.265409702304033,9182.1,Rancagua,O'Higgins
8.17,39.7,331.9,18.7,5.530000000000001,-28.100000000000023,-34.17,5.265409702304033,10881.7,Rancagua,O'Higgins
5.32,42.6,0.1,13.6,8.43,0.09999999999999432,-34.17,5.265409702304033,7710.4,Rancagua,O'Higgins
2.41,36.3,339.4,15.5,2.1299999999999955,-20.600000000000023,-34.17,5.265409702304033,3392.5,Rancagua,O'Higgins
10.98,19.3,9.4,15.2,-14.870000000000001,9.400000000000006,-34.17,5.265409702304033,15224.4,Rancagua,O'Higgins
7.66,26.4,314.8,19.0,-7.770000000000003,-45.19999999999999,-34.17,5.265409702304033,9622.6,Rancagua,O'Higgins
7.4,38.7,306.8,11.6,4.530000000000001,-53.19999999999999,-34.17,5.265409702304033,9895.7,Rancagua,O'Higgins
5.25,34.3,34.3,15.8,0.12999999999999545,34.30000000000001,-34.17,5.265409702304033,7169.2,Rancagua,O'Higgins
8.99,12.6,22.6,17.5,-21.57,22.599999999999994,-34.17,5.265409702304033,11475.4,Rancagua,O'Higgins
7.69,44.1,333.8,13.7,9.93,-26.200000000000045,-34.17,5.265409702304033,10809.5,Rancagua,O'Higgins
8.16,35.3,359.9,18.7,1.1299999999999955,-0.10000000000002274,-34.17,5.265409702304033,11261.7,Rancagua,O'Higgins
9.55,27.6,25.5,13.7,-6.57,25.5,-34.17,5.265409702304033,13549.5,Rancagua,O'Higgins
2.08,42.1,10.5,11.7,7.93,10.5,-34.17,5.265409702304033,3075.9,Rancagua,O'Higgins
13.8,28.7,3.7,15.8,-5.470000000000002,3.6999999999999886,-34.17,5.265409702304033,19610.5,Rancagua,O'Higgins
2.92,28.7,27.4,14.2,-5.470000000000002,27.400000000000006,-34.17,5.265409702304033,4117.3,Rancagua,O'Higgins
7.86,37.0,341.7,10.2,2.8299999999999983,-18.299999999999955,-34.17,5.265409702304033,11820.5,Rancagua,O'Higgins
4.7,48.4,0.8,10.7,14.229999999999997,0.8000000000000114,-34.17,5.265409702304033,6897.2,Rancagua,O'Higgins
8.81,47.2,359.6,12.0,13.030000000000001,-0.39999999999997726,-34.17,5.265409702304033,12825.3,Rancagua,O'Higgins
5.64,37.0,353.2,17.7,2.8299999999999983,-6.7999999999999545,-34.17,5.265409702304033,7857.9,Rancagua,O'Higgins
13.18,37.9,350.3,18.9,3.729999999999997,-9.700000000000045,-34.17,5.265409702304033,18031.4,Rancagua,O'Higgins
7.15,40.5,1.8,15.5,6.329999999999998,1.8000000000000114,-34.17,5.265409702304033,10198.0,Rancagua,O'Higgins
10.3,24.1,0.9,11.1,-10.07,0.9000000000000057,-34.17,5.265409702304033,15312.9,Rancagua,O'Higgins
5.24,39.3,333.8,15.3,5.1299999999999955,-26.200000000000045,-34.17,5.265409702304033,7295.7,Rancagua,O'Higgins
2.25,28.3,20.0,18.6,-5.870000000000001,20.0,-34.17,5.265409702304033,3049.3,Rancagua,O'Higgins
7.25,36.7,335.6,17.5,2.530000000000001,-24.399999999999977,-34.17,5.265409702304033,9917.0,Rancagua,O'Higgins
8.97,32.4,354.5,12.9,-1.7700000000000031,-5.5,-34.17,5.265409702304033,13241.3,Rancagua,O'Higgins
7.97,38.2,352.6,11.2,4.030000000000001,-7.399999999999977,-34.17,5.265409702304033,11956.8,Rancagua,O'Higgins
14.51,35.1,9.0,19.0,0.9299999999999997,9.0,-34.17,5.265409702304033,19874.4,Rancagua,O'Higgins
11.19,9.6,307.0,18.5,-24.57,-53.0,-34.17,5.265409702304033,12588.4,Rancagua,O'Higgins
14.94,35.6,22.3,10.5,1.4299999999999997,22.30000000000001,-34.17,5.265409702304033,22253.0,Rancagua,O'Higgins
5.84,39.3,343.1,18.2,5.1299999999999955,-16.899999999999977,-34.17,5.265409702304033,7976.9,Rancagua,O'Higgins
12.26,37.7,30.5,11.0,3.530000000000001,30.5,-34.17,5.265409702304033,17832.1,Rancagua,O'Higgins
9.22,33.3,348.0,10.6,-0.8700000000000045,-12.0,-34.17,5.265409702304033,13908.5,Rancagua,O'Higgins
9.95,47.3,358.8,17.6,13.129999999999995,-1.2000000000000455,-34.17,5.265409702304033,13554.6,Rancagua,O'Higgins
14.82,36.7,47.8,15.4,2.530000000000001,47.80000000000001,-34.17,5.265409702304033,19433.6,Rancagua,O'Higgins
10.5,37.7,353.1,14.1,3.530000000000001,-6.899999999999977,-34.17,5.265409702304033,15244.0,Rancagua,O'Higgins
13.68,42.5,31.0,19.0,8.329999999999998,31.0,-34.17,5.265409702304033,17926.4,Rancagua,O'Higgins
11.43,37.1,1.0,18.4,2.9299999999999997,1.0,-34.17,5.265409702304033,15814.6,Rancagua,O'Higgins
3.66,27.0,10.4,10.6,-7.170000000000002,10.400000000000006,-34.17,5.265409702304033,5481.9,Rancagua,O'Higgins
11.09,14.7,1.7,16.2,-19.470000000000002,1.6999999999999886,-34.17,5.265409702304033,14874.2,Rancagua,O'Higgins
8.3,30.4,21.2,17.7,-3.770000000000003,21.19999999999999,-34.17,5.265409702304033,11360.4,Rancagua,O'Higgins
13.94,40.3,342.9,15.5,6.1299999999999955,-17.100000000000023,-34.17,5.265409702304033,19659.7,Rancagua,O'Higgins
12.49,31.3,335.4,19.8,-2.870000000000001,-24.600000000000023,-34.17,5.265409702304033,16580.5,Rancagua,O'Higgins
3.35,40.6,344.0,16.9,6.43,-16.0,-34.17,5.265409702304033,4656.6,Rancagua,O'Higgins
3.74,35.4,2.5,11.0,1.2299999999999969,2.5,-34.17,5.265409702304033,5644.8,Rancagua,O'Higgins
2.9,44.5,354.5,12.0,10.329999999999998,-5.5,-34.17,5.265409702304033,4264.0,Rancagua,O'Higgins
8.41,31.8,17.8,18.3,-2.370000000000001,17.80000000000001,-34.17,5.265409702304033,11518.7,Rancagua,O'Higgins
3.05,37.9,32.6,20.0,3.729999999999997,32.599999999999994,-34.17,5.265409702304033,3967.2,Rancagua,O'Higgins
11.41,38.2,335.6,11.0,4.030000000000001,-24.399999999999977,-34.17,5.265409702304033,16801.6,Rancagua,O'Higgins
9.18,46.2,341.7,11.0,12.030000000000001,-18.299999999999955,-34.17,5.265409702304033,13388.1,Rancagua,O'Higgins
12.87,20.5,324.1,17.6,-13.670000000000002,-35.89999999999998,-34.17,5.265409702304033,16624.9,Rancagua,O'Higgins
5.64,30.5,50.8,10.6,-3.6700000000000017,50.80000000000001,-34.17,5.265409702304033,7707.4,Rancagua,O'Higgins
8.75,41.0,7.6,10.7,6.829999999999998,7.599999999999994,-34.17,5.265409702304033,13138.1,Rancagua,O'Higgins
3.53,46.5,12.0,18.9,12.329999999999998,12.0,-34.17,5.265409702304033,4716.5,Rancagua,O'Higgins
13.5,36.1,326.5,18.0,1.9299999999999997,-33.5,-34.17,5.265409702304033,17977.1,Rancagua,O'Higgins
4.28,31.8,360.0,18.8,-2.370000000000001,0.0,-34.17,5.265409702304033,5884.8,Rancagua,O'Higgins
3.33,40.2,12.7,16.5,6.030000000000001,12.699999999999989,-34.17,5.265409702304033,4664.0,Rancagua,O'Higgins
4.67,41.1,353.7,13.2,6.93,-6.2999999999999545,-34.17,5.265409702304033,6809.6,Rancagua,O'Higgins
12.48,31.3,26.9,19.1,-2.870000000000001,26.900000000000006,-34.17,5.265409702304033,16651.6,Rancagua,O'Higgins
3.38,36.8,57.8,13.0,2.6299999999999955,57.80000000000001,-34.17,5.265409702304033,4359.1,Rancagua,O'Higgins
9.99,43.6,336.3,12.8,9.43,-23.700000000000045,-34.17,5.265409702304033,14276.2,Rancagua,O'Higgins
11.7,49.3,334.4,18.9,15.129999999999995,-25.600000000000023,-34.17,5.265409702304033,15166.8,Rancagua,O'Higgins
11.76,40.1,338.1,16.8,5.93,-21.899999999999977,-34.17,5.265409702304033,16216.8,Rancagua,O'Higgins
4.47,34.5,40.2,19.0,0.3299999999999983,40.19999999999999,-34.17,5.265409702304033,5774.9,Rancagua,O'Higgins
2.8,33.7,26.1,11.6,-0.46999999999999886,26.099999999999994,-34.17,5.265409702304033,4095.6,Rancagua,O'Higgins
7.83,38.6,356.6,19.5,4.43,-3.3999999999999773,-34.17,5.265409702304033,10662.4,Rancagua,O'Higgins
4.63,33.2,0.9,16.1,-0.9699999999999989,0.9000000000000057,-34.17,5.265409702304033,6592.1,Rancagua,O'Higgins
11.09,35.7,339.6,16.7,1.5300000000000011,-20.399999999999977,-34.17,5.265409702304033,15427.6,Rancagua,O'Higgins
6.64,25.7,22.3,19.1,-8.470000000000002,22.30000000000001,-34.17,5.265409702304033,8838.7,Rancagua,O'Higgins
7.84,44.5,350.5,13.8,10.329999999999998,-9.5,-34.17,5.265409702304033,11243.4,Rancagua,O'Higgins
3.48,25.0,353.5,17.2,-9.170000000000002,-6.5,-34.17,5.265409702304033,4813.9,Rancagua,O'Higgins
9.38,30.7,15.2,16.4,-3.4700000000000024,15.199999999999989,-34.17,5.265409702304033,13162.9,Rancagua,O'Higgins
4.41,35.0,355.3,17.9,0.8299999999999983,-4.7000000000000455,-34.17,5.265409702304033,6142.6,Rancagua,O'Higgins
10.83,50.1,354.1,19.0,15.93,-5.899999999999977,-34.17,5.265409702304033,14297.3,Rancagua,O'Higgins
2.93,30.8,0.3,16.8,-3.370000000000001,0.30000000000001137,-34.17,5.265409702304033,4122.8,Rancagua,O'Higgins
14.69,28.8,19.9,10.7,-5.370000000000001,19.900000000000006,-34.17,5.265409702304033,21833.0,Rancagua,O'Higgins
10.9,29.8,41.2,11.8,-4.370000000000001,41.19999999999999,-34.17,5.265409702304033,15221.0,Rancagua,O'Higgins
4.36,47.4,14.6,19.5,13.229999999999997,14.599999999999994,-34.17,5.265409702304033,5750.2,Rancagua,O'Higgins
2.18,11.7,20.1,19.7,-22.470000000000002,20.099999999999994,-34.17,5.265409702304033,2707.0,Rancagua,O'Higgins
6.35,26.1,355.0,19.7,-8.07,-5.0,-34.17,5.265409702304033,8560.3,Rancagua,O'Higgins
3.99,56.0,342.3,10.4,21.83,-17.700000000000045,-34.17,5.265409702304033,5561.1,Rancagua,O'Higgins
4.84,38.9,16.3,13.8,4.729999999999997,16.30000000000001,-34.17,5.265409702304033,6981.2,Rancagua,O'Higgins
13.35,25.3,4.3,17.6,-8.870000000000001,4.300000000000011,-34.17,5.265409702304033,18427.4,Rancagua,O'Higgins
9.84,33.8,324.4,17.5,-0.37000000000000455,-35.60000000000002,-34.17,5.265409702304033,13115.3,Rancagua,O'Higgins
4.29,34.7,351.8,10.9,0.5300000000000011,-8.200000000000045,-34.17,5.265409702304033,6478.6,Rancagua,O'Higgins
9.24,40.9,357.9,16.1,6.729999999999997,-2.1000000000000227,-34.17,5.265409702304033,13057.7,Rancagua,O'Higgins
5.33,48.9,347.2,11.4,14.729999999999997,-12.799999999999955,-34.17,5.265409702304033,7693.4,Rancagua,O'Higgins
14.69,37.3,37.0,14.9,3.1299999999999955,37.0,-34.17,5.265409702304033,20079.2,Rancagua,O'Higgins
2.43,29.9,12.0,12.4,-4.270000000000003,12.0,-34.17,5.265409702304033,3576.4,Rancagua,O'Higgins
11.52,40.5,34.3,10.5,6.329999999999998,34.30000000000001,-34.17,5.265409702304033,16610.8,Rancagua,O'Higgins
12.05,28.6,6.6,10.8,-5.57,6.599999999999994,-34.17,5.265409702304033,18122.0,Rancagua,O'Higgins
2.87,25.9,2.0,19.1,-8.270000000000003,2.0,-34.17,5.265409702304033,3902.4,Rancagua,O'Higgins
4.23,20.1,336.6,17.4,-14.07,-23.399999999999977,-34.17,5.265409702304033,5634.0,Rancagua,O'Higgins
7.0,21.6,0.3,19.3,-12.57,0.30000000000001137,-34.17,5.265409702304033,9350.8,Rancagua,O'Higgins
13.29,27.0,0.3,14.7,-7.170000000000002,0.30000000000001137,-34.17,5.265409702304033,19081.4,Rancagua,O'Higgins
8.98,24.7,325.8,14.1,-9.470000000000002,-34.19999999999999,-34.17,5.265409702304033,12340.1,Rancagua,O'Higgins
10.52,36.7,346.5,13.6,2.530000000000001,-13.5,-34.17,5.265409702304033,15304.3,Rancagua,O'Higgins
12.18,24.6,351.9,16.2,-9.57,-8.100000000000023,-34.17,5.265409702304033,17042.4,Rancagua,O'Higgins
12.77,9.0,10.3,13.5,-25.17,10.300000000000011,-34.17,5.265409702304033,16890.1,Rancagua,O'Higgins
8.19,25.8,11.5,17.5,-8.370000000000001,11.5,-34.17,5.265409702304033,11294.5,Rancagua,O'Higgins
8.61,30.4,345.5,18.0,-3.770000000000003,-14.5,-34.17,5.265409702304033,11863.1,Rancagua,O'Higgins
11.33,29.3,11.7,18.8,-4.870000000000001,11.699999999999989,-34.17,5.265409702304033,15488.6,Rancagua,O'Higgins
5.42,46.3,355.4,12.4,12.129999999999995,-4.600000000000023,-34.17,5.265409702304033,7872.8,Rancagua,O'Higgins
13.11,29.3,288.3,15.3,-4.870000000000001,-71.69999999999999,-34.17,5.265409702304033,15217.3,Rancagua,O'Higgins
2.27,41.2,347.9,12.2,7.030000000000001,-12.100000000000023,-34.17,5.265409702304033,3336.9,Rancagua,O'Higgins
4.55,34.0,27.0,10.4,-0.1700000000000017,27.0,-34.17,5.265409702304033,6721.9,Rancagua,O'Higgins
12.4,33.8,318.0,17.1,-0.37000000000000455,-42.0,-34.17,5.265409702304033,16290.6,Rancagua,O'Higgins
6.42,27.5,2.8,15.5,-6.670000000000002,2.8000000000000114,-34.17,5.265409702304033,9146.5,Rancagua,O'Higgins
3.95,33.7,39.6,17.2,-0.46999999999999886,39.599999999999994,-34.17,5.265409702304033,5216.0,Rancagua,O'Higgins
4.43,28.0,341.0,10.9,-6.170000000000002,-19.0,-34.17,5.265409702304033,6567.1,Rancagua,O'Higgins
8.9,35.5,0.1,20.0,1.3299999999999983,0.09999999999999432,-34.17,5.265409702304033,12085.6,Rancagua,O'Higgins
13.0,32.3,327.4,19.9,-1.8700000000000045,-32.60000000000002,-34.17,5.265409702304033,16942.4,Rancagua,O'Higgins
2.92,26.6,40.7,14.6,-7.57,40.69999999999999,-34.17,5.265409702304033,3929.0,Rancagua,O'Higgins
2.4,42.1,357.9,18.7,7.93,-2.1000000000000227,-34.17,5.265409702304033,3275.4,Rancagua,O'Higgins
8.05,37.6,1.2,12.4,3.4299999999999997,1.1999999999999886,-34.17,5.265409702304033,11935.9,Rancagua,O'Higgins
14.43,30.6,33.9,17.4,-3.5700000000000003,33.900000000000006,-34.17,5.265409702304033,19318.6,Rancagua,O'Higgins
5.63,35.3,16.5,18.8,1.1299999999999955,16.5,-34.17,5.265409702304033,7672.5,Rancagua,O'Higgins
14.47,33.5,338.1,18.1,-0.6700000000000017,-21.899999999999977,-34.17,5.265409702304033,19731.3,Rancagua,O'Higgins
13.54,27.2,343.8,18.1,-6.970000000000002,-16.200000000000045,-34.17,5.265409702304033,18490.2,Rancagua,O'Higgins
5.68,34.7,12.4,14.6,0.5300000000000011,12.400000000000006,-34.17,5.265409702304033,8181.4,Rancagua,O'Higgins
12.62,29.2,344.4,18.2,-4.970000000000002,-15.600000000000023,-34.17,5.265409702304033,17291.4,Rancagua,O'Higgins
10.92,26.6,307.1,16.9,-7.57,-52.89999999999998,-34.17,5.265409702304033,13659.9,Rancagua,O'Higgins
8.65,21.2,358.7,11.3,-12.970000000000002,-1.2999999999999545,-34.17,5.265409702304033,12688.4,Rancagua,O'Higgins
7.5,31.3,323.0,11.1,-2.870000000000001,-37.0,-34.17,5.265409702304033,10708.3,Rancagua,O'Higgins
12.6,38.7,40.4,17.7,4.530000000000001,40.400000000000006,-34.17,5.265409702304033,16461.1,Rancagua,O'Higgins
12.31,28.6,4.4,16.3,-5.57,4.400000000000006,-34.17,5.265409702304033,17399.2,Rancagua,O'Higgins
11.84,54.3,337.4,15.2,20.129999999999995,-22.600000000000023,-34.17,5.265409702304033,15684.3,Rancagua,O'Higgins
14.98,41.3,342.5,19.1,7.1299999999999955,-17.5,-34.17,5.265409702304033,20175.0,Rancagua,O'Higgins
8.22,44.6,312.8,16.6,10.43,-47.19999999999999,-34.17,5.265409702304033,10484.3,Rancagua,O'Higgins
12.49,40.5,332.5,14.0,6.329999999999998,-27.5,-34.17,5.265409702304033,17605.0,Rancagua,O'Higgins
13.21,49.0,25.4,14.1,14.829999999999998,25.400000000000006,-34.17,5.265409702304033,18154.5,Rancagua,O'Higgins
4.75,27.9,55.8,16.1,-6.270000000000003,55.80000000000001,-34.17,5.265409702304033,5945.3,Rancagua,O'Higgins
2.55,13.7,18.2,17.6,-20.470000000000002,18.19999999999999,-34.17,5.265409702304033,3294.2,Rancagua,O'Higgins
7.26,30.6,357.7,15.6,-3.5700000000000003,-2.2999999999999545,-34.17,5.265409702304033,10373.0,Rancagua,O'Higgins
13.14,38.6,349.2,15.1,4.43,-10.799999999999955,-34.17,5.265409702304033,18789.4,Rancagua,O'Higgins
5.76,35.4,336.1,17.3,1.2299999999999969,-23.899999999999977,-34.17,5.265409702304033,7907.2,Rancagua,O'Higgins
11.1,36.4,51.5,17.1,2.229999999999997,51.5,-34.17,5.265409702304033,14063.0,Rancagua,O'Higgins
2.1,44.7,355.3,18.3,10.530000000000001,-4.7000000000000455,-34.17,5.265409702304033,2853.5,Rancagua,O'Higgins
6.62,37.2,52.9,10.6,3.030000000000001,52.900000000000006,-34.17,5.265409702304033,8976.6,Rancagua,O'Higgins
10.0,40.6,34.8,17.5,6.43,34.80000000000001,-34.17,5.265409702304033,13269.4,Rancagua,O'Higgins
3.69,26.7,316.5,15.1,-7.470000000000002,-43.5,-34.17,5.265409702304033,4888.7,Rancagua,O'Higgins
13.66,25.4,343.4,10.7,-8.770000000000003,-16.600000000000023,-34.17,5.265409702304033,20226.5,Rancagua,O'Higgins
4.03,47.1,343.3,16.8,12.93,-16.700000000000045,-34.17,5.265409702304033,5489.8,Rancagua,O'Higgins
13.83,35.0,358.0,17.2,0.8299999999999983,-2.0,-34.17,5.265409702304033,19432.0,Rancagua,O'Higgins
4.81,29.2,358.5,15.2,-4.970000000000002,-1.5,-34.17,5.265409702304033,6896.4,Rancagua,O'Higgins
14.93,29.2,74.9,17.9,-4.970000000000002,74.9,-34.17,5.265409702304033,16438.2,Rancagua,O'Higgins
9.86,29.0,333.1,13.0,-5.170000000000002,-26.899999999999977,-34.17,5.265409702304033,14100.9,Rancagua,O'Higgins
3.1,28.5,5.7,12.0,-5.670000000000002,5.699999999999989,-34.17,5.265409702304033,4594.7,Rancagua,O'Higgins
2.85,23.9,15.4,13.5,-10.270000000000003,15.400000000000006,-34.17,5.265409702304033,4077.0,Rancagua,O'Higgins
2.97,22.2,360.0,14.1,-11.970000000000002,0.0,-34.17,5.265409702304033,4240.4,Rancagua,O'Higgins
9.67,32.6,2.8,17.0,-1.5700000000000003,2.8000000000000114,-34.17,5.265409702304033,13615.9,Rancagua,O'Higgins
12.52,29.4,333.9,18.5,-4.770000000000003,-26.100000000000023,-34.17,5.265409702304033,16825.3,Rancagua,O'Higgins
7.24,43.0,2.7,17.2,8.829999999999998,2.6999999999999886,-34.17,5.265409702304033,10045.7,Rancagua,O'Higgins
7.78,36.5,12.8,11.7,2.3299999999999983,12.800000000000011,-34.17,5.265409702304033,11574.7,Rancagua,O'Higgins
9.66,36.3,8.2,13.7,2.1299999999999955,8.199999999999989,-34.17,5.265409702304033,14108.5,Rancagua,O'Higgins
8.93,28.2,14.3,11.6,-5.970000000000002,14.300000000000011,-34.17,5.265409702304033,13222.9,Rancagua,O'Higgins
10.94,33.2,35.3,16.9,-0.9699999999999989,35.30000000000001,-34.17,5.265409702304033,14710.8,Rancagua,O'Higgins
8.13,37.1,23.4,12.5,2.9299999999999997,23.400000000000006,-34.17,5.265409702304033,11812.7,Rancagua,O'Higgins
11.28,39.9,1.8,15.3,5.729999999999997,1.8000000000000114,-34.17,5.265409702304033,16139.4,Rancagua,O'Higgins
14.97,33.4,330.7,17.9,-0.7700000000000031,-29.30000000000001,-34.17,5.265409702304033,20165.9,Rancagua,O'Higgins
6.55,42.8,345.0,16.7,8.629999999999995,-15.0,-34.17,5.265409702304033,9080.1,Rancagua,O'Higgins
2.16,34.2,354.5,13.0,0.030000000000001137,-5.5,-34.17,5.265409702304033,3184.1,Rancagua,O'Higgins
3.63,40.5,6.3,13.3,6.329999999999998,6.300000000000011,-34.17,5.265409702304033,5302.8,Rancagua,O'Higgins
9.2,30.3,348.0,16.5,-3.870000000000001,-12.0,-34.17,5.265409702304033,12923.7,Rancagua,O'Higgins
6.48,19.7,336.6,15.5,-14.470000000000002,-23.399999999999977,-34.17,5.265409702304033,8803.4,Rancagua,O'Higgins
14.22,36.3,330.3,11.0,2.1299999999999955,-29.69999999999999,-34.17,5.265409702304033,20752.6,Rancagua,O'Higgins
10.16,40.0,318.7,18.7,5.829999999999998,-41.30000000000001,-34.17,5.265409702304033,13039.8,Rancagua,O'Higgins
8.76,38.8,354.1,15.1,4.6299999999999955,-5.899999999999977,-34.17,5.265409702304033,12566.4,Rancagua,O'Higgins
12.37,37.5,323.3,14.7,3.3299999999999983,-36.69999999999999,-34.17,5.265409702304033,16963.4,Rancagua,O'Higgins
5.36,31.4,335.0,12.0,-2.770000000000003,-25.0,-34.17,5.265409702304033,7809.0,Rancagua,O'Higgins
12.66,27.7,350.2,13.8,-6.470000000000002,-9.799999999999955,-34.17,5.265409702304033,18335.2,Rancagua,O'Higgins
2.04,38.6,326.6,13.3,4.43,-33.39999999999998,-34.17,5.265409702304033,2865.1,Rancagua,O'Higgins
10.06,37.6,9.5,12.7,3.4299999999999997,9.5,-34.17,5.265409702304033,14818.7,Rancagua,O'Higgins
14.15,29.7,18.5,15.7,-4.470000000000002,18.5,-34.17,5.265409702304033,19926.5,Rancagua,O'Higgins
12.24,43.0,346.3,14.6,8.829999999999998,-13.700000000000045,-34.17,5.265409702304033,17398.8,Rancagua,O'Higgins
13.1,27.1,349.1,18.9,-7.07,-10.899999999999977,-34.17,5.265409702304033,17808.9,Rancagua,O'Higgins
7.16,29.5,13.4,19.4,-4.670000000000002,13.400000000000006,-34.17,5.265409702304033,9692.7,Rancagua,O'Higgins
12.72,47.3,342.2,12.2,13.129999999999995,-17.799999999999955,-34.17,5.265409702304033,18230.2,Rancagua,O'Higgins
9.16,41.1,340.4,11.0,6.93,-19.600000000000023,-34.17,5.265409702304033,13534.2,Rancagua,O'Higgins
10.04,31.3,29.9,17.9,-2.870000000000001,29.900000000000006,-34.17,5.265409702304033,13506.3,Rancagua,O'Higgins
2.77,36.5,22.1,19.9,2.3299999999999983,22.099999999999994,-34.17,5.265409702304033,3684.7,Rancagua,O'Higgins
4.62,35.4,15.0,18.6,1.2299999999999969,15.0,-34.17,5.265409702304033,6322.9,Rancagua,O'Higgins
9.16,12.2,23.1,10.2,-21.970000000000002,23.099999999999994,-34.17,5.265409702304033,12680.8,Rancagua,O'Higgins
2.76,26.9,310.6,12.5,-7.270000000000003,-49.39999999999998,-34.17,5.265409702304033,3698.4,Rancagua,O'Higgins
11.64,33.8,33.8,10.4,-0.37000000000000455,33.80000000000001,-34.17,5.265409702304033,16923.7,Rancagua,O'Higgins
12.92,31.3,9.8,18.2,-2.870000000000001,9.800000000000011,-34.17,5.265409702304033,17846.3,Rancagua,O'Higgins
13.96,36.1,25.3,15.8,1.9299999999999997,25.30000000000001,-34.17,5.265409702304033,19455.6,Rancagua,O'Higgins
3.32,43.2,9.7,15.1,9.030000000000001,9.699999999999989,-34.17,5.265409702304033,4709.2,Rancagua,O'Higgins
14.22,31.6,1.2,15.5,-2.5700000000000003,1.1999999999999886,-34.17,5.265409702304033,20353.1,Rancagua,O'Higgins
2.88,25.7,353.1,12.5,-8.470000000000002,-6.899999999999977,-34.17,5.265409702304033,4219.7,Rancagua,O'Higgins
8.16,36.8,9.2,16.0,2.6299999999999955,9.199999999999989,-34.17,5.265409702304033,11584.2,Rancagua,O'Higgins
12.92,31.6,352.2,10.3,-2.5700000000000003,-7.7999999999999545,-34.17,5.265409702304033,19604.4,Rancagua,O'Higgins
2.91,32.9,21.7,16.5,-1.2700000000000031,21.69999999999999,-34.17,5.265409702304033,4056.3,Rancagua,O'Higgins
2.24,31.8,320.3,17.3,-2.370000000000001,-39.69999999999999,-34.17,5.265409702304033,2949.2,Rancagua,O'Higgins
2.32,52.1,346.5,16.7,17.93,-13.5,-34.17,5.265409702304033,3103.1,Rancagua,O'Higgins
8.65,16.2,51.1,13.3,-17.970000000000002,51.099999999999994,-34.17,5.265409702304033,10916.7,Rancagua,O'Higgins
12.55,31.1,344.3,18.3,-3.0700000000000003,-15.700000000000045,-34.17,5.265409702304033,17221.3,Rancagua,O'Higgins
3.66,34.1,354.0,17.2,-0.07000000000000028,-6.0,-34.17,5.265409702304033,5133.6,Rancagua,O'Higgins
3.62,27.9,337.9,11.3,-6.270000000000003,-22.100000000000023,-34.17,5.265409702304033,5317.4,Rancagua,O'Higgins
9.39,41.4,8.4,12.0,7.229999999999997,8.400000000000006,-34.17,5.265409702304033,13884.0,Rancagua,O'Higgins
5.05,40.7,341.6,16.4,6.530000000000001,-18.399999999999977,-34.17,5.265409702304033,7023.2,Rancagua,O'Higgins
11.49,33.8,355.4,12.9,-0.37000000000000455,-4.600000000000023,-34.17,5.265409702304033,16974.0,Rancagua,O'Higgins
14.35,32.0,21.2,11.2,-2.1700000000000017,21.19999999999999,-34.17,5.265409702304033,21233.7,Rancagua,O'Higgins
11.96,33.3,342.5,11.5,-0.8700000000000045,-17.5,-34.17,5.265409702304033,17739.1,Rancagua,O'Higgins
13.4,33.3,19.7,11.7,-0.8700000000000045,19.69999999999999,-34.17,5.265409702304033,19795.2,Rancagua,O'Higgins
8.75,33.5,20.6,14.8,-0.6700000000000017,20.599999999999994,-34.17,5.265409702304033,12457.1,Rancagua,O'Higgins
12.82,32.7,26.4,16.1,-1.4699999999999989,26.400000000000006,-34.17,5.265409702304033,17771.0,Rancagua,O'Higgins
4.38,36.2,3.5,11.8,2.030000000000001,3.5,-34.17,5.265409702304033,6547.9,Rancagua,O'Higgins
2.89,40.2,81.0,17.1,6.030000000000001,81.0,-34.17,5.265409702304033,3071.2,Rancagua,O'Higgins
10.53,24.3,26.4,12.8,-9.870000000000001,26.400000000000006,-34.17,5.265409702304033,14942.7,Rancagua,O'Higgins
2.68,25.8,8.1,13.1,-8.370000000000001,8.099999999999994,-34.17,5.265409702304033,3892.5,Rancagua,O'Higgins
13.6,20.2,338.1,12.2,-13.970000000000002,-21.899999999999977,-34.17,5.265409702304033,19300.0,Rancagua,O'Higgins
10.99,41.1,357.6,17.9,6.93,-2.3999999999999773,-34.17,5.265409702304033,15205.4,Rancagua,O'Higgins
14.38,36.2,35.7,19.6,2.030000000000001,35.69999999999999,-34.17,5.265409702304033,18664.7,Rancagua,O'Higgins
6.08,38.2,42.7,14.9,4.030000000000001,42.69999999999999,-34.17,5.265409702304033,8154.7,Rancagua,O'Higgins
8.32,22.7,37.0,10.4,-11.470000000000002,37.0,-34.17,5.265409702304033,11757.5,Rancagua,O'Higgins
11.64,48.4,19.6,12.6,14.229999999999997,19.599999999999994,-34.17,5.265409702304033,16487.5,Rancagua,O'Higgins
5.16,29.3,328.6,11.6,-4.870000000000001,-31.399999999999977,-34.17,5.265409702304033,7421.2,Rancagua,O'Higgins
9.04,35.5,12.2,18.4,1.3299999999999983,12.199999999999989,-34.17,5.265409702304033,12445.3,Rancagua,O'Higgins
10.57,41.0,329.0,10.8,6.829999999999998,-31.0,-34.17,5.265409702304033,15303.2,Rancagua,O'Higgins
14.72,26.3,322.8,19.7,-7.870000000000001,-37.19999999999999,-34.17,5.265409702304033,18845.5,Rancagua,O'Higgins
11.68,29.8,6.0,15.9,-4.370000000000001,6.0,-34.17,5.265409702304033,16602.7,Rancagua,O'Higgins
3.54,35.6,13.1,15.2,1.4299999999999997,13.099999999999994,-34.17,5.265409702304033,5054.7,Rancagua,O'Higgins
8.18,57.0,22.6,18.5,22.83,22.599999999999994,-34.17,5.265409702304033,10225.4,Rancagua,O'Higgins
9.65,36.6,12.4,10.3,2.4299999999999997,12.400000000000006,-34.17,5.265409702304033,14600.0,Rancagua,O'Higgins
3.91,47.0,13.3,17.8,12.829999999999998,13.300000000000011,-34.17,5.265409702304033,5278.4,Rancagua,O'Higgins
7.62,43.8,335.4,11.2,9.629999999999995,-24.600000000000023,-34.17,5.265409702304033,11058.0,Rancagua,O'Higgins
5.69,37.1,357.4,18.4,2.9299999999999997,-2.6000000000000227,-34.17,5.265409702304033,7868.8,Rancagua,O'Higgins
3.54,26.3,322.3,15.3,-7.870000000000001,-37.69999999999999,-34.17,5.265409702304033,4776.6,Rancagua,O'Higgins
8.66,42.6,309.9,10.6,8.43,-50.10000000000002,-34.17,5.265409702304033,11766.8,Rancagua,O'Higgins
4.15,22.2,18.5,18.3,-11.970000000000002,18.5,-34.17,5.265409702304033,5557.1,Rancagua,O'Higgins
9.68,47.0,341.2,10.3,12.829999999999998,-18.799999999999955,-34.17,5.265409702304033,14174.6,Rancagua,O'Higgins
4.21,35.8,21.8,11.4,1.6299999999999955,21.80000000000001,-34.17,5.265409702304033,6208.4,Rancagua,O'Higgins
11.41,13.0,27.7,18.0,-21.17,27.69999999999999,-34.17,5.265409702304033,14371.7,Rancagua,O'Higgins
4.54,31.4,344.5,14.6,-2.770000000000003,-15.5,-34.17,5.265409702304033,6505.8,Rancagua,O'Higgins
13.65,39.4,14.8,18.8,5.229999999999997,14.800000000000011,-34.17,5.265409702304033,18574.7,Rancagua,O'Higgins
2.34,32.3,343.5,16.4,-1.8700000000000045,-16.5,-34.17,5.265409702304033,3286.2,Rancagua,O'Higgins
8.79,39.9,313.9,16.2,5.729999999999997,-46.10000000000002,-34.17,5.265409702304033,11432.7,Rancagua,O'Higgins
6.16,27.4,3.1,12.9,-6.770000000000003,3.0999999999999943,-34.17,5.265409702304033,9037.3,Rancagua,O'Higgins
4.93,23.7,348.2,11.3,-10.470000000000002,-11.799999999999955,-34.17,5.265409702304033,7250.3,Rancagua,O'Higgins
8.13,33.6,349.0,19.6,-0.5700000000000003,-11.0,-34.17,5.265409702304033,11040.3,Rancagua,O'Higgins
12.95,34.4,49.4,11.0,0.22999999999999687,49.400000000000006,-34.17,5.265409702304033,17755.4,Rancagua,O'Higgins
13.9,31.4,321.9,15.3,-2.770000000000003,-38.10000000000002,-34.17,5.265409702304033,18860.3,Rancagua,O'Higgins
5.94,44.0,9.6,12.7,9.829999999999998,9.599999999999994,-34.17,5.265409702304033,8641.5,Rancagua,O'Higgins
4.01,27.4,335.1,12.6,-6.770000000000003,-24.899999999999977,-34.17,5.265409702304033,5757.4,Rancagua,O'Higgins
11.36,36.7,22.7,15.9,2.530000000000001,22.69999999999999,-34.17,5.265409702304033,15874.0,Rancagua,O'Higgins
9.57,34.7,7.5,18.0,0.5300000000000011,7.5,-34.17,5.265409702304033,13285.9,Rancagua,O'Higgins
4.61,21.7,9.5,17.8,-12.470000000000002,9.5,-34.17,5.265409702304033,6264.3,Rancagua,O'Higgins
11.88,23.6,336.4,18.7,-10.57,-23.600000000000023,-34.17,5.265409702304033,15779.3,Rancagua,O'Higgins
8.75,34.3,340.9,12.9,0.12999999999999545,-19.100000000000023,-34.17,5.265409702304033,12743.2,Rancagua,O'Higgins
10.49,50.0,23.2,14.7,15.829999999999998,23.19999999999999,-34.17,5.265409702304033,14322.2,Rancagua,O'Higgins
6.67,38.8,44.3,10.1,4.6299999999999955,44.30000000000001,-34.17,5.265409702304033,9397.6,Rancagua,O'Higgins
7.71,20.4,12.0,17.5,-13.770000000000003,12.0,-34.17,5.265409702304033,10426.4,Rancagua,O'Higgins
4.34,9.3,337.6,13.0,-24.87,-22.399999999999977,-34.17,5.265409702304033,5705.9,Rancagua,O'Higgins
11.83,40.0,8.5,15.6,5.829999999999998,8.5,-34.17,5.265409702304033,16812.5,Rancagua,O'Higgins
4.04,33.4,60.7,11.7,-0.7700000000000031,60.69999999999999,-34.17,5.265409702304033,5225.8,Rancagua,O'Higgins
12.12,43.3,2.6,18.2,9.129999999999995,2.5999999999999943,-34.17,5.265409702304033,16605.3,Rancagua,O'Higgins
12.37,27.1,36.5,18.2,-7.07,36.5,-34.17,5.265409702304033,16193.0,Rancagua,O'Higgins
11.71,37.0,341.5,18.8,2.8299999999999983,-18.5,-34.17,5.265409702304033,15906.1,Rancagua,O'Higgins
2.25,40.9,358.9,10.5,6.729999999999997,-1.1000000000000227,-34.17,5.265409702304033,3398.6,Rancagua,O'Higgins
5.55,30.6,15.5,19.9,-3.5700000000000003,15.5,-34.17,5.265409702304033,7459.3,Rancagua,O'Higgins
8.09,30.8,9.9,12.5,-3.370000000000001,9.900000000000006,-34.17,5.265409702304033,11946.9,Rancagua,O'Higgins
9.74,34.4,340.8,13.1,0.22999999999999687,-19.200000000000045,-34.17,5.265409702304033,14166.9,Rancagua,O'Higgins
13.95,38.5,339.8,12.5,4.329999999999998,-20.200000000000045,-34.17,5.265409702304033,20334.5,Rancagua,O'Higgins
6.88,34.1,24.7,12.7,-0.07000000000000028,24.69999999999999,-34.17,5.265409702304033,9963.5,Rancagua,O'Higgins
13.38,42.0,29.8,15.5,7.829999999999998,29.80000000000001,-34.17,5.265409702304033,18358.2,Rancagua,O'Higgins
4.12,30.5,37.8,12.4,-3.6700000000000017,37.80000000000001,-34.17,5.265409702304033,5788.9,Rancagua,O'Higgins
6.83,23.5,45.1,13.9,-10.670000000000002,45.099999999999994,-34.17,5.265409702304033,9049.9,Rancagua,O'Higgins
2.68,50.0,3.4,16.6,15.829999999999998,3.4000000000000057,-34.17,5.265409702304033,3649.3,Rancagua,O'Higgins
11.65,29.3,352.2,18.4,-4.870000000000001,-7.7999999999999545,-34.17,5.265409702304033,16048.8,Rancagua,O'Higgins
3.96,29.6,33.8,16.9,-4.57,33.80000000000001,-34.17,5.265409702304033,5322.9,Rancagua,O'Higgins
5.34,33.6,17.8,15.9,-0.5700000000000003,17.80000000000001,-34.17,5.265409702304033,7526.6,Rancagua,O'Higgins
12.08,34.7,335.4,11.5,0.5300000000000011,-24.600000000000023,-34.17,5.265409702304033,17727.9,Rancagua,O'Higgins
8.95,31.1,334.2,18.2,-3.0700000000000003,-25.799999999999955,-34.17,5.265409702304033,12099.1,Rancagua,O'Higgins
2.18,34.0,12.3,10.4,-0.1700000000000017,12.300000000000011,-34.17,5.265409702304033,3299.1,Rancagua,O'Higgins
2.03,33.9,355.6,12.6,-0.2700000000000031,-4.399999999999977,-34.17,5.265409702304033,3005.7,Rancagua,O'Higgins
8.64,35.6,359.3,10.6,1.4299999999999997,-0.7000000000000455,-34.17,5.265409702304033,13105.8,Rancagua,O'Higgins
5.96,15.3,26.8,16.7,-18.87,26.80000000000001,-34.17,5.265409702304033,7763.5,Rancagua,O'Higgins
4.34,49.2,19.0,13.7,15.030000000000001,19.0,-34.17,5.265409702304033,6060.8,Rancagua,O'Higgins
9.98,33.0,33.2,16.5,-1.1700000000000017,33.19999999999999,-34.17,5.265409702304033,13539.8,Rancagua,O'Higgins
4.97,38.8,311.7,13.5,4.6299999999999955,-48.30000000000001,-34.17,5.265409702304033,6637.2,Rancagua,O'Higgins
9.7,23.1,6.3,14.6,-11.07,6.300000000000011,-34.17,5.265409702304033,13782.0,Rancagua,O'Higgins
6.93,30.4,17.4,14.6,-3.770000000000003,17.400000000000006,-34.17,5.265409702304033,9909.6,Rancagua,O'Higgins
4.43,28.8,321.8,10.5,-5.370000000000001,-38.19999999999999,-34.17,5.265409702304033,6330.4,Rancagua,O'Higgins
3.8,45.9,343.6,14.3,11.729999999999997,-16.399999999999977,-34.17,5.265409702304033,5348.6,Rancagua,O'Higgins
5.08,29.5,339.0,16.4,-4.670000000000002,-21.0,-34.17,5.265409702304033,7060.3,Rancagua,O'Higgins
2.39,40.2,0.5,15.5,6.030000000000001,0.5,-34.17,5.265409702304033,3406.4,Rancagua,O'Higgins
6.01,29.0,40.7,10.8,-5.170000000000002,40.69999999999999,-34.17,5.265409702304033,8492.9,Rancagua,O'Higgins
13.73,30.5,50.6,16.7,-3.6700000000000017,50.599999999999994,-34.17,5.265409702304033,17512.7,Rancagua,O'Higgins
12.81,32.2,339.6,13.1,-1.9699999999999989,-20.399999999999977,-34.17,5.265409702304033,18581.5,Rancagua,O'Higgins
6.84,44.4,13.2,10.1,10.229999999999997,13.199999999999989,-34.17,5.265409702304033,10189.2,Rancagua,O'Higgins
9.49,19.1,14.0,11.6,-15.07,14.0,-34.17,5.265409702304033,13642.3,Rancagua,O'Higgins
9.38,23.6,9.7,15.0,-10.57,9.699999999999989,-34.17,5.265409702304033,13252.6,Rancagua,O'Higgins
12.77,18.6,10.0,13.1,-15.57,10.0,-34.17,5.265409702304033,18075.4,Rancagua,O'Higgins
5.07,25.5,7.6,16.9,-8.670000000000002,7.599999999999994,-34.17,5.265409702304033,7050.6,Rancagua,O'Higgins
5.85,27.7,42.2,12.4,-6.470000000000002,42.19999999999999,-34.17,5.265409702304033,8065.1,Rancagua,O'Higgins
5.92,21.3,27.6,17.7,-12.870000000000001,27.599999999999994,-34.17,5.265409702304033,7828.4,Rancagua,O'Higgins
2.53,28.3,333.5,12.9,-5.870000000000001,-26.5,-34.17,5.265409702304033,3624.2,Rancagua,O'Higgins
6.09,18.1,19.9,16.2,-16.07,19.900000000000006,-34.17,5.265409702304033,8195.4,Rancagua,O'Higgins
13.41,26.0,22.3,18.0,-8.170000000000002,22.30000000000001,-34.17,5.265409702304033,18128.8,Rancagua,O'Higgins
13.86,43.8,7.9,13.9,9.629999999999995,7.900000000000006,-34.17,5.265409702304033,19924.3,Rancagua,O'Higgins
3.43,37.4,28.3,10.5,3.229999999999997,28.30000000000001,-34.17,5.265409702304033,5038.4,Rancagua,O'Higgins
7.95,35.7,4.7,15.4,1.5300000000000011,4.699999999999989,-34.17,5.265409702304033,11412.9,Rancagua,O'Higgins
6.96,26.1,5.0,20.0,-8.07,5.0,-34.17,5.265409702304033,9349.4,Rancagua,O'Higgins
8.36,21.9,3.0,19.7,-12.270000000000003,3.0,-34.17,5.265409702304033,11130.7,Rancagua,O'Higgins
9.21,25.1,309.5,12.2,-9.07,-50.5,-34.17,5.265409702304033,12257.3,Rancagua,O'Higgins
2.26,33.8,358.0,17.6,-0.37000000000000455,-2.0,-34.17,5.265409702304033,3166.0,Rancagua,O'Higgins
12.95,41.1,343.3,13.4,6.93,-16.700000000000045,-34.17,5.265409702304033,18679.2,Rancagua,O'Higgins
14.66,41.4,330.3,11.6,7.229999999999997,-29.69999999999999,-34.17,5.265409702304033,21086.8,Rancagua,O'Higgins
10.49,39.2,35.9,16.7,5.030000000000001,35.900000000000006,-34.17,5.265409702304033,14066.7,Rancagua,O'Higgins
10.59,28.3,12.6,15.0,-5.870000000000001,12.599999999999994,-34.17,5.265409702304033,15095.2,Rancagua,O'Higgins
8.86,34.4,359.3,15.4,0.22999999999999687,-0.7000000000000455,-34.17,5.265409702304033,12726.0,Rancagua,O'Higgins
6.35,31.6,345.9,18.3,-2.5700000000000003,-14.100000000000023,-34.17,5.265409702304033,8725.0,Rancagua,O'Higgins
3.94,32.6,7.4,13.4,-1.5700000000000003,7.400000000000006,-34.17,5.265409702304033,5773.3,Rancagua,O'Higgins
9.59,50.5,24.8,16.7,16.33,24.80000000000001,-34.17,5.265409702304033,12716.6,Rancagua,O'Higgins
2.58,20.1,339.3,13.7,-14.07,-20.700000000000045,-34.17,5.265409702304033,3612.7,Rancagua,O'Higgins
12.72,32.3,359.9,10.4,-1.8700000000000045,-0.10000000000002274,-34.17,5.265409702304033,19322.2,Rancagua,O'Higgins
7.47,43.9,21.7,13.8,9.729999999999997,21.69999999999999,-34.17,5.265409702304033,10583.6,Rancagua,O'Higgins
7.39,22.4,311.6,19.5,-11.770000000000003,-48.39999999999998,-34.17,5.265409702304033,9018.1,Rancagua,O'Higgins
6.25,29.0,358.6,14.8,-5.170000000000002,-1.3999999999999773,-34.17,5.265409702304033,9000.4,Rancagua,O'Higgins
14.6,29.9,349.3,11.1,-4.270000000000003,-10.700000000000045,-34.17,5.265409702304033,21876.3,Rancagua,O'Higgins
4.27,32.4,356.7,16.9,-1.7700000000000031,-3.2999999999999545,-34.17,5.265409702304033,6023.1,Rancagua,O'Higgins
3.97,21.4,347.5,19.6,-12.770000000000003,-12.5,-34.17,5.265409702304033,5244.9,Rancagua,O'Higgins
4.15,38.9,3.4,19.1,4.729999999999997,3.4000000000000057,-34.17,5.265409702304033,5679.2,Rancagua,O'Higgins
10.56,39.5,48.1,15.7,5.329999999999998,48.099999999999994,-34.17,5.265409702304033,13734.0,Rancagua,O'Higgins
14.89,38.2,351.9,13.8,4.030000000000001,-8.100000000000023,-34.17,5.265409702304033,21688.1,Rancagua,O'Higgins
5.06,27.2,7.3,15.8,-6.970000000000002,7.300000000000011,-34.17,5.265409702304033,7163.3,Rancagua,O'Higgins
13.77,34.9,49.9,18.2,0.7299999999999969,49.900000000000006,-34.17,5.265409702304033,17344.1,Rancagua,O'Higgins
5.62,27.0,346.2,18.6,-7.170000000000002,-13.799999999999955,-34.17,5.265409702304033,7648.2,Rancagua,O'Higgins
10.42,31.5,45.4,18.2,-2.6700000000000017,45.400000000000006,-34.17,5.265409702304033,13336.5,Rancagua,O'Higgins
2.53,51.4,0.1,14.6,17.229999999999997,0.09999999999999432,-34.17,5.265409702304033,3499.0,Rancagua,O'Higgins
8.44,34.9,44.5,11.2,0.7299999999999969,44.5,-34.17,5.265409702304033,11774.8,Rancagua,O'Higgins
10.51,24.7,18.8,15.7,-9.470000000000002,18.80000000000001,-34.17,5.265409702304033,14631.4,Rancagua,O'Higgins
8.97,35.6,7.7,11.6,1.4299999999999997,7.699999999999989,-34.17,5.265409702304033,13430.4,Rancagua,O'Higgins
5.09,23.4,358.4,10.6,-10.770000000000003,-1.6000000000000227,-34.17,5.265409702304033,7586.1,Rancagua,O'Higgins
12.77,24.6,344.4,15.0,-9.57,-15.600000000000023,-34.17,5.265409702304033,17997.8,Rancagua,O'Higgins
14.61,25.8,1.9,16.6,-8.370000000000001,1.9000000000000057,-34.17,5.265409702304033,20470.3,Rancagua,O'Higgins
7.97,30.6,22.4,18.5,-3.5700000000000003,22.400000000000006,-34.17,5.265409702304033,10785.4,Rancagua,O'Higgins
10.27,41.7,359.7,17.8,7.530000000000001,-0.2999999999999545,-34.17,5.265409702304033,14194.2,Rancagua,O'Higgins
12.28,38.8,352.1,18.6,4.6299999999999955,-7.899999999999977,-34.17,5.265409702304033,16866.7,Rancagua,O'Higgins
5.14,38.4,353.7,17.6,4.229999999999997,-6.2999999999999545,-34.17,5.265409702304033,7156.5,Rancagua,O'Higgins
13.24,25.4,24.8,17.0,-8.770000000000003,24.80000000000001,-34.17,5.265409702304033,17989.1,Rancagua,O'Higgins
5.64,29.8,30.6,10.1,-4.370000000000001,30.599999999999994,-34.17,5.265409702304033,8278.8,Rancagua,O'Higgins
12.09,36.3,343.3,16.3,2.1299999999999955,-16.700000000000045,-34.17,5.265409702304033,16980.5,Rancagua,O'Higgins
3.46,29.1,343.3,11.2,-5.07,-16.700000000000045,-34.17,5.265409702304033,5134.4,Rancagua,O'Higgins
5.75,31.9,9.5,10.6,-2.270000000000003,9.5,-34.17,5.265409702304033,8686.7,Rancagua,O'Higgins
8.94,37.7,38.2,11.6,3.530000000000001,38.19999999999999,-34.17,5.265409702304033,12650.3,Rancagua,O'Higgins
8.82,31.4,28.6,18.2,-2.770000000000003,28.599999999999994,-34.17,5.265409702304033,11849.2,Rancagua,O'Higgins
13.06,36.0,328.7,17.4,1.8299999999999983,-31.30000000000001,-34.17,5.265409702304033,17604.9,Rancagua,O'Higgins
14.95,46.9,353.4,19.5,12.729999999999997,-6.600000000000023,-34.17,5.265409702304033,19889.4,Rancagua,O'Higgins
3.39,32.8,336.7,19.8,-1.3700000000000045,-23.299999999999955,-34.17,5.265409702304033,4523.2,Rancagua,O'Higgins
5.53,43.6,353.3,18.9,9.43,-6.7000000000000455,-34.17,5.265409702304033,7489.3,Rancagua,O'Higgins
6.65,38.6,40.1,11.3,4.43,40.099999999999994,-34.17,5.265409702304033,9369.3,Rancagua,O'Higgins
8.23,22.4,324.4,18.8,-11.770000000000003,-35.60000000000002,-34.17,5.265409702304033,10569.8,Rancagua,O'Higgins
8.42,25.4,319.5,18.4,-8.770000000000003,-40.5,-34.17,5.265409702304033,10813.4,Rancagua,O'Higgins
13.13,27.5,339.3,18.7,-6.670000000000002,-20.700000000000045,-34.17,5.265409702304033,17697.4,Rancagua,O'Higgins
12.02,27.3,7.2,11.5,-6.870000000000001,7.199999999999989,-34.17,5.265409702304033,17880.9,Rancagua,O'Higgins
2.25,33.4,15.5,11.2,-0.7700000000000031,15.5,-34.17,5.265409702304033,3353.1,Rancagua,O'Higgins
7.92,39.1,10.9,19.2,4.93,10.900000000000006,-34.17,5.265409702304033,10758.9,Rancagua,O'Higgins
10.03,44.2,29.4,11.7,10.030000000000001,29.400000000000006,-34.17,5.265409702304033,14315.8,Rancagua,O'Higgins
7.99,36.6,315.9,13.7,2.4299999999999997,-44.10000000000002,-34.17,5.265409702304033,10831.4,Rancagua,O'Higgins
3.7,30.6,29.7,14.6,-3.5700000000000003,29.69999999999999,-34.17,5.265409702304033,5173.1,Rancagua,O'Higgins
7.17,17.5,352.2,11.2,-16.67,-7.7999999999999545,-34.17,5.265409702304033,10318.0,Rancagua,O'Higgins
7.35,34.7,18.3,10.2,0.5300000000000011,18.30000000000001,-34.17,5.265409702304033,11059.3,Rancagua,O'Higgins
4.44,34.4,326.9,19.9,0.22999999999999687,-33.10000000000002,-34.17,5.265409702304033,5782.8,Rancagua,O'Higgins
11.83,35.6,0.1,18.8,1.4299999999999997,0.09999999999999432,-34.17,5.265409702304033,16305.3,Rancagua,O'Higgins
6.18,51.0,5.9,19.1,16.83,5.900000000000006,-34.17,5.265409702304033,8104.5,Rancagua,O'Higgins
9.66,44.1,28.9,12.8,9.93,28.900000000000006,-34.17,5.265409702304033,13623.8,Rancagua,O'Higgins
8.7,40.5,320.4,12.2,6.329999999999998,-39.60000000000002,-34.17,5.265409702304033,12128.0,Rancagua,O'Higgins
13.41,26.5,0.8,14.3,-7.670000000000002,0.8000000000000114,-34.17,5.265409702304033,19330.6,Rancagua,O'Higgins
3.59,30.1,332.9,14.5,-4.07,-27.100000000000023,-34.17,5.265409702304033,5043.2,Rancagua,O'Higgins
3.49,33.4,12.6,10.1,-0.7700000000000031,12.599999999999994,-34.17,5.265409702304033,5287.1,Rancagua,O'Higgins
5.9,28.0,19.4,17.8,-6.170000000000002,19.400000000000006,-34.17,5.265409702304033,8070.9,Rancagua,O'Higgins
7.61,38.2,32.2,20.0,4.030000000000001,32.19999999999999,-34.17,5.265409702304033,9901.0,Rancagua,O'Higgins
5.88,37.0,346.6,15.3,2.8299999999999983,-13.399999999999977,-34.17,5.265409702304033,8386.5,Rancagua,O'Higgins
11.92,25.5,23.2,13.9,-8.670000000000002,23.19999999999999,-34.17,5.265409702304033,16870.1,Rancagua,O'Higgins
5.19,43.7,34.0,13.9,9.530000000000001,34.0,-34.17,5.265409702304033,7145.9,Rancagua,O'Higgins
3.1,35.0,318.9,11.0,0.8299999999999983,-41.10000000000002,-34.17,5.265409702304033,4388.7,Rancagua,O'Higgins
7.38,20.3,15.3,12.7,-13.870000000000001,15.300000000000011,-34.17,5.265409702304033,10525.3,Rancagua,O'Higgins
12.05,33.8,24.0,15.0,-0.37000000000000455,24.0,-34.17,5.265409702304033,17003.5,Rancagua,O'Higgins
13.06,36.4,353.5,14.3,2.229999999999997,-6.5,-34.17,5.265409702304033,18940.5,Rancagua,O'Higgins
11.53,42.0,329.7,15.5,7.829999999999998,-30.30000000000001,-34.17,5.265409702304033,15827.1,Rancagua,O'Higgins
9.25,31.5,23.6,18.5,-2.6700000000000017,23.599999999999994,-34.17,5.265409702304033,12514.3,Rancagua,O'Higgins
11.41,40.8,330.0,12.3,6.6299999999999955,-30.0,-34.17,5.265409702304033,16308.6,Rancagua,O'Higgins
10.86,35.7,355.5,10.3,1.5300000000000011,-4.5,-34.17,5.265409702304033,16514.2,Rancagua,O'Higgins
5.05,23.6,359.0,10.4,-10.57,-1.0,-34.17,5.265409702304033,7545.8,Rancagua,O'Higgins
9.16,22.8,17.9,11.3,-11.370000000000001,17.900000000000006,-34.17,5.265409702304033,13348.7,Rancagua,O'Higgins
12.02,43.2,344.3,15.7,9.030000000000001,-15.700000000000045,-34.17,5.265409702304033,16822.2,Rancagua,O'Higgins
6.12,43.7,342.9,18.1,9.530000000000001,-17.100000000000023,-34.17,5.265409702304033,8299.4,Rancagua,O'Higgins
10.5,36.8,2.5,18.9,2.6299999999999955,2.5,-34.17,5.265409702304033,14440.6,Rancagua,O'Higgins
8.26,46.1,25.2,16.4,11.93,25.19999999999999,-34.17,5.265409702304033,11194.0,Rancagua,O'Higgins
8.54,42.6,57.2,14.0,8.43,57.19999999999999,-34.17,5.265409702304033,10821.8,Rancagua,O'Higgins
3.17,39.6,322.3,11.5,5.43,-37.69999999999999,-34.17,5.265409702304033,4483.9,Rancagua,O'Higgins
10.66,26.9,7.9,14.0,-7.270000000000003,7.900000000000006,-34.17,5.265409702304033,15393.6,Rancagua,O'Higgins
13.25,48.0,332.8,13.3,13.829999999999998,-27.200000000000045,-34.17,5.265409702304033,18398.7,Rancagua,O'Higgins
3.84,38.5,25.5,18.7,4.329999999999998,25.5,-34.17,5.265409702304033,5151.2,Rancagua,O'Higgins
6.76,31.1,336.5,14.9,-3.0700000000000003,-23.5,-34.17,5.265409702304033,9547.3,Rancagua,O'Higgins
2.63,28.8,343.1,12.3,-5.370000000000001,-16.899999999999977,-34.17,5.265409702304033,3860.5,Rancagua,O'Higgins
2.39,36.2,345.3,12.9,2.030000000000001,-14.700000000000045,-34.17,5.265409702304033,3494.7,Rancagua,O'Higgins
14.87,20.8,358.1,11.4,-13.370000000000001,-1.8999999999999773,-34.17,5.265409702304033,21750.8,Rancagua,O'Higgins
8.42,39.8,8.1,19.2,5.6299999999999955,8.099999999999994,-34.17,5.265409702304033,11457.0,Rancagua,O'Higgins
6.62,26.5,12.1,10.5,-7.670000000000002,12.099999999999994,-34.17,5.265409702304033,9912.3,Rancagua,O'Higgins
5.57,37.1,359.9,10.1,2.9299999999999997,-0.10000000000002274,-34.17,5.265409702304033,8488.6,Rancagua,O'Higgins
14.74,30.0,326.8,11.8,-4.170000000000002,-33.19999999999999,-34.17,5.265409702304033,21076.9,Rancagua,O'Higgins
5.28,32.1,18.2,18.1,-2.0700000000000003,18.19999999999999,-34.17,5.265409702304033,7239.3,Rancagua,O'Higgins
11.43,28.1,358.7,15.2,-6.07,-1.2999999999999545,-34.17,5.265409702304033,16354.7,Rancagua,O'Higgins
10.14,44.0,15.8,13.0,7.18,15.800000000000011,-36.82,4.834485104215848,14065.0,Concepción,Biobío
6.65,37.4,345.2,17.0,0.5799999999999983,-14.799999999999955,-36.82,4.834485104215848,8879.2,Concepción,Biobío
2.89,28.8,17.1,14.0,-8.02,17.099999999999994,-36.82,4.834485104215848,3951.5,Concepción,Biobío
13.13,34.3,53.5,16.0,-2.520000000000003,53.5,-36.82,4.834485104215848,15971.8,Concepción,Biobío
4.49,24.0,319.3,20.0,-12.82,-40.69999999999999,-36.82,4.834485104215848,5336.3,Concepción,Biobío
2.43,28.7,338.9,19.8,-8.120000000000001,-21.100000000000023,-36.82,4.834485104215848,3076.4,Concepción,Biobío
9.45,47.7,354.1,15.1,10.880000000000003,-5.899999999999977,-36.82,4.834485104215848,12759.1,Concepción,Biobío
3.08,35.7,349.6,15.7,-1.1199999999999974,-10.399999999999977,-36.82,4.834485104215848,4197.4,Concepción,Biobío
3.24,51.9,351.7,19.0,15.079999999999998,-8.299999999999955,-36.82,4.834485104215848,4108.4,Concepción,Biobío
12.4,36.1,327.4,19.9,-0.7199999999999989,-32.60000000000002,-36.82,4.834485104215848,15484.6,Concepción,Biobío
8.39,36.5,35.1,17.8,-0.3200000000000003,35.099999999999994,-36.82,4.834485104215848,10674.5,Concepción,Biobío
5.14,41.9,324.4,10.7,5.079999999999998,-35.60000000000002,-36.82,4.834485104215848,7068.2,Concepción,Biobío
6.53,15.4,355.0,13.2,-21.42,-5.0,-36.82,4.834485104215848,8557.8,Concepción,Biobío
11.48,38.5,26.1,19.0,1.6799999999999997,26.099999999999994,-36.82,4.834485104215848,14700.5,Concepción,Biobío
2.86,36.4,359.2,17.7,-0.4200000000000017,-0.7999999999999545,-36.82,4.834485104215848,3824.1,Concepción,Biobío
3.51,48.7,335.5,17.4,11.880000000000003,-24.5,-36.82,4.834485104215848,4503.9,Concepción,Biobío
10.01,44.5,326.3,16.7,7.68,-33.69999999999999,-36.82,4.834485104215848,12838.6,Concepción,Biobío
9.89,27.8,354.3,14.2,-9.02,-5.7000000000000455,-36.82,4.834485104215848,13590.6,Concepción,Biobío
14.64,46.8,341.1,14.0,9.979999999999997,-18.899999999999977,-36.82,4.834485104215848,19848.1,Concepción,Biobío
6.87,34.7,5.1,18.1,-2.1199999999999974,5.099999999999994,-36.82,4.834485104215848,9116.2,Concepción,Biobío
2.85,29.6,325.0,12.9,-7.219999999999999,-35.0,-36.82,4.834485104215848,3804.2,Concepción,Biobío
8.99,38.4,20.3,16.8,1.5799999999999983,20.30000000000001,-36.82,4.834485104215848,11934.4,Concepción,Biobío
10.3,35.2,2.9,17.3,-1.6199999999999974,2.9000000000000057,-36.82,4.834485104215848,13818.6,Concepción,Biobío
3.81,49.1,4.7,18.4,12.280000000000001,4.699999999999989,-36.82,4.834485104215848,4928.9,Concepción,Biobío
9.19,39.5,36.0,13.2,2.6799999999999997,36.0,-36.82,4.834485104215848,12293.9,Concepción,Biobío
4.57,38.5,349.1,17.4,1.6799999999999997,-10.899999999999977,-36.82,4.834485104215848,6095.7,Concepción,Biobío
12.98,44.0,341.9,11.1,7.18,-18.100000000000023,-36.82,4.834485104215848,18356.3,Concepción,Biobío
12.86,45.6,346.3,11.4,8.780000000000001,-13.700000000000045,-36.82,4.834485104215848,18146.2,Concepción,Biobío
7.59,43.1,355.2,14.2,6.280000000000001,-4.7999999999999545,-36.82,4.834485104215848,10493.0,Concepción,Biobío
14.57,48.2,357.7,10.6,11.380000000000003,-2.2999999999999545,-36.82,4.834485104215848,20729.4,Concepción,Biobío
14.74,41.7,339.2,19.5,4.880000000000003,-20.799999999999955,-36.82,4.834485104215848,18875.0,Concepción,Biobío
3.68,38.2,309.4,19.0,1.3800000000000026,-50.60000000000002,-36.82,4.834485104215848,4372.1,Concepción,Biobío
6.78,46.7,346.0,10.5,9.880000000000003,-14.0,-36.82,4.834485104215848,9630.0,Concepción,Biobío
9.8,36.1,9.0,18.4,-0.7199999999999989,9.0,-36.82,4.834485104215848,12945.4,Concepción,Biobío
3.1,37.1,3.4,15.1,0.28000000000000114,3.4000000000000057,-36.82,4.834485104215848,4274.0,Concepción,Biobío
6.97,50.6,30.0,17.0,13.780000000000001,30.0,-36.82,4.834485104215848,8812.0,Concepción,Biobío
5.4,49.8,48.9,18.9,12.979999999999997,48.900000000000006,-36.82,4.834485104215848,6302.0,Concepción,Biobío
14.38,36.8,19.0,15.8,-0.020000000000003126,19.0,-36.82,4.834485104215848,19383.7,Concepción,Biobío
7.35,33.2,34.6,11.2,-3.6199999999999974,34.599999999999994,-36.82,4.834485104215848,10099.1,Concepción,Biobío
11.91,48.5,19.2,10.0,11.68,19.19999999999999,-36.82,4.834485104215848,16798.4,Concepción,Biobío
7.03,43.2,42.7,15.0,6.380000000000003,42.69999999999999,-36.82,4.834485104215848,8974.1,Concepción,Biobío
3.71,39.3,46.3,19.5,2.479999999999997,46.30000000000001,-36.82,4.834485104215848,4457.5,Concepción,Biobío
13.22,34.2,23.8,15.7,-2.6199999999999974,23.80000000000001,-36.82,4.834485104215848,17676.5,Concepción,Biobío
2.01,39.5,17.7,13.7,2.6799999999999997,17.69999999999999,-36.82,4.834485104215848,2771.6,Concepción,Biobío
2.73,36.6,354.9,10.3,-0.21999999999999886,-5.100000000000023,-36.82,4.834485104215848,3965.8,Concepción,Biobío
6.74,31.5,359.0,19.1,-5.32,-1.0,-36.82,4.834485104215848,8801.5,Concepción,Biobío
10.93,37.9,351.6,13.3,1.0799999999999983,-8.399999999999977,-36.82,4.834485104215848,15339.7,Concepción,Biobío
6.44,38.9,15.5,17.0,2.0799999999999983,15.5,-36.82,4.834485104215848,8587.3,Concepción,Biobío
2.86,33.8,342.0,16.9,-3.020000000000003,-18.0,-36.82,4.834485104215848,3805.2,Concepción,Biobío
6.13,44.1,355.2,12.5,7.280000000000001,-4.7999999999999545,-36.82,4.834485104215848,8627.1,Concepción,Biobío
5.18,47.1,301.1,10.6,10.280000000000001,-58.89999999999998,-36.82,4.834485104215848,6442.7,Concepción,Biobío
2.07,44.6,43.1,13.9,7.780000000000001,43.099999999999994,-36.82,4.834485104215848,2668.0,Concepción,Biobío
8.95,34.6,354.5,13.2,-2.219999999999999,-5.5,-36.82,4.834485104215848,12591.5,Concepción,Biobío
3.52,42.9,11.4,17.0,6.079999999999998,11.400000000000006,-36.82,4.834485104215848,4686.9,Concepción,Biobío
5.74,37.4,36.4,18.2,0.5799999999999983,36.400000000000006,-36.82,4.834485104215848,7234.6,Concepción,Biobío
10.34,26.9,7.5,12.2,-9.920000000000002,7.5,-36.82,4.834485104215848,14473.5,Concepción,Biobío
11.43,42.2,36.1,15.3,5.380000000000003,36.099999999999994,-36.82,4.834485104215848,14871.0,Concepción,Biobío
5.42,38.0,329.0,10.4,1.1799999999999997,-31.0,-36.82,4.834485104215848,7598.8,Concepción,Biobío
6.28,57.6,59.9,12.1,20.78,59.900000000000006,-36.82,4.834485104215848,7253.7,Concepción,Biobío
5.21,48.5,27.2,17.6,11.68,27.19999999999999,-36.82,4.834485104215848,6630.9,Concepción,Biobío
14.44,42.5,5.2,17.9,5.68,5.199999999999989,-36.82,4.834485104215848,19117.0,Concepción,Biobío
4.48,38.8,35.6,17.8,1.9799999999999969,35.599999999999994,-36.82,4.834485104215848,5684.9,Concepción,Biobío
4.38,38.1,330.8,11.4,1.2800000000000011,-29.19999999999999,-36.82,4.834485104215848,6093.1,Concepción,Biobío
7.79,28.8,352.8,15.5,-8.02,-7.2000000000000455,-36.82,4.834485104215848,10549.8,Concepción,Biobío
4.46,22.9,36.1,14.2,-13.920000000000002,36.099999999999994,-36.82,4.834485104215848,5730.9,Concepción,Biobío
4.04,29.8,313.3,19.9,-7.02,-46.69999999999999,-36.82,4.834485104215848,4782.2,Concepción,Biobío
3.25,36.4,14.0,16.5,-0.4200000000000017,14.0,-36.82,4.834485104215848,4364.3,Concepción,Biobío
10.32,20.0,13.3,19.4,-16.82,13.300000000000011,-36.82,4.834485104215848,12843.6,Concepción,Biobío
9.96,32.5,49.2,11.5,-4.32,49.19999999999999,-36.82,4.834485104215848,12970.9,Concepción,Biobío
10.45,34.8,320.4,14.5,-2.020000000000003,-39.60000000000002,-36.82,4.834485104215848,13637.5,Concepción,Biobío
12.05,35.1,40.2,17.7,-1.7199999999999989,40.19999999999999,-36.82,4.834485104215848,15106.4,Concepción,Biobío
6.24,31.5,346.0,13.7,-5.32,-14.0,-36.82,4.834485104215848,8643.4,Concepción,Biobío
13.94,34.1,348.8,16.3,-2.719999999999999,-11.200000000000045,-36.82,4.834485104215848,18818.2,Concepción,Biobío
11.53,50.6,329.4,15.1,13.780000000000001,-30.600000000000023,-36.82,4.834485104215848,14882.9,Concepción,Biobío
12.46,42.1,332.8,19.9,5.280000000000001,-27.200000000000045,-36.82,4.834485104215848,15674.0,Concepción,Biobío
11.37,32.3,10.1,11.7,-4.520000000000003,10.099999999999994,-36.82,4.834485104215848,16177.4,Concepción,Biobío
6.66,36.3,332.2,19.4,-0.5200000000000031,-27.799999999999955,-36.82,4.834485104215848,8460.9,Concepción,Biobío
5.68,36.6,18.5,14.0,-0.21999999999999886,18.5,-36.82,4.834485104215848,7822.2,Concepción,Biobío
7.49,30.7,343.4,14.7,-6.120000000000001,-16.600000000000023,-36.82,4.834485104215848,10207.7,Concepción,Biobío
3.26,30.7,329.7,15.3,-6.120000000000001,-30.30000000000001,-36.82,4.834485104215848,4302.9,Concepción,Biobío
7.87,44.9,346.8,12.7,8.079999999999998,-13.200000000000045,-36.82,4.834485104215848,10967.6,Concepción,Biobío
2.56,33.5,8.4,19.6,-3.3200000000000003,8.400000000000006,-36.82,4.834485104215848,3325.2,Concepción,Biobío
2.05,28.1,353.1,19.1,-8.719999999999999,-6.899999999999977,-36.82,4.834485104215848,2656.5,Concepción,Biobío
14.11,36.5,0.9,19.7,-0.3200000000000003,0.9000000000000057,-36.82,4.834485104215848,18380.1,Concepción,Biobío
10.96,37.8,17.4,20.0,0.9799999999999969,17.400000000000006,-36.82,4.834485104215848,14071.3,Concepción,Biobío
9.3,21.0,27.1,16.7,-15.82,27.099999999999994,-36.82,4.834485104215848,11768.3,Concepción,Biobío
6.43,36.5,352.2,14.5,-0.3200000000000003,-7.7999999999999545,-36.82,4.834485104215848,8906.0,Concepción,Biobío
9.42,43.8,333.9,18.5,6.979999999999997,-26.100000000000023,-36.82,4.834485104215848,12043.8,Concepción,Biobío
13.59,40.4,1.9,10.2,3.5799999999999983,1.9000000000000057,-36.82,4.834485104215848,19756.2,Concepción,Biobío
10.48,54.7,11.8,18.3,17.880000000000003,11.800000000000011,-36.82,4.834485104215848,13152.1,Concepción,Biobío
9.83,46.8,323.5,15.0,9.979999999999997,-36.5,-36.82,4.834485104215848,12688.6,Concepción,Biobío
7.98,48.4,337.7,16.7,11.579999999999998,-22.299999999999955,-36.82,4.834485104215848,10368.7,Concepción,Biobío
6.49,59.2,342.0,13.7,22.380000000000003,-18.0,-36.82,4.834485104215848,8302.0,Concepción,Biobío
11.08,42.9,354.8,13.7,6.079999999999998,-5.2000000000000455,-36.82,4.834485104215848,15419.8,Concepción,Biobío
14.75,38.1,341.0,10.3,1.2800000000000011,-19.0,-36.82,4.834485104215848,21171.7,Concepción,Biobío
7.52,44.6,17.7,14.2,7.780000000000001,17.69999999999999,-36.82,4.834485104215848,10249.6,Concepción,Biobío
7.1,32.3,319.9,14.1,-4.520000000000003,-40.10000000000002,-36.82,4.834485104215848,9269.0,Concepción,Biobío
7.57,37.7,320.5,12.2,0.8800000000000026,-39.5,-36.82,4.834485104215848,10139.7,Concepción,Biobío
7.53,31.6,351.7,12.5,-5.219999999999999,-8.299999999999955,-36.82,4.834485104215848,10627.3,Concepción,Biobío
14.88,40.0,355.6,15.8,3.1799999999999997,-4.399999999999977,-36.82,4.834485104215848,20274.8,Concepción,Biobío
11.19,31.6,323.6,13.2,-5.219999999999999,-36.39999999999998,-36.82,4.834485104215848,14915.5,Concepción,Biobío
6.67,31.3,344.8,18.3,-5.52,-15.200000000000045,-36.82,4.834485104215848,8725.2,Concepción,Biobío
6.83,40.1,350.0,11.1,3.280000000000001,-10.0,-36.82,4.834485104215848,9797.9,Concepción,Biobío
7.6,35.7,350.2,15.8,-1.1199999999999974,-9.799999999999955,-36.82,4.834485104215848,10348.7,Concepción,Biobío
2.48,21.4,3.8,11.6,-15.420000000000002,3.8000000000000114,-36.82,4.834485104215848,3424.2,Concepción,Biobío
8.86,25.2,343.5,15.3,-11.620000000000001,-16.5,-36.82,4.834485104215848,11809.0,Concepción,Biobío
12.55,27.6,36.9,15.5,-9.219999999999999,36.900000000000006,-36.82,4.834485104215848,16107.4,Concepción,Biobío
10.59,29.8,12.2,16.4,-7.02,12.199999999999989,-36.82,4.834485104215848,14170.9,Concepción,Biobío
4.58,40.1,339.8,14.3,3.280000000000001,-20.200000000000045,-36.82,4.834485104215848,6262.2,Concepción,Biobío
11.46,38.6,2.4,15.1,1.7800000000000011,2.4000000000000057,-36.82,4.834485104215848,15786.7,Concepción,Biobío
11.35,45.3,3.1,11.8,8.479999999999997,3.0999999999999943,-36.82,4.834485104215848,16063.8,Concepción,Biobío
5.41,42.8,30.4,14.6,5.979999999999997,30.400000000000006,-36.82,4.834485104215848,7197.9,Concepción,Biobío
10.1,45.4,345.0,13.7,8.579999999999998,-15.0,-36.82,4.834485104215848,13859.5,Concepción,Biobío
9.94,41.7,19.2,16.7,4.880000000000003,19.19999999999999,-36.82,4.834485104215848,13211.5,Concepción,Biobío
12.92,38.5,1.0,14.3,1.6799999999999997,1.0,-36.82,4.834485104215848,17947.4,Concepción,Biobío
3.77,45.6,37.3,17.8,8.780000000000001,37.30000000000001,-36.82,4.834485104215848,4708.4,Concepción,Biobío
4.53,44.2,32.3,14.3,7.380000000000003,32.30000000000001,-36.82,4.834485104215848,6009.2,Concepción,Biobío
8.32,39.8,4.9,12.4,2.979999999999997,4.900000000000006,-36.82,4.834485104215848,11803.5,Concepción,Biobío
2.57,47.0,353.4,12.7,10.18,-6.600000000000023,-36.82,4.834485104215848,3582.1,Concepción,Biobío
7.4,18.1,12.7,10.5,-18.72,12.699999999999989,-36.82,4.834485104215848,10124.2,Concepción,Biobío
12.25,34.5,355.5,15.4,-2.3200000000000003,-4.5,-36.82,4.834485104215848,16788.2,Concepción,Biobío
3.93,34.4,42.0,18.3,-2.4200000000000017,42.0,-36.82,4.834485104215848,4863.8,Concepción,Biobío
7.98,46.0,2.0,17.7,9.18,2.0,-36.82,4.834485104215848,10519.6,Concepción,Biobío
14.87,49.4,349.9,14.4,12.579999999999998,-10.100000000000023,-36.82,4.834485104215848,20084.8,Concepción,Biobío
8.58,25.2,348.5,12.0,-11.620000000000001,-11.5,-36.82,4.834485104215848,11944.1,Concepción,Biobío
8.48,48.1,329.7,18.6,11.280000000000001,-30.30000000000001,-36.82,4.834485104215848,10596.6,Concepción,Biobío
9.26,27.4,13.9,10.6,-9.420000000000002,13.900000000000006,-36.82,4.834485104215848,13169.3,Concepción,Biobío
4.42,27.7,339.5,14.0,-9.120000000000001,-20.5,-36.82,4.834485104215848,5991.6,Concepción,Biobío
3.91,34.9,27.5,18.6,-1.9200000000000017,27.5,-36.82,4.834485104215848,5021.2,Concepción,Biobío
10.81,34.3,327.7,13.9,-2.520000000000003,-32.30000000000001,-36.82,4.834485104215848,14482.7,Concepción,Biobío
7.14,24.4,3.2,11.2,-12.420000000000002,3.1999999999999886,-36.82,4.834485104215848,10052.7,Concepción,Biobío
5.77,42.0,28.8,12.7,5.18,28.80000000000001,-36.82,4.834485104215848,7888.4,Concepción,Biobío
2.41,42.3,306.2,16.0,5.479999999999997,-53.80000000000001,-36.82,4.834485104215848,2914.4,Concepción,Biobío
13.0,45.3,50.5,11.5,8.479999999999997,50.5,-36.82,4.834485104215848,16702.6,Concepción,Biobío
2.42,33.4,349.4,16.5,-3.4200000000000017,-10.600000000000023,-36.82,4.834485104215848,3257.8,Concepción,Biobío
11.75,36.5,3.5,14.4,-0.3200000000000003,3.5,-36.82,4.834485104215848,16318.6,Concepción,Biobío
6.97,36.6,14.3,13.3,-0.21999999999999886,14.300000000000011,-36.82,4.834485104215848,9720.4,Concepción,Biobío
9.78,50.3,18.2,12.4,13.479999999999997,18.19999999999999,-36.82,4.834485104215848,13353.0,Concepción,Biobío
5.22,14.1,6.8,18.2,-22.72,6.800000000000011,-36.82,4.834485104215848,6380.0,Concepción,Biobío
4.02,29.2,24.9,14.0,-7.620000000000001,24.900000000000006,-36.82,4.834485104215848,5432.0,Concepción,Biobío
8.93,36.9,13.0,17.4,0.0799999999999983,13.0,-36.82,4.834485104215848,11901.9,Concepción,Biobío
11.04,28.1,44.0,14.4,-8.719999999999999,44.0,-36.82,4.834485104215848,14059.4,Concepción,Biobío
4.54,34.8,13.1,10.9,-2.020000000000003,13.099999999999994,-36.82,4.834485104215848,6518.8,Concepción,Biobío
7.67,35.8,49.1,14.4,-1.0200000000000031,49.099999999999994,-36.82,4.834485104215848,9692.8,Concepción,Biobío
7.78,31.6,22.5,15.1,-5.219999999999999,22.5,-36.82,4.834485104215848,10472.6,Concepción,Biobío
4.81,37.3,314.9,14.6,0.4799999999999969,-45.10000000000002,-36.82,4.834485104215848,6154.3,Concepción,Biobío
9.35,41.8,65.3,18.2,4.979999999999997,65.30000000000001,-36.82,4.834485104215848,10412.3,Concepción,Biobío
3.9,34.9,345.6,19.1,-1.9200000000000017,-14.399999999999977,-36.82,4.834485104215848,5073.4,Concepción,Biobío
8.63,33.2,37.4,17.9,-3.6199999999999974,37.400000000000006,-36.82,4.834485104215848,10870.5,Concepción,Biobío
3.47,35.5,0.7,15.8,-1.3200000000000003,0.6999999999999886,-36.82,4.834485104215848,4745.1,Concepción,Biobío
8.31,36.8,26.5,15.4,-0.020000000000003126,26.5,-36.82,4.834485104215848,11106.1,Concepción,Biobío
6.05,22.9,342.8,16.4,-13.920000000000002,-17.200000000000045,-36.82,4.834485104215848,7874.3,Concepción,Biobío
7.88,40.5,15.6,12.9,3.6799999999999997,15.599999999999994,-36.82,4.834485104215848,11014.0,Concepción,Biobío
7.64,33.2,353.7,18.1,-3.6199999999999974,-6.2999999999999545,-36.82,4.834485104215848,10115.4,Concepción,Biobío
13.8,46.9,39.5,18.6,10.079999999999998,39.5,-36.82,4.834485104215848,16904.5,Concepción,Biobío
8.37,41.5,11.0,12.7,4.68,11.0,-36.82,4.834485104215848,11766.9,Concepción,Biobío
12.64,46.2,23.4,19.0,9.380000000000003,23.400000000000006,-36.82,4.834485104215848,16049.3,Concepción,Biobío
4.93,28.7,305.9,18.5,-8.120000000000001,-54.10000000000002,-36.82,4.834485104215848,5754.7,Concepción,Biobío
6.58,33.8,357.9,14.2,-3.020000000000003,-2.1000000000000227,-36.82,4.834485104215848,9139.7,Concepción,Biobío
2.98,26.9,10.3,19.1,-9.920000000000002,10.300000000000011,-36.82,4.834485104215848,3833.9,Concepción,Biobío
7.47,31.2,5.6,11.2,-5.620000000000001,5.599999999999994,-36.82,4.834485104215848,10699.6,Concepción,Biobío
10.69,46.8,24.0,10.3,9.979999999999997,24.0,-36.82,4.834485104215848,14996.9,Concepción,Biobío
12.9,48.7,350.9,13.5,11.880000000000003,-9.100000000000023,-36.82,4.834485104215848,17662.9,Concepción,Biobío
9.36,27.6,1.2,15.7,-9.219999999999999,1.1999999999999886,-36.82,4.834485104215848,12643.4,Concepción,Biobío
10.32,33.2,29.5,13.5,-3.6199999999999974,29.5,-36.82,4.834485104215848,13979.4,Concepción,Biobío
4.3,36.2,303.0,19.4,-0.6199999999999974,-57.0,-36.82,4.834485104215848,4947.5,Concepción,Biobío
2.48,41.5,14.7,12.5,4.68,14.699999999999989,-36.82,4.834485104215848,3484.3,Concepción,Biobío
12.29,22.7,351.7,12.8,-14.120000000000001,-8.299999999999955,-36.82,4.834485104215848,16825.9,Concepción,Biobío
4.17,24.0,337.2,16.3,-12.82,-22.799999999999955,-36.82,4.834485104215848,5413.0,Concepción,Biobío
3.19,40.7,8.4,10.0,3.8800000000000026,8.400000000000006,-36.82,4.834485104215848,4627.1,Concepción,Biobío
14.19,21.2,30.7,17.3,-15.620000000000001,30.69999999999999,-36.82,4.834485104215848,17693.7,Concepción,Biobío
14.53,33.2,26.0,13.8,-3.6199999999999974,26.0,-36.82,4.834485104215848,19768.3,Concepción,Biobío
10.01,38.1,356.6,19.8,1.2800000000000011,-3.3999999999999773,-36.82,4.834485104215848,13025.3,Concepción,Biobío
6.92,40.1,21.9,16.9,3.280000000000001,21.900000000000006,-36.82,4.834485104215848,9148.9,Concepción,Biobío
12.83,35.7,21.7,10.5,-1.1199999999999974,21.69999999999999,-36.82,4.834485104215848,18297.5,Concepción,Biobío
4.66,33.9,357.8,10.9,-2.9200000000000017,-2.2000000000000455,-36.82,4.834485104215848,6728.5,Concepción,Biobío
7.58,43.6,342.7,10.9,6.780000000000001,-17.299999999999955,-36.82,4.834485104215848,10765.8,Concepción,Biobío
6.64,39.1,344.1,19.5,2.280000000000001,-15.899999999999977,-36.82,4.834485104215848,8583.7,Concepción,Biobío
13.87,31.6,20.9,16.8,-5.219999999999999,20.900000000000006,-36.82,4.834485104215848,18325.8,Concepción,Biobío
13.96,37.1,358.9,14.3,0.28000000000000114,-1.1000000000000227,-36.82,4.834485104215848,19416.5,Concepción,Biobío
10.46,39.9,333.8,12.0,3.0799999999999983,-26.200000000000045,-36.82,4.834485104215848,14531.8,Concepción,Biobío
3.44,50.6,317.9,18.7,13.780000000000001,-42.10000000000002,-36.82,4.834485104215848,4112.1,Concepción,Biobío
8.27,43.1,20.8,12.0,6.280000000000001,20.80000000000001,-36.82,4.834485104215848,11543.0,Concepción,Biobío
5.19,46.5,346.3,17.1,9.68,-13.700000000000045,-36.82,4.834485104215848,6835.4,Concepción,Biobío
13.5,31.9,8.3,17.6,-4.920000000000002,8.300000000000011,-36.82,4.834485104215848,17939.1,Concepción,Biobío
3.8,32.6,31.0,12.9,-4.219999999999999,31.0,-36.82,4.834485104215848,5158.6,Concepción,Biobío
2.71,34.9,327.3,15.0,-1.9200000000000017,-32.69999999999999,-36.82,4.834485104215848,3577.8,Concepción,Biobío
11.16,35.7,358.9,12.2,-1.1199999999999974,-1.1000000000000227,-36.82,4.834485104215848,15889.4,Concepción,Biobío
7.89,28.8,355.7,13.8,-8.02,-4.2999999999999545,-36.82,4.834485104215848,10926.2,Concepción,Biobío
12.9,46.9,9.5,19.7,10.079999999999998,9.5,-36.82,4.834485104215848,16501.1,Concepción,Biobío
2.97,43.9,31.0,16.9,7.079999999999998,31.0,-36.82,4.834485104215848,3829.5,Concepción,Biobío
12.41,34.4,326.8,18.5,-2.4200000000000017,-33.19999999999999,-36.82,4.834485104215848,15726.2,Concepción,Biobío
2.49,42.0,14.2,15.4,5.18,14.199999999999989,-36.82,4.834485104215848,3372.2,Concepción,Biobío
2.36,38.6,25.8,12.4,1.7800000000000011,25.80000000000001,-36.82,4.834485104215848,3276.1,Concepción,Biobío
8.0,42.6,355.3,17.1,5.780000000000001,-4.7000000000000455,-36.82,4.834485104215848,10692.5,Concepción,Biobío
4.88,26.1,356.6,15.0,-10.719999999999999,-3.3999999999999773,-36.82,4.834485104215848,6605.9,Concepción,Biobío
9.72,35.7,10.5,11.8,-1.1199999999999974,10.5,-36.82,4.834485104215848,13855.2,Concepción,Biobío
2.34,36.4,8.6,14.1,-0.4200000000000017,8.599999999999994,-36.82,4.834485104215848,3245.8,Concepción,Biobío
2.46,41.8,14.6,16.3,4.979999999999997,14.599999999999994,-36.82,4.834485104215848,3300.3,Concepción,Biobío
11.45,31.8,14.0,17.4,-5.02,14.0,-36.82,4.834485104215848,15188.1,Concepción,Biobío
4.73,16.8,335.5,12.4,-20.02,-24.5,-36.82,4.834485104215848,6175.1,Concepción,Biobío
10.53,28.2,24.8,18.8,-8.620000000000001,24.80000000000001,-36.82,4.834485104215848,13410.7,Concepción,Biobío
11.75,36.3,29.2,13.8,-0.5200000000000031,29.19999999999999,-36.82,4.834485104215848,15907.0,Concepción,Biobío
2.77,37.3,4.7,12.7,0.4799999999999969,4.699999999999989,-36.82,4.834485104215848,3922.5,Concepción,Biobío
12.01,50.3,322.6,12.0,13.479999999999997,-37.39999999999998,-36.82,4.834485104215848,15806.7,Concepción,Biobío
5.49,41.5,357.1,18.0,4.68,-2.8999999999999773,-36.82,4.834485104215848,7275.2,Concepción,Biobío
7.06,37.5,4.9,13.5,0.6799999999999997,4.900000000000006,-36.82,4.834485104215848,9902.5,Concepción,Biobío
3.13,36.6,331.4,14.8,-0.21999999999999886,-28.600000000000023,-36.82,4.834485104215848,4187.1,Concepción,Biobío
12.9,45.7,351.0,12.2,8.880000000000003,-9.0,-36.82,4.834485104215848,18104.8,Concepción,Biobío
9.29,32.1,324.8,16.9,-4.719999999999999,-35.19999999999999,-36.82,4.834485104215848,11905.8,Concepción,Biobío
8.56,35.7,15.2,17.8,-1.1199999999999974,15.199999999999989,-36.82,4.834485104215848,11316.6,Concepción,Biobío
14.59,28.1,4.1,13.4,-8.719999999999999,4.099999999999994,-36.82,4.834485104215848,20258.6,Concepción,Biobío
6.35,48.2,318.9,19.5,11.380000000000003,-41.10000000000002,-36.82,4.834485104215848,7618.0,Concepción,Biobío
13.58,40.0,8.8,10.3,3.1799999999999997,8.800000000000011,-36.82,4.834485104215848,19680.5,Concepción,Biobío
11.36,31.2,358.6,11.3,-5.620000000000001,-1.3999999999999773,-36.82,4.834485104215848,16260.9,Concepción,Biobío
14.07,35.9,12.9,15.9,-0.9200000000000017,12.900000000000006,-36.82,4.834485104215848,19083.6,Concepción,Biobío
13.8,40.9,350.2,17.0,4.079999999999998,-9.799999999999955,-36.82,4.834485104215848,18473.1,Concepción,Biobío
14.88,34.8,340.0,12.5,-2.020000000000003,-20.0,-36.82,4.834485104215848,20798.7,Concepción,Biobío
3.71,32.5,340.7,15.5,-4.32,-19.299999999999955,-36.82,4.834485104215848,5002.1,Concepción,Biobío
12.35,31.6,346.5,13.2,-5.219999999999999,-13.5,-36.82,4.834485104215848,17206.3,Concepción,Biobío
12.46,39.5,0.5,15.5,2.6799999999999997,0.5,-36.82,4.834485104215848,17057.6,Concepción,Biobío
10.38,34.0,3.7,16.6,-2.8200000000000003,3.6999999999999886,-36.82,4.834485104215848,14021.6,Concepción,Biobío
5.63,33.2,355.2,19.7,-3.6199999999999974,-4.7999999999999545,-36.82,4.834485104215848,7307.2,Concepción,Biobío
14.55,26.1,349.4,14.6,-10.719999999999999,-10.600000000000023,-36.82,4.834485104215848,19737.4,Concepción,Biobío
4.66,37.4,351.2,16.5,0.5799999999999983,-8.799999999999955,-36.82,4.834485104215848,6294.0,Concepción,Biobío
8.49,35.4,62.7,15.8,-1.4200000000000017,62.69999999999999,-36.82,4.834485104215848,9912.6,Concepción,Biobío
8.78,34.2,340.7,13.2,-2.6199999999999974,-19.299999999999955,-36.82,4.834485104215848,12184.2,Concepción,Biobío
4.1,38.4,346.1,12.5,1.5799999999999983,-13.899999999999977,-36.82,4.834485104215848,5780.2,Concepción,Biobío
11.39,42.8,82.3,19.9,5.979999999999997,82.30000000000001,-36.82,4.834485104215848,11090.3,Concepción,Biobío
3.16,42.4,10.5,12.1,5.579999999999998,10.5,-36.82,4.834485104215848,4462.3,Concepción,Biobío
11.01,41.2,325.5,17.9,4.380000000000003,-34.5,-36.82,4.834485104215848,13968.3,Concepción,Biobío
13.03,34.9,21.1,11.5,-1.9200000000000017,21.099999999999994,-36.82,4.834485104215848,18399.0,Concepción,Biobío
6.54,32.3,337.2,18.0,-4.520000000000003,-22.799999999999955,-36.82,4.834485104215848,8504.0,Concepción,Biobío
11.22,28.5,22.7,11.9,-8.32,22.69999999999999,-36.82,4.834485104215848,15572.1,Concepción,Biobío
4.04,32.1,354.7,19.7,-4.719999999999999,-5.2999999999999545,-36.82,4.834485104215848,5240.7,Concepción,Biobío
13.0,37.0,349.0,16.9,0.17999999999999972,-11.0,-36.82,4.834485104215848,17456.6,Concepción,Biobío
14.38,30.5,40.2,10.9,-6.32,40.19999999999999,-36.82,4.834485104215848,19402.9,Concepción,Biobío
3.99,37.6,14.2,16.9,0.7800000000000011,14.199999999999989,-36.82,4.834485104215848,5330.9,Concepción,Biobío
10.99,29.1,24.3,16.0,-7.719999999999999,24.30000000000001,-36.82,4.834485104215848,14512.3,Concepción,Biobío
8.58,23.5,10.9,13.4,-13.32,10.900000000000006,-36.82,4.834485104215848,11680.8,Concepción,Biobío
8.91,43.4,348.9,12.6,6.579999999999998,-11.100000000000023,-36.82,4.834485104215848,12494.9,Concepción,Biobío
11.18,33.0,15.3,17.2,-3.8200000000000003,15.300000000000011,-36.82,4.834485104215848,14865.4,Concepción,Biobío
8.35,30.1,30.2,17.4,-6.719999999999999,30.19999999999999,-36.82,4.834485104215848,10735.4,Concepción,Biobío
9.8,28.1,3.4,13.3,-8.719999999999999,3.4000000000000057,-36.82,4.834485104215848,13633.2,Concepción,Biobío
5.0,40.2,45.0,18.8,3.3800000000000026,45.0,-36.82,4.834485104215848,6080.9,Concepción,Biobío
6.92,47.8,21.3,12.7,10.979999999999997,21.30000000000001,-36.82,4.834485104215848,9461.1,Concepción,Biobío
13.25,33.6,5.3,10.7,-3.219999999999999,5.300000000000011,-36.82,4.834485104215848,19149.5,Concepción,Biobío
3.43,35.1,6.3,16.0,-1.7199999999999989,6.300000000000011,-36.82,4.834485104215848,4665.2,Concepción,Biobío
9.77,45.4,3.4,11.1,8.579999999999998,3.4000000000000057,-36.82,4.834485104215848,13934.6,Concepción,Biobío
4.4,22.3,328.7,12.8,-14.52,-31.30000000000001,-36.82,4.834485104215848,5802.3,Concepción,Biobío
13.01,52.6,357.7,15.1,15.780000000000001,-2.2999999999999545,-36.82,4.834485104215848,17250.0,Concepción,Biobío
9.53,56.4,5.5,12.9,19.58,5.5,-36.82,4.834485104215848,12681.8,Concepción,Biobío
7.24,15.2,349.6,12.1,-21.62,-10.399999999999977,-36.82,4.834485104215848,9554.1,Concepción,Biobío
5.25,36.0,8.4,17.0,-0.8200000000000003,8.400000000000006,-36.82,4.834485104215848,7046.3,Concepción,Biobío
7.68,31.1,0.5,15.5,-5.719999999999999,0.5,-36.82,4.834485104215848,10481.3,Concepción,Biobío
14.45,34.7,19.3,18.4,-2.1199999999999974,19.30000000000001,-36.82,4.834485104215848,18850.6,Concepción,Biobío
8.62,33.5,16.6,15.8,-3.3200000000000003,16.599999999999994,-36.82,4.834485104215848,11634.2,Concepción,Biobío
8.1,43.3,4.2,14.8,6.479999999999997,4.199999999999989,-36.82,4.834485104215848,11121.0,Concepción,Biobío
11.7,35.9,325.8,12.6,-0.9200000000000017,-34.19999999999999,-36.82,4.834485104215848,15860.8,Concepción,Biobío
6.93,29.5,44.8,17.9,-7.32,44.80000000000001,-36.82,4.834485104215848,8463.9,Concepción,Biobío
7.56,35.4,356.5,12.0,-1.4200000000000017,-3.5,-36.82,4.834485104215848,10787.6,Concepción,Biobío
6.38,40.9,358.0,12.4,4.079999999999998,-2.0,-36.82,4.834485104215848,9043.7,Concepción,Biobío
3.96,27.4,351.4,18.4,-9.420000000000002,-8.600000000000023,-36.82,4.834485104215848,5159.9,Concepción,Biobío
11.28,23.7,347.8,17.4,-13.120000000000001,-12.200000000000045,-36.82,4.834485104215848,14637.3,Concepción,Biobío
13.35,52.8,38.6,16.1,15.979999999999997,38.599999999999994,-36.82,4.834485104215848,16490.0,Concepción,Biobío
13.77,31.7,34.7,10.4,-5.120000000000001,34.69999999999999,-36.82,4.834485104215848,19044.2,Concepción,Biobío
13.45,35.7,11.1,11.3,-1.1199999999999974,11.099999999999994,-36.82,4.834485104215848,19273.9,Concepción,Biobío
7.87,33.6,357.3,15.0,-3.219999999999999,-2.7000000000000455,-36.82,4.834485104215848,10841.3,Concepción,Biobío
5.69,41.2,15.5,17.5,4.380000000000003,15.5,-36.82,4.834485104215848,7534.1,Concepción,Biobío
10.29,51.0,1.8,14.6,14.18,1.8000000000000114,-36.82,4.834485104215848,13822.6,Concepción,Biobío
14.41,41.5,355.2,10.2,4.68,-4.7999999999999545,-36.82,4.834485104215848,20922.1,Concepción,Biobío
11.45,24.7,8.5,11.8,-12.120000000000001,8.5,-36.82,4.834485104215848,15973.8,Concepción,Biobío
8.43,25.7,349.0,15.9,-11.120000000000001,-11.0,-36.82,4.834485104215848,11245.2,Concepción,Biobío
10.95,33.6,6.3,16.9,-3.219999999999999,6.300000000000011,-36.82,4.834485104215848,14721.1,Concepción,Biobío
12.04,34.7,5.1,10.3,-2.1199999999999974,5.099999999999994,-36.82,4.834485104215848,17495.4,Concepción,Biobío
13.95,23.0,15.1,10.4,-13.82,15.099999999999994,-36.82,4.834485104215848,19525.0,Concepción,Biobío
11.92,43.4,344.5,12.6,6.579999999999998,-15.5,-36.82,4.834485104215848,16644.3,Concepción,Biobío
7.63,28.1,17.8,10.8,-8.719999999999999,17.80000000000001,-36.82,4.834485104215848,10785.8,Concepción,Biobío
5.56,48.8,337.3,15.4,11.979999999999997,-22.700000000000045,-36.82,4.834485104215848,7317.2,Concepción,Biobío
8.5,51.4,345.7,11.2,14.579999999999998,-14.299999999999955,-36.82,4.834485104215848,11756.8,Concepción,Biobío
6.27,34.8,346.8,16.5,-2.020000000000003,-13.200000000000045,-36.82,4.834485104215848,8432.0,Concepción,Biobío
14.26,40.3,333.2,17.8,3.479999999999997,-26.799999999999955,-36.82,4.834485104215848,18471.8,Concepción,Biobío
8.6,27.0,25.4,19.7,-9.82,25.400000000000006,-36.82,4.834485104215848,10776.0,Concepción,Biobío
8.14,41.8,335.8,19.5,4.979999999999997,-24.200000000000045,-36.82,4.834485104215848,10356.3,Concepción,Biobío
6.53,32.8,342.5,12.7,-4.020000000000003,-17.5,-36.82,4.834485104215848,9114.0,Concepción,Biobío
10.31,28.1,31.4,10.3,-8.719999999999999,31.400000000000006,-36.82,4.834485104215848,14287.4,Concepción,Biobío
8.76,34.5,345.7,13.3,-2.3200000000000003,-14.299999999999955,-36.82,4.834485104215848,12222.4,Concepción,Biobío
3.68,33.1,355.3,17.1,-3.719999999999999,-4.7000000000000455,-36.82,4.834485104215848,4934.2,Concepción,Biobío
13.3,34.2,334.7,10.6,-2.6199999999999974,-25.299999999999955,-36.82,4.834485104215848,18809.1,Concepción,Biobío
6.67,44.4,20.8,13.6,7.579999999999998,20.80000000000001,-36.82,4.834485104215848,9114.4,Concepción,Biobío
7.62,30.5,21.2,13.0,-6.32,21.19999999999999,-36.82,4.834485104215848,10519.7,Concepción,Biobío
4.67,50.7,18.5,12.2,13.880000000000003,18.5,-36.82,4.834485104215848,6381.8,Concepción,Biobío
9.19,26.2,13.4,17.1,-10.620000000000001,13.400000000000006,-36.82,4.834485104215848,12080.9,Concepción,Biobío
11.13,49.7,1.8,16.6,12.880000000000003,1.8000000000000114,-36.82,4.834485104215848,14678.5,Concepción,Biobío
13.46,28.7,346.9,15.4,-8.120000000000001,-13.100000000000023,-36.82,4.834485104215848,18178.2,Concepción,Biobío
2.67,36.8,339.6,19.1,-0.020000000000003126,-20.399999999999977,-36.82,4.834485104215848,3451.1,Concepción,Biobío
14.65,32.9,32.2,11.0,-3.9200000000000017,32.19999999999999,-36.82,4.834485104215848,20278.0,Concepción,Biobío
11.15,34.1,19.1,11.5,-2.719999999999999,19.099999999999994,-36.82,4.834485104215848,15774.1,Concepción,Biobío
5.7,43.2,342.7,13.8,6.380000000000003,-17.299999999999955,-36.82,4.834485104215848,7825.0,Concepción,Biobío
4.66,48.8,1.0,16.6,11.979999999999997,1.0,-36.82,4.834485104215848,6170.0,Concepción,Biobío
5.85,46.3,352.5,15.8,9.479999999999997,-7.5,-36.82,4.834485104215848,7862.0,Concepción,Biobío
13.38,33.6,331.8,10.7,-3.219999999999999,-28.19999999999999,-36.82,4.834485104215848,18774.5,Concepción,Biobío
5.79,38.3,4.4,19.6,1.4799999999999969,4.400000000000006,-36.82,4.834485104215848,7545.8,Concepción,Biobío
8.02,30.6,349.6,13.1,-6.219999999999999,-10.399999999999977,-36.82,4.834485104215848,11199.0,Concepción,Biobío
11.17,28.9,336.2,13.6,-7.920000000000002,-23.799999999999955,-36.82,4.834485104215848,15187.1,Concepción,Biobío
13.34,27.6,323.0,16.2,-9.219999999999999,-37.0,-36.82,4.834485104215848,16973.6,Concepción,Biobío
10.56,33.3,320.9,19.5,-3.520000000000003,-39.10000000000002,-36.82,4.834485104215848,12986.3,Concepción,Biobío
11.79,38.8,350.7,16.6,1.9799999999999969,-9.299999999999955,-36.82,4.834485104215848,15891.4,Concepción,Biobío
4.25,21.5,357.9,19.5,-15.32,-2.1000000000000227,-36.82,4.834485104215848,5355.8,Concepción,Biobío
13.41,36.4,338.1,11.9,-0.4200000000000017,-21.899999999999977,-36.82,4.834485104215848,18824.6,Concepción,Biobío
5.58,48.9,16.3,16.2,12.079999999999998,16.30000000000001,-36.82,4.834485104215848,7351.6,Concepción,Biobío
3.67,45.8,358.4,18.3,8.979999999999997,-1.6000000000000227,-36.82,4.834485104215848,4805.3,Concepción,Biobío
14.69,32.1,14.4,15.1,-4.719999999999999,14.400000000000006,-36.82,4.834485104215848,20017.6,Concepción,Biobío
4.62,25.6,355.4,13.6,-11.219999999999999,-4.600000000000023,-36.82,4.834485104215848,6350.5,Concepción,Biobío
3.78,40.5,340.3,19.8,3.6799999999999997,-19.700000000000045,-36.82,4.834485104215848,4830.3,Concepción,Biobío
10.14,18.3,2.9,11.4,-18.52,2.9000000000000057,-36.82,4.834485104215848,13815.6,Concepción,Biobío
6.15,45.7,328.4,14.1,8.880000000000003,-31.600000000000023,-36.82,4.834485104215848,8144.3,Concepción,Biobío
3.73,35.1,13.5,18.7,-1.7199999999999989,13.5,-36.82,4.834485104215848,4887.9,Concepción,Biobío
9.81,51.5,336.6,19.0,14.68,-23.399999999999977,-36.82,4.834485104215848,12221.8,Concepción,Biobío
11.87,23.0,23.0,19.8,-13.82,23.0,-36.82,4.834485104215848,14698.2,Concepción,Biobío
12.31,44.2,351.5,18.8,7.380000000000003,-8.5,-36.82,4.834485104215848,16037.8,Concepción,Biobío
4.02,36.0,26.6,10.5,-0.8200000000000003,26.599999999999994,-36.82,4.834485104215848,5684.1,Concepción,Biobío
9.24,34.2,331.9,19.3,-2.6199999999999974,-28.100000000000023,-36.82,4.834485104215848,11727.4,Concepción,Biobío
12.58,25.9,343.1,14.3,-10.920000000000002,-16.899999999999977,-36.82,4.834485104215848,16991.0,Concepción,Biobío
4.09,41.6,9.5,16.5,4.780000000000001,9.5,-36.82,4.834485104215848,5508.8,Concepción,Biobío
4.7,42.2,29.3,13.9,5.380000000000003,29.30000000000001,-36.82,4.834485104215848,6322.9,Concepción,Biobío
2.03,51.1,41.7,18.1,14.280000000000001,41.69999999999999,-36.82,4.834485104215848,2444.4,Concepción,Biobío
8.82,44.9,1.0,15.8,8.079999999999998,1.0,-36.82,4.834485104215848,11939.0,Concepción,Biobío
4.53,32.1,45.9,18.5,-4.719999999999999,45.900000000000006,-36.82,4.834485104215848,5501.7,Concepción,Biobío
11.42,28.8,352.8,11.9,-8.02,-7.2000000000000455,-36.82,4.834485104215848,16122.1,Concepción,Biobío
14.51,25.9,27.5,11.8,-10.920000000000002,27.5,-36.82,4.834485104215848,19796.0,Concepción,Biobío
4.71,48.6,336.4,14.4,11.780000000000001,-23.600000000000023,-36.82,4.834485104215848,6275.3,Concepción,Biobío
10.44,30.6,10.5,10.0,-6.219999999999999,10.5,-36.82,4.834485104215848,15085.0,Concepción,Biobío
4.75,48.7,301.5,16.9,11.880000000000003,-58.5,-36.82,4.834485104215848,5471.8,Concepción,Biobío
2.23,41.0,332.0,13.0,4.18,-28.0,-36.82,4.834485104215848,3053.6,Concepción,Biobío
11.86,39.5,11.7,15.6,2.6799999999999997,11.699999999999989,-36.82,4.834485104215848,16150.8,Concepción,Biobío
7.64,34.4,327.2,10.7,-2.4200000000000017,-32.80000000000001,-36.82,4.834485104215848,10614.8,Concepción,Biobío
14.31,42.1,10.7,11.7,5.280000000000001,10.699999999999989,-36.82,4.834485104215848,20327.1,Concepción,Biobío
8.95,36.7,22.7,16.2,-0.11999999999999744,22.69999999999999,-36.82,4.834485104215848,11925.1,Concepción,Biobío
4.05,33.9,347.5,13.1,-2.9200000000000017,-12.5,-36.82,4.834485104215848,5669.2,Concepción,Biobío
7.85,42.4,335.8,12.1,5.579999999999998,-24.200000000000045,-36.82,4.834485104215848,10887.6,Concepción,Biobío
4.64,35.7,348.1,12.3,-1.1199999999999974,-11.899999999999977,-36.82,4.834485104215848,6565.0,Concepción,Biobío
13.41,30.4,335.9,12.1,-6.420000000000002,-24.100000000000023,-36.82,4.834485104215848,18586.7,Concepción,Biobío
10.98,41.6,357.5,16.2,4.780000000000001,-2.5,-36.82,4.834485104215848,14874.3,Concepción,Biobío
6.44,36.3,2.6,11.7,-0.5200000000000031,2.5999999999999943,-36.82,4.834485104215848,9223.0,Concepción,Biobío
8.86,40.7,352.3,13.6,3.8800000000000026,-7.7000000000000455,-36.82,4.834485104215848,12365.5,Concepción,Biobío
10.7,33.2,41.9,16.9,-3.6199999999999974,41.900000000000006,-36.82,4.834485104215848,13458.9,Concepción,Biobío
12.18,27.1,342.0,15.1,-9.719999999999999,-18.0,-36.82,4.834485104215848,16329.6,Concepción,Biobío
3.04,50.7,34.8,16.0,13.880000000000003,34.80000000000001,-36.82,4.834485104215848,3843.0,Concepción,Biobío
2.29,49.2,334.0,12.5,12.380000000000003,-26.0,-36.82,4.834485104215848,3098.2,Concepción,Biobío
3.49,43.9,1.8,19.3,7.079999999999998,1.8000000000000114,-36.82,4.834485104215848,4531.3,Concepción,Biobío
7.13,33.7,29.6,14.1,-3.1199999999999974,29.599999999999994,-36.82,4.834485104215848,9598.9,Concepción,Biobío
8.07,34.4,28.3,12.9,-2.4200000000000017,28.30000000000001,-36.82,4.834485104215848,11052.0,Concepción,Biobío
3.77,47.9,349.5,19.0,11.079999999999998,-10.5,-36.82,4.834485104215848,4846.0,Concepción,Biobío
7.34,34.0,13.9,16.6,-2.8200000000000003,13.900000000000006,-36.82,4.834485104215848,9862.3,Concepción,Biobío
7.74,31.8,10.5,16.1,-5.02,10.5,-36.82,4.834485104215848,10450.3,Concepción,Biobío
3.42,51.8,346.5,18.9,14.979999999999997,-13.5,-36.82,4.834485104215848,4317.7,Concepción,Biobío
13.92,36.4,15.4,10.6,-0.4200000000000017,15.400000000000006,-36.82,4.834485104215848,20012.3,Concepción,Biobío
9.79,51.0,46.6,18.4,14.18,46.599999999999994,-36.82,4.834485104215848,11550.1,Concepción,Biobío
7.05,25.6,11.8,16.8,-11.219999999999999,11.800000000000011,-36.82,4.834485104215848,9292.8,Concepción,Biobío
8.59,41.0,14.2,13.6,4.18,14.199999999999989,-36.82,4.834485104215848,11921.6,Concepción,Biobío
6.08,53.4,16.8,12.6,16.58,16.80000000000001,-36.82,4.834485104215848,8186.9,Concepción,Biobío
13.11,37.1,323.5,11.0,0.28000000000000114,-36.5,-36.82,4.834485104215848,17967.4,Concepción,Biobío
9.48,34.7,11.5,19.4,-2.1199999999999974,11.5,-36.82,4.834485104215848,12321.9,Concepción,Biobío
8.43,27.5,334.6,11.4,-9.32,-25.399999999999977,-36.82,4.834485104215848,11670.3,Concepción,Biobío
13.84,45.5,345.3,12.6,8.68,-14.700000000000045,-36.82,4.834485104215848,19250.3,Concepción,Biobío
12.89,30.7,54.0,16.9,-6.120000000000001,54.0,-36.82,4.834485104215848,15399.0,Concepción,Biobío
12.57,36.1,353.7,17.1,-0.7199999999999989,-6.2999999999999545,-36.82,4.834485104215848,16879.3,Concepción,Biobío
4.93,26.9,341.5,11.6,-9.920000000000002,-18.5,-36.82,4.834485104215848,6880.9,Concepción,Biobío
3.99,49.3,28.8,18.1,12.479999999999997,28.80000000000001,-36.82,4.834485104215848,5014.0,Concepción,Biobío
10.97,46.1,336.3,15.1,9.280000000000001,-23.700000000000045,-36.82,4.834485104215848,14602.5,Concepción,Biobío
8.09,36.6,348.8,18.5,-0.21999999999999886,-11.200000000000045,-36.82,4.834485104215848,10654.6,Concepción,Biobío
10.89,27.6,31.2,10.9,-9.219999999999999,31.19999999999999,-36.82,4.834485104215848,14971.8,Concepción,Biobío
11.89,49.1,1.1,10.4,12.280000000000001,1.0999999999999943,-36.82,4.834485104215848,16885.0,Concepción,Biobío
5.84,33.9,321.0,16.4,-2.9200000000000017,-39.0,-36.82,4.834485104215848,7459.9,Concepción,Biobío
5.7,28.0,13.6,11.5,-8.82,13.599999999999994,-36.82,4.834485104215848,8033.3,Concepción,Biobío
8.38,22.7,350.1,15.2,-14.120000000000001,-9.899999999999977,-36.82,4.834485104215848,11138.3,Concepción,Biobío
5.56,31.7,38.5,10.1,-5.120000000000001,38.5,-36.82,4.834485104215848,7618.7,Concepción,Biobío
10.67,25.2,344.8,17.8,-11.620000000000001,-15.200000000000045,-36.82,4.834485104215848,13826.3,Concepción,Biobío
11.71,31.8,26.3,19.0,-5.02,26.30000000000001,-36.82,4.834485104215848,14931.6,Concepción,Biobío
8.14,42.8,44.4,18.4,5.979999999999997,44.400000000000006,-36.82,4.834485104215848,9924.3,Concepción,Biobío
11.41,33.8,338.7,19.6,-3.020000000000003,-21.299999999999955,-36.82,4.834485104215848,14614.4,Concepción,Biobío
8.64,39.7,355.2,19.0,2.8800000000000026,-4.7999999999999545,-36.82,4.834485104215848,11323.8,Concepción,Biobío
11.27,31.0,9.7,14.4,-5.82,9.699999999999989,-36.82,4.834485104215848,15509.9,Concepción,Biobío
4.92,37.3,338.6,14.0,0.4799999999999969,-21.399999999999977,-36.82,4.834485104215848,6754.5,Concepción,Biobío
11.6,52.2,6.8,19.0,15.380000000000003,6.800000000000011,-36.82,4.834485104215848,14691.5,Concepción,Biobío
11.3,34.0,354.4,19.3,-2.8200000000000003,-5.600000000000023,-36.82,4.834485104215848,14765.5,Concepción,Biobío
5.47,39.9,353.9,19.7,3.0799999999999983,-6.100000000000023,-36.82,4.834485104215848,7100.2,Concepción,Biobío
9.23,24.3,1.2,17.7,-12.52,1.1999999999999886,-36.82,4.834485104215848,12033.5,Concepción,Biobío
13.12,49.0,1.8,12.0,12.18,1.8000000000000114,-36.82,4.834485104215848,18309.5,Concepción,Biobío
5.24,33.0,4.1,19.4,-3.8200000000000003,4.099999999999994,-36.82,4.834485104215848,6835.5,Concepción,Biobío
11.57,45.2,345.0,19.5,8.380000000000003,-15.0,-36.82,4.834485104215848,14828.3,Concepción,Biobío
14.4,35.8,346.1,16.7,-1.0200000000000031,-13.899999999999977,-36.82,4.834485104215848,19332.9,Concepción,Biobío
13.26,41.7,357.0,18.6,4.880000000000003,-3.0,-36.82,4.834485104215848,17454.9,Concepción,Biobío
7.22,42.2,358.9,15.6,5.380000000000003,-1.1000000000000227,-36.82,4.834485104215848,9844.1,Concepción,Biobío
9.89,33.2,349.0,19.4,-3.6199999999999974,-11.0,-36.82,4.834485104215848,12850.2,Concepción,Biobío
14.89,45.6,8.1,10.9,8.780000000000001,8.099999999999994,-36.82,4.834485104215848,21223.4,Concepción,Biobío
9.39,30.7,314.6,18.6,-6.120000000000001,-45.39999999999998,-36.82,4.834485104215848,11375.0,Concepción,Biobío
3.5,43.0,341.7,10.6,6.18,-18.299999999999955,-36.82,4.834485104215848,4980.1,Concepción,Biobío
2.59,33.7,353.0,13.4,-3.1199999999999974,-7.0,-36.82,4.834485104215848,3629.2,Concepción,Biobío
12.27,39.6,338.6,11.4,2.780000000000001,-21.399999999999977,-36.82,4.834485104215848,17330.6,Concepción,Biobío
7.51,33.1,40.7,14.8,-3.719999999999999,40.69999999999999,-36.82,4.834485104215848,9712.3,Concepción,Biobío
5.21,37.2,0.5,12.3,0.38000000000000256,0.5,-36.82,4.834485104215848,7411.2,Concepción,Biobío
6.52,28.2,4.4,19.5,-8.620000000000001,4.400000000000006,-36.82,4.834485104215848,8413.6,Concepción,Biobío
11.85,38.8,347.9,15.6,1.9799999999999969,-12.100000000000023,-36.82,4.834485104215848,16127.4,Concepción,Biobío
8.05,37.2,359.6,19.0,0.38000000000000256,-0.39999999999997726,-36.82,4.834485104215848,10582.6,Concepción,Biobío
13.29,32.5,329.6,12.8,-4.32,-30.399999999999977,-36.82,4.834485104215848,18103.8,Concepción,Biobío
11.55,36.4,355.8,10.3,-0.4200000000000017,-4.2000000000000455,-36.82,4.834485104215848,16815.5,Concepción,Biobío
14.66,37.9,336.6,17.8,1.0799999999999983,-23.399999999999977,-36.82,4.834485104215848,19159.5,Concepción,Biobío
13.55,31.9,353.1,17.0,-4.920000000000002,-6.899999999999977,-36.82,4.834485104215848,18146.9,Concepción,Biobío
5.31,35.8,296.0,15.5,-1.0200000000000031,-64.0,-36.82,4.834485104215848,6176.8,Concepción,Biobío
10.57,28.8,331.8,18.2,-8.02,-28.19999999999999,-36.82,4.834485104215848,13480.4,Concepción,Biobío
2.27,55.6,36.6,18.4,18.78,36.599999999999994,-36.82,4.834485104215848,2698.9,Concepción,Biobío
14.88,45.3,20.8,15.9,8.479999999999997,20.80000000000001,-36.82,4.834485104215848,19769.8,Concepción,Biobío
5.39,39.0,33.0,19.7,2.1799999999999997,33.0,-36.82,4.834485104215848,6737.8,Concepción,Biobío
10.64,46.2,34.7,17.2,9.380000000000003,34.69999999999999,-36.82,4.834485104215848,13468.6,Concepción,Biobío
13.04,21.0,16.8,16.8,-15.82,16.80000000000001,-36.82,4.834485104215848,16762.2,Concepción,Biobío
4.09,16.4,348.7,13.6,-20.42,-11.299999999999955,-36.82,4.834485104215848,5340.9,Concepción,Biobío
13.02,33.6,334.1,10.0,-3.219999999999999,-25.899999999999977,-36.82,4.834485104215848,18502.6,Concepción,Biobío
2.16,25.8,28.7,12.4,-11.02,28.69999999999999,-36.82,4.834485104215848,2918.9,Concepción,Biobío
7.75,34.9,1.6,17.6,-1.9200000000000017,1.5999999999999943,-36.82,4.834485104215848,10346.7,Concepción,Biobío
8.14,38.5,62.4,17.1,1.6799999999999997,62.400000000000006,-36.82,4.834485104215848,9362.3,Concepción,Biobío
6.86,44.2,350.9,13.3,7.380000000000003,-9.100000000000023,-36.82,4.834485104215848,9545.9,Concepción,Biobío
9.62,27.7,49.3,16.3,-9.120000000000001,49.30000000000001,-36.82,4.834485104215848,11736.0,Concepción,Biobío
13.89,40.0,356.1,12.0,3.1799999999999997,-3.8999999999999773,-36.82,4.834485104215848,19809.7,Concepción,Biobío
6.25,36.9,33.4,12.6,0.0799999999999983,33.400000000000006,-36.82,4.834485104215848,8488.9,Concepción,Biobío
9.53,39.6,42.4,19.5,2.780000000000001,42.400000000000006,-36.82,4.834485104215848,11597.8,Concepción,Biobío
13.41,32.7,334.4,14.1,-4.119999999999997,-25.600000000000023,-36.82,4.834485104215848,18172.4,Concepción,Biobío
12.05,47.9,347.9,12.4,11.079999999999998,-12.100000000000023,-36.82,4.834485104215848,16707.8,Concepción,Biobío
2.53,36.0,334.2,14.9,-0.8200000000000003,-25.799999999999955,-36.82,4.834485104215848,3406.0,Concepción,Biobío
14.26,51.0,329.3,13.9,14.18,-30.69999999999999,-36.82,4.834485104215848,18628.1,Concepción,Biobío
2.61,30.5,16.7,17.3,-6.32,16.69999999999999,-36.82,4.834485104215848,3440.4,Concepción,Biobío
9.65,42.8,355.1,19.6,5.979999999999997,-4.899999999999977,-36.82,4.834485104215848,12514.2,Concepción,Biobío
9.48,36.3,1.3,15.9,-0.5200000000000031,1.3000000000000114,-36.82,4.834485104215848,12934.6,Concepción,Biobío
12.22,34.2,13.9,15.9,-2.6199999999999974,13.900000000000006,-36.82,4.834485104215848,16540.8,Concepción,Biobío
3.93,41.9,313.6,13.6,5.079999999999998,-46.39999999999998,-36.82,4.834485104215848,5041.5,Concepción,Biobío
4.33,34.4,32.2,15.6,-2.4200000000000017,32.19999999999999,-36.82,4.834485104215848,5693.1,Concepción,Biobío
11.78,15.5,351.3,13.2,-21.32,-8.700000000000045,-36.82,4.834485104215848,15414.3,Concepción,Biobío
3.94,12.3,13.3,10.0,-24.52,13.300000000000011,-36.82,4.834485104215848,5205.4,Concepción,Biobío
8.1,47.0,15.5,18.7,10.18,15.5,-36.82,4.834485104215848,10431.5,Concepción,Biobío
11.51,46.7,34.3,14.3,9.880000000000003,34.30000000000001,-36.82,4.834485104215848,15075.8,Concepción,Biobío
10.47,51.9,357.4,14.9,15.079999999999998,-2.6000000000000227,-36.82,4.834485104215848,13948.8,Concepción,Biobío
4.74,36.7,306.9,10.8,-0.11999999999999744,-53.10000000000002,-36.82,4.834485104215848,6133.3,Concepción,Biobío
5.95,26.5,1.4,18.4,-10.32,1.4000000000000057,-36.82,4.834485104215848,7755.7,Concepción,Biobío
14.6,33.5,5.0,11.7,-3.3200000000000003,5.0,-36.82,4.834485104215848,20861.0,Concepción,Biobío
7.83,36.9,334.1,14.1,0.0799999999999983,-25.899999999999977,-36.82,4.834485104215848,10642.0,Concepción,Biobío
2.58,28.8,3.7,18.4,-8.02,3.6999999999999886,-36.82,4.834485104215848,3378.4,Concepción,Biobío
4.85,50.0,351.0,14.6,13.18,-9.0,-36.82,4.834485104215848,6532.3,Concepción,Biobío
6.45,54.7,326.4,19.3,17.880000000000003,-33.60000000000002,-36.82,4.834485104215848,7696.4,Concepción,Biobío
14.99,40.6,16.8,12.1,3.780000000000001,16.80000000000001,-36.82,4.834485104215848,21114.2,Concepción,Biobío
5.93,36.7,345.9,17.2,-0.11999999999999744,-14.100000000000023,-36.82,4.834485104215848,7919.6,Concepción,Biobío
2.34,26.5,349.8,19.8,-10.32,-10.200000000000045,-36.82,4.834485104215848,2989.1,Concepción,Biobío
8.67,49.2,348.4,15.5,12.380000000000003,-11.600000000000023,-36.82,4.834485104215848,11552.5,Concepción,Biobío
3.09,37.4,30.9,16.9,0.5799999999999983,30.900000000000006,-36.82,4.834485104215848,4011.5,Concepción,Biobío
5.56,34.5,359.0,13.9,-2.3200000000000003,-1.0,-36.82,4.834485104215848,7763.7,Concepción,Biobío
14.9,40.7,2.0,17.5,3.8800000000000026,2.0,-36.82,4.834485104215848,19899.9,Concepción,Biobío
11.16,32.1,349.0,19.1,-4.719999999999999,-11.0,-36.82,4.834485104215848,14538.5,Concepción,Biobío
2.66,38.0,11.6,17.0,1.1799999999999997,11.599999999999994,-36.82,4.834485104215848,3561.0,Concepción,Biobío
7.83,25.3,33.7,19.4,-11.52,33.69999999999999,-36.82,4.834485104215848,9612.0,Concepción,Biobío
4.23,45.5,16.2,15.9,8.68,16.19999999999999,-36.82,4.834485104215848,5652.8,Concepción,Biobío
3.6,36.0,17.2,15.8,-0.8200000000000003,17.19999999999999,-36.82,4.834485104215848,4863.1,Concepción,Biobío
9.63,46.1,15.2,13.0,9.280000000000001,15.199999999999989,-36.82,4.834485104215848,13297.7,Concepción,Biobío
8.57,35.2,325.5,17.1,-1.6199999999999974,-34.5,-36.82,4.834485104215848,11012.0,Concepción,Biobío
11.66,35.7,338.1,18.8,-1.1199999999999974,-21.899999999999977,-36.82,4.834485104215848,15076.0,Concepción,Biobío
13.6,27.1,354.9,16.5,-9.719999999999999,-5.100000000000023,-36.82,4.834485104215848,18156.4,Concepción,Biobío
5.21,42.9,341.9,12.3,6.079999999999998,-18.100000000000023,-36.82,4.834485104215848,7274.6,Concepción,Biobío
14.0,29.8,333.4,15.4,-7.02,-26.600000000000023,-36.82,4.834485104215848,18555.7,Concepción,Biobío
8.73,32.9,313.2,17.6,-3.9200000000000017,-46.80000000000001,-36.82,4.834485104215848,10699.5,Concepción,Biobío
5.36,36.8,326.3,19.4,-0.020000000000003126,-33.69999999999999,-36.82,4.834485104215848,6717.5,Concepción,Biobío
13.0,37.8,353.6,11.6,0.9799999999999969,-6.399999999999977,-36.82,4.834485104215848,18619.1,Concepción,Biobío
2.46,23.2,358.3,11.3,-13.620000000000001,-1.7000000000000455,-36.82,4.834485104215848,3444.5,Concepción,Biobío
9.27,35.0,340.2,14.1,-1.8200000000000003,-19.799999999999955,-36.82,4.834485104215848,12724.3,Concepción,Biobío
11.38,43.2,2.0,11.3,6.380000000000003,2.0,-36.82,4.834485104215848,16288.2,Concepción,Biobío
5.64,33.8,349.2,19.8,-3.020000000000003,-10.799999999999955,-36.82,4.834485104215848,7297.1,Concepción,Biobío
13.23,35.0,27.3,14.2,-1.8200000000000003,27.30000000000001,-36.82,4.834485104215848,17879.4,Concepción,Biobío
5.12,38.1,356.0,15.3,1.2800000000000011,-4.0,-36.82,4.834485104215848,7033.9,Concepción,Biobío
12.92,35.8,17.4,12.3,-1.0200000000000031,17.400000000000006,-36.82,4.834485104215848,18178.3,Concepción,Biobío
3.02,28.6,5.1,14.5,-8.219999999999999,5.099999999999994,-36.82,4.834485104215848,4145.1,Concepción,Biobío
4.08,36.5,324.9,19.8,-0.3200000000000003,-35.10000000000002,-36.82,4.834485104215848,5059.8,Concepción,Biobío
6.95,44.8,357.7,14.9,7.979999999999997,-2.2999999999999545,-36.82,4.834485104215848,9509.8,Concepción,Biobío
13.1,28.4,329.1,10.1,-8.420000000000002,-30.899999999999977,-36.82,4.834485104215848,18230.9,Concepción,Biobío
3.88,33.8,357.3,12.4,-3.020000000000003,-2.7000000000000455,-36.82,4.834485104215848,5504.9,Concepción,Biobío
13.38,25.8,341.4,19.8,-11.02,-18.600000000000023,-36.82,4.834485104215848,16871.0,Concepción,Biobío
4.99,44.4,9.5,19.9,7.579999999999998,9.5,-36.82,4.834485104215848,6404.8,Concepción,Biobío
7.88,36.1,326.4,12.1,-0.7199999999999989,-33.60000000000002,-36.82,4.834485104215848,10764.7,Concepción,Biobío
6.59,30.0,0.4,16.2,-6.82,0.4000000000000057,-36.82,4.834485104215848,8898.4,Concepción,Biobío
3.54,37.6,14.3,10.8,0.7800000000000011,14.300000000000011,-36.82,4.834485104215848,5079.8,Concepción,Biobío
14.28,27.2,22.7,15.8,-9.620000000000001,22.69999999999999,-36.82,4.834485104215848,18863.3,Concepción,Biobío
7.7,28.6,340.9,11.3,-8.219999999999999,-19.100000000000023,-36.82,4.834485104215848,10816.9,Concepción,Biobío
10.97,25.1,0.4,18.2,-11.719999999999999,0.4000000000000057,-36.82,4.834485104215848,14269.5,Concepción,Biobío
9.48,28.3,4.6,19.4,-8.52,4.599999999999994,-36.82,4.834485104215848,12252.1,Concepción,Biobío
8.52,47.7,38.7,11.7,10.880000000000003,38.69999999999999,-36.82,4.834485104215848,11313.6,Concepción,Biobío
10.02,31.0,323.0,14.6,-5.82,-37.0,-36.82,4.834485104215848,13089.6,Concepción,Biobío
13.68,40.5,337.2,11.0,3.6799999999999997,-22.799999999999955,-36.82,4.834485104215848,19322.7,Concepción,Biobío
11.09,30.1,70.1,13.4,-6.719999999999999,70.1,-36.82,4.834485104215848,12674.6,Concepción,Biobío
8.92,42.9,353.2,10.7,6.079999999999998,-6.7999999999999545,-36.82,4.834485104215848,12842.3,Concepción,Biobío
10.39,28.6,312.7,12.6,-8.219999999999999,-47.30000000000001,-36.82,4.834485104215848,13352.5,Concepción,Biobío
9.88,37.1,345.4,19.9,0.28000000000000114,-14.600000000000023,-36.82,4.834485104215848,12743.5,Concepción,Biobío
7.63,37.2,290.8,10.4,0.38000000000000256,-69.19999999999999,-36.82,4.834485104215848,9127.3,Concepción,Biobío
10.12,55.4,6.0,18.6,18.58,6.0,-36.82,4.834485104215848,12655.7,Concepción,Biobío
3.01,32.8,18.0,19.8,-5.940000000000005,18.0,-38.74,4.805798371588579,3821.8,Temuco,La Araucanía
8.88,36.9,329.1,13.7,-1.8400000000000034,-30.899999999999977,-38.74,4.805798371588579,11911.5,Temuco,La Araucanía
7.88,29.5,17.8,19.4,-9.240000000000002,17.80000000000001,-38.74,4.805798371588579,9985.2,Temuco,La Araucanía
14.11,42.6,14.6,16.9,3.8599999999999994,14.599999999999994,-38.74,4.805798371588579,18711.9,Temuco,La Araucanía
4.59,35.7,31.7,16.3,-3.039999999999999,31.69999999999999,-38.74,4.805798371588579,5948.6,Temuco,La Araucanía
4.34,33.4,22.3,12.3,-5.340000000000003,22.30000000000001,-38.74,4.805798371588579,5990.5,Temuco,La Araucanía
11.73,42.7,32.5,10.5,3.960000000000001,32.5,-38.74,4.805798371588579,16223.9,Temuco,La Araucanía
11.43,29.6,357.2,14.4,-9.14,-2.7999999999999545,-38.74,4.805798371588579,15590.8,Temuco,La Araucanía
11.09,44.9,338.4,10.1,6.159999999999997,-21.600000000000023,-38.74,4.805798371588579,15709.4,Temuco,La Araucanía
2.34,34.9,52.7,10.7,-3.8400000000000034,52.69999999999999,-38.74,4.805798371588579,3013.0,Temuco,La Araucanía
5.38,48.0,321.8,16.0,9.259999999999998,-38.19999999999999,-38.74,4.805798371588579,6803.9,Temuco,La Araucanía
12.92,35.6,324.3,17.2,-3.1400000000000006,-35.69999999999999,-38.74,4.805798371588579,16395.9,Temuco,La Araucanía
9.81,43.8,14.1,11.7,5.059999999999995,14.099999999999994,-38.74,4.805798371588579,13820.9,Temuco,La Araucanía
9.83,40.2,40.6,17.3,1.4600000000000009,40.599999999999994,-38.74,4.805798371588579,12291.4,Temuco,La Araucanía
5.85,44.7,4.7,19.5,5.960000000000001,4.699999999999989,-38.74,4.805798371588579,7547.0,Temuco,La Araucanía
5.38,39.6,25.0,17.4,0.8599999999999994,25.0,-38.74,4.805798371588579,6999.7,Temuco,La Araucanía
14.31,25.4,310.1,17.8,-13.340000000000003,-49.89999999999998,-38.74,4.805798371588579,16730.7,Temuco,La Araucanía
11.46,46.8,347.5,17.0,8.059999999999995,-12.5,-38.74,4.805798371588579,15104.5,Temuco,La Araucanía
3.65,38.0,313.2,12.2,-0.740000000000002,-46.80000000000001,-38.74,4.805798371588579,4740.6,Temuco,La Araucanía
14.19,45.1,19.5,13.6,6.359999999999999,19.5,-38.74,4.805798371588579,19375.2,Temuco,La Araucanía
9.57,44.3,321.3,19.5,5.559999999999995,-38.69999999999999,-38.74,4.805798371588579,11676.0,Temuco,La Araucanía
6.33,32.6,328.1,16.6,-6.140000000000001,-31.899999999999977,-38.74,4.805798371588579,8144.9,Temuco,La Araucanía
7.16,31.4,12.9,17.9,-7.340000000000003,12.900000000000006,-38.74,4.805798371588579,9352.9,Temuco,La Araucanía
11.43,44.0,26.5,19.7,5.259999999999998,26.5,-38.74,4.805798371588579,14355.6,Temuco,La Araucanía
6.89,36.3,356.0,12.3,-2.440000000000005,-4.0,-38.74,4.805798371588579,9735.4,Temuco,La Araucanía
9.52,46.2,14.3,13.2,7.460000000000001,14.300000000000011,-38.74,4.805798371588579,13119.2,Temuco,La Araucanía
11.24,37.3,13.4,16.4,-1.4400000000000048,13.400000000000006,-38.74,4.805798371588579,15038.8,Temuco,La Araucanía
4.54,46.9,354.6,10.2,8.159999999999997,-5.399999999999977,-38.74,4.805798371588579,6500.4,Temuco,La Araucanía
14.28,42.1,332.6,15.7,3.3599999999999994,-27.399999999999977,-38.74,4.805798371588579,18829.5,Temuco,La Araucanía
6.63,41.0,14.1,18.1,2.259999999999998,14.099999999999994,-38.74,4.805798371588579,8689.3,Temuco,La Araucanía
7.45,35.7,15.3,16.1,-3.039999999999999,15.300000000000011,-38.74,4.805798371588579,9983.3,Temuco,La Araucanía
11.08,40.6,22.4,13.0,1.8599999999999994,22.400000000000006,-38.74,4.805798371588579,15259.2,Temuco,La Araucanía
9.91,48.3,7.8,17.2,9.559999999999995,7.800000000000011,-38.74,4.805798371588579,13024.8,Temuco,La Araucanía
7.72,38.3,330.8,11.5,-0.44000000000000483,-29.19999999999999,-38.74,4.805798371588579,10673.8,Temuco,La Araucanía
10.45,43.0,17.3,18.9,4.259999999999998,17.30000000000001,-38.74,4.805798371588579,13469.8,Temuco,La Araucanía
13.74,39.1,360.0,11.0,0.35999999999999943,0.0,-38.74,4.805798371588579,19723.2,Temuco,La Araucanía
12.4,39.7,347.9,18.6,0.9600000000000009,-12.100000000000023,-38.74,4.805798371588579,16190.8,Temuco,La Araucanía
12.72,52.5,352.6,15.0,13.759999999999998,-7.399999999999977,-38.74,4.805798371588579,16905.3,Temuco,La Araucanía
5.36,48.4,342.7,14.3,9.659999999999997,-17.299999999999955,-38.74,4.805798371588579,7224.9,Temuco,La Araucanía
7.45,39.4,22.2,15.0,0.6599999999999966,22.19999999999999,-38.74,4.805798371588579,10027.3,Temuco,La Araucanía
9.2,40.5,324.5,12.0,1.759999999999998,-35.5,-38.74,4.805798371588579,12436.0,Temuco,La Araucanía
2.57,33.1,335.2,14.6,-5.640000000000001,-24.799999999999955,-38.74,4.805798371588579,3448.7,Temuco,La Araucanía
12.01,37.4,351.8,18.5,-1.3400000000000034,-8.200000000000045,-38.74,4.805798371588579,15744.6,Temuco,La Araucanía
6.21,41.2,40.3,18.0,2.460000000000001,40.30000000000001,-38.74,4.805798371588579,7697.8,Temuco,La Araucanía
5.67,45.5,26.4,11.6,6.759999999999998,26.400000000000006,-38.74,4.805798371588579,7821.1,Temuco,La Araucanía
5.37,44.7,319.0,16.7,5.960000000000001,-41.0,-38.74,4.805798371588579,6721.1,Temuco,La Araucanía
5.68,29.9,33.8,18.6,-8.840000000000003,33.80000000000001,-38.74,4.805798371588579,7060.2,Temuco,La Araucanía
6.39,46.6,33.7,18.2,7.859999999999999,33.69999999999999,-38.74,4.805798371588579,8001.2,Temuco,La Araucanía
9.86,38.0,330.6,14.3,-0.740000000000002,-29.399999999999977,-38.74,4.805798371588579,13198.3,Temuco,La Araucanía
9.59,30.8,297.0,10.5,-7.940000000000001,-63.0,-38.74,4.805798371588579,11691.5,Temuco,La Araucanía
5.32,49.4,358.2,19.3,10.659999999999997,-1.7999999999999545,-38.74,4.805798371588579,6810.3,Temuco,La Araucanía
4.68,50.4,28.1,14.0,11.659999999999997,28.099999999999994,-38.74,4.805798371588579,6176.7,Temuco,La Araucanía
12.74,40.8,39.8,13.6,2.059999999999995,39.80000000000001,-38.74,4.805798371588579,16690.7,Temuco,La Araucanía
3.21,44.4,338.2,17.6,5.659999999999997,-21.799999999999955,-38.74,4.805798371588579,4164.6,Temuco,La Araucanía
8.67,44.9,43.8,12.6,6.159999999999997,43.80000000000001,-38.74,4.805798371588579,11269.4,Temuco,La Araucanía
8.77,49.9,304.3,18.3,11.159999999999997,-55.69999999999999,-38.74,4.805798371588579,10019.2,Temuco,La Araucanía
9.46,44.6,350.8,10.8,5.859999999999999,-9.200000000000045,-38.74,4.805798371588579,13512.3,Temuco,La Araucanía
13.51,28.1,349.6,17.4,-10.64,-10.399999999999977,-38.74,4.805798371588579,17626.2,Temuco,La Araucanía
10.11,54.8,28.8,19.7,16.059999999999995,28.80000000000001,-38.74,4.805798371588579,12198.0,Temuco,La Araucanía
14.66,47.3,32.5,20.0,8.559999999999995,32.5,-38.74,4.805798371588579,17974.0,Temuco,La Araucanía
13.33,34.7,23.9,19.2,-4.039999999999999,23.900000000000006,-38.74,4.805798371588579,16948.7,Temuco,La Araucanía
4.79,30.5,326.2,18.7,-8.240000000000002,-33.80000000000001,-38.74,4.805798371588579,5951.9,Temuco,La Araucanía
5.14,42.8,21.6,12.8,4.059999999999995,21.599999999999994,-38.74,4.805798371588579,7080.9,Temuco,La Araucanía
6.48,36.5,12.7,19.7,-2.240000000000002,12.699999999999989,-38.74,4.805798371588579,8343.6,Temuco,La Araucanía
7.09,41.4,318.2,19.3,2.6599999999999966,-41.80000000000001,-38.74,4.805798371588579,8617.5,Temuco,La Araucanía
9.19,44.7,308.3,15.3,5.960000000000001,-51.69999999999999,-38.74,4.805798371588579,11235.6,Temuco,La Araucanía
5.02,34.2,25.9,14.0,-4.539999999999999,25.900000000000006,-38.74,4.805798371588579,6768.5,Temuco,La Araucanía
4.89,29.8,355.5,11.1,-8.940000000000001,-4.5,-38.74,4.805798371588579,6925.0,Temuco,La Araucanía
6.96,41.8,327.9,15.9,3.059999999999995,-32.10000000000002,-38.74,4.805798371588579,9059.0,Temuco,La Araucanía
10.74,34.5,354.8,17.0,-4.240000000000002,-5.2000000000000455,-38.74,4.805798371588579,14322.1,Temuco,La Araucanía
10.95,39.9,9.1,14.0,1.1599999999999966,9.099999999999994,-38.74,4.805798371588579,15129.8,Temuco,La Araucanía
14.69,28.0,357.9,14.1,-10.740000000000002,-2.1000000000000227,-38.74,4.805798371588579,20008.0,Temuco,La Araucanía
4.63,36.7,321.2,15.7,-2.039999999999999,-38.80000000000001,-38.74,4.805798371588579,5935.7,Temuco,La Araucanía
7.11,44.5,47.1,10.3,5.759999999999998,47.099999999999994,-38.74,4.805798371588579,9383.3,Temuco,La Araucanía
14.54,43.6,25.1,19.6,4.859999999999999,25.099999999999994,-38.74,4.805798371588579,18350.8,Temuco,La Araucanía
10.97,32.4,351.6,12.9,-6.340000000000003,-8.399999999999977,-38.74,4.805798371588579,15282.4,Temuco,La Araucanía
9.7,29.4,352.6,11.4,-9.340000000000003,-7.399999999999977,-38.74,4.805798371588579,13652.1,Temuco,La Araucanía
9.02,38.9,9.0,10.1,0.1599999999999966,9.0,-38.74,4.805798371588579,13043.1,Temuco,La Araucanía
2.98,43.2,331.8,18.6,4.460000000000001,-28.19999999999999,-38.74,4.805798371588579,3787.4,Temuco,La Araucanía
13.61,42.0,8.1,18.6,3.259999999999998,8.099999999999994,-38.74,4.805798371588579,17800.0,Temuco,La Araucanía
10.13,34.6,326.7,11.0,-4.140000000000001,-33.30000000000001,-38.74,4.805798371588579,13911.6,Temuco,La Araucanía
9.43,41.1,358.2,11.5,2.3599999999999994,-1.7999999999999545,-38.74,4.805798371588579,13450.9,Temuco,La Araucanía
9.01,50.8,330.8,14.5,12.059999999999995,-29.19999999999999,-38.74,4.805798371588579,11771.4,Temuco,La Araucanía
7.09,40.4,332.0,11.9,1.6599999999999966,-28.0,-38.74,4.805798371588579,9787.3,Temuco,La Araucanía
5.31,25.7,41.1,17.4,-13.040000000000003,41.099999999999994,-38.74,4.805798371588579,6458.0,Temuco,La Araucanía
11.82,40.4,1.5,10.6,1.6599999999999966,1.5,-38.74,4.805798371588579,17043.8,Temuco,La Araucanía
8.62,55.1,5.2,15.5,16.36,5.199999999999989,-38.74,4.805798371588579,11271.5,Temuco,La Araucanía
2.44,28.4,309.7,13.8,-10.340000000000003,-50.30000000000001,-38.74,4.805798371588579,3023.1,Temuco,La Araucanía
7.19,39.0,345.1,14.6,0.259999999999998,-14.899999999999977,-38.74,4.805798371588579,9814.9,Temuco,La Araucanía
14.07,36.9,11.5,14.2,-1.8400000000000034,11.5,-38.74,4.805798371588579,19361.4,Temuco,La Araucanía
6.86,39.5,4.9,11.5,0.759999999999998,4.900000000000006,-38.74,4.805798371588579,9783.2,Temuco,La Araucanía
7.37,40.3,306.1,12.2,1.5599999999999952,-53.89999999999998,-38.74,4.805798371588579,9307.5,Temuco,La Araucanía
10.11,47.9,5.2,10.6,9.159999999999997,5.199999999999989,-38.74,4.805798371588579,14378.3,Temuco,La Araucanía
12.42,39.4,9.2,11.2,0.6599999999999966,9.199999999999989,-38.74,4.805798371588579,17748.6,Temuco,La Araucanía
10.69,49.0,32.1,19.8,10.259999999999998,32.099999999999994,-38.74,4.805798371588579,13086.4,Temuco,La Araucanía
13.05,37.8,343.6,12.8,-0.9400000000000048,-16.399999999999977,-38.74,4.805798371588579,18172.2,Temuco,La Araucanía
3.48,35.9,303.9,13.1,-2.8400000000000034,-56.10000000000002,-38.74,4.805798371588579,4305.4,Temuco,La Araucanía
14.02,33.4,335.1,11.3,-5.340000000000003,-24.899999999999977,-38.74,4.805798371588579,19512.5,Temuco,La Araucanía
13.75,24.2,332.6,17.6,-14.540000000000003,-27.399999999999977,-38.74,4.805798371588579,17202.2,Temuco,La Araucanía
8.75,40.9,18.4,19.2,2.1599999999999966,18.400000000000006,-38.74,4.805798371588579,11244.6,Temuco,La Araucanía
10.12,55.2,292.1,17.9,16.46,-67.89999999999998,-38.74,4.805798371588579,10666.9,Temuco,La Araucanía
4.77,42.4,348.8,16.1,3.6599999999999966,-11.200000000000045,-38.74,4.805798371588579,6406.5,Temuco,La Araucanía
7.82,44.2,35.6,18.1,5.460000000000001,35.599999999999994,-38.74,4.805798371588579,9792.7,Temuco,La Araucanía
4.64,35.4,0.2,14.0,-3.3400000000000034,0.19999999999998863,-38.74,4.805798371588579,6417.7,Temuco,La Araucanía
2.29,36.8,22.4,18.6,-1.9400000000000048,22.400000000000006,-38.74,4.805798371588579,2943.2,Temuco,La Araucanía
14.75,46.6,319.0,18.0,7.859999999999999,-41.0,-38.74,4.805798371588579,18109.2,Temuco,La Araucanía
5.37,54.8,320.0,10.0,16.059999999999995,-40.0,-38.74,4.805798371588579,7037.4,Temuco,La Araucanía
9.71,50.6,35.9,14.9,11.86,35.900000000000006,-38.74,4.805798371588579,12413.3,Temuco,La Araucanía
5.9,45.2,2.5,12.6,6.460000000000001,2.5,-38.74,4.805798371588579,8265.6,Temuco,La Araucanía
6.82,39.0,2.6,10.9,0.259999999999998,2.5999999999999943,-38.74,4.805798371588579,9803.1,Temuco,La Araucanía
7.17,40.4,332.0,18.5,1.6599999999999966,-28.0,-38.74,4.805798371588579,9150.7,Temuco,La Araucanía
6.36,32.7,2.5,10.1,-6.039999999999999,2.5,-38.74,4.805798371588579,9167.7,Temuco,La Araucanía
10.29,27.2,331.4,17.3,-11.540000000000003,-28.600000000000023,-38.74,4.805798371588579,13027.3,Temuco,La Araucanía
14.49,29.7,29.7,19.9,-9.040000000000003,29.69999999999999,-38.74,4.805798371588579,17885.4,Temuco,La Araucanía
7.57,39.1,68.2,14.8,0.35999999999999943,68.19999999999999,-38.74,4.805798371588579,8617.5,Temuco,La Araucanía
14.65,36.4,12.1,13.7,-2.3400000000000034,12.099999999999994,-38.74,4.805798371588579,20270.0,Temuco,La Araucanía
10.68,27.0,344.1,16.1,-11.740000000000002,-15.899999999999977,-38.74,4.805798371588579,14027.4,Temuco,La Araucanía
9.89,38.4,296.7,18.0,-0.3400000000000034,-63.30000000000001,-38.74,4.805798371588579,11132.8,Temuco,La Araucanía
5.08,36.2,317.9,12.4,-2.539999999999999,-42.10000000000002,-38.74,4.805798371588579,6696.9,Temuco,La Araucanía
2.82,29.4,38.9,12.5,-9.340000000000003,38.900000000000006,-38.74,4.805798371588579,3701.1,Temuco,La Araucanía
13.08,35.8,334.3,16.1,-2.940000000000005,-25.700000000000045,-38.74,4.805798371588579,17238.2,Temuco,La Araucanía
9.46,36.2,350.7,19.4,-2.539999999999999,-9.299999999999955,-38.74,4.805798371588579,12252.1,Temuco,La Araucanía
7.39,33.8,16.4,13.0,-4.940000000000005,16.400000000000006,-38.74,4.805798371588579,10227.7,Temuco,La Araucanía
12.56,46.2,37.1,13.8,7.460000000000001,37.099999999999994,-38.74,4.805798371588579,16424.9,Temuco,La Araucanía
6.04,23.5,355.0,19.9,-15.240000000000002,-5.0,-38.74,4.805798371588579,7518.7,Temuco,La Araucanía
12.19,22.9,349.9,11.8,-15.840000000000003,-10.100000000000023,-38.74,4.805798371588579,16622.7,Temuco,La Araucanía
6.26,38.8,1.8,10.8,0.05999999999999517,1.8000000000000114,-38.74,4.805798371588579,9016.5,Temuco,La Araucanía
13.97,39.5,344.3,15.9,0.759999999999998,-15.700000000000045,-38.74,4.805798371588579,18779.5,Temuco,La Araucanía
5.48,42.0,345.7,10.2,3.259999999999998,-14.299999999999955,-38.74,4.805798371588579,7866.6,Temuco,La Araucanía
3.79,34.4,10.3,11.8,-4.340000000000003,10.300000000000011,-38.74,4.805798371588579,5353.7,Temuco,La Araucanía
11.08,31.4,4.6,16.2,-7.340000000000003,4.599999999999994,-38.74,4.805798371588579,14835.7,Temuco,La Araucanía
4.12,38.7,53.3,16.6,-0.03999999999999915,53.30000000000001,-38.74,4.805798371588579,4951.9,Temuco,La Araucanía
14.34,35.2,11.0,15.1,-3.539999999999999,11.0,-38.74,4.805798371588579,19517.5,Temuco,La Araucanía
10.52,51.1,28.8,13.8,12.36,28.80000000000001,-38.74,4.805798371588579,13838.1,Temuco,La Araucanía
5.0,36.1,333.2,15.8,-2.6400000000000006,-26.799999999999955,-38.74,4.805798371588579,6605.8,Temuco,La Araucanía
4.71,38.3,13.1,16.4,-0.44000000000000483,13.099999999999994,-38.74,4.805798371588579,6314.9,Temuco,La Araucanía
14.01,58.5,341.9,18.0,19.759999999999998,-18.100000000000023,-38.74,4.805798371588579,17216.2,Temuco,La Araucanía
9.9,37.2,9.9,17.9,-1.5399999999999991,9.900000000000006,-38.74,4.805798371588579,13058.9,Temuco,La Araucanía
13.62,43.2,17.2,16.6,4.460000000000001,17.19999999999999,-38.74,4.805798371588579,18054.1,Temuco,La Araucanía
3.43,43.9,1.2,18.9,5.159999999999997,1.1999999999999886,-38.74,4.805798371588579,4471.2,Temuco,La Araucanía
14.03,44.6,60.2,18.4,5.859999999999999,60.19999999999999,-38.74,4.805798371588579,15902.8,Temuco,La Araucanía
8.76,41.1,35.7,11.3,2.3599999999999994,35.69999999999999,-38.74,4.805798371588579,11920.0,Temuco,La Araucanía
10.69,40.3,29.4,19.6,1.5599999999999952,29.400000000000006,-38.74,4.805798371588579,13412.4,Temuco,La Araucanía
6.85,39.5,19.1,18.9,0.759999999999998,19.099999999999994,-38.74,4.805798371588579,8832.9,Temuco,La Araucanía
2.77,34.1,44.1,13.2,-4.640000000000001,44.099999999999994,-38.74,4.805798371588579,3582.3,Temuco,La Araucanía
14.45,41.3,324.1,10.2,2.559999999999995,-35.89999999999998,-38.74,4.805798371588579,19900.0,Temuco,La Araucanía
14.93,55.0,34.3,16.0,16.259999999999998,34.30000000000001,-38.74,4.805798371588579,18557.6,Temuco,La Araucanía
6.74,48.4,335.2,14.4,9.659999999999997,-24.799999999999955,-38.74,4.805798371588579,8962.8,Temuco,La Araucanía
14.27,41.2,345.9,17.5,2.460000000000001,-14.100000000000023,-38.74,4.805798371588579,18835.4,Temuco,La Araucanía
4.18,45.6,14.0,15.2,6.859999999999999,14.0,-38.74,4.805798371588579,5633.3,Temuco,La Araucanía
4.01,31.8,30.8,10.8,-6.940000000000001,30.80000000000001,-38.74,4.805798371588579,5526.1,Temuco,La Araucanía
2.95,36.7,331.2,12.4,-2.039999999999999,-28.80000000000001,-38.74,4.805798371588579,4033.9,Temuco,La Araucanía
7.09,46.3,347.2,18.8,7.559999999999995,-12.799999999999955,-38.74,4.805798371588579,9142.7,Temuco,La Araucanía
2.68,50.6,2.4,10.4,11.86,2.4000000000000057,-38.74,4.805798371588579,3791.2,Temuco,La Araucanía
7.13,32.6,355.3,17.4,-6.140000000000001,-4.7000000000000455,-38.74,4.805798371588579,9444.0,Temuco,La Araucanía
3.8,34.9,21.4,12.9,-3.8400000000000034,21.400000000000006,-38.74,4.805798371588579,5233.4,Temuco,La Araucanía
11.5,56.2,85.9,14.5,17.46,85.89999999999998,-38.74,4.805798371588579,11071.1,Temuco,La Araucanía
12.83,39.5,10.5,15.3,0.759999999999998,10.5,-38.74,4.805798371588579,17461.5,Temuco,La Araucanía
10.94,53.3,341.6,12.5,14.559999999999995,-18.399999999999977,-38.74,4.805798371588579,14757.2,Temuco,La Araucanía
4.61,40.4,327.6,16.5,1.6599999999999966,-32.39999999999998,-38.74,4.805798371588579,5955.5,Temuco,La Araucanía
11.97,40.7,351.9,16.9,1.9600000000000009,-8.100000000000023,-38.74,4.805798371588579,15991.4,Temuco,La Araucanía
5.24,36.3,336.5,10.9,-2.440000000000005,-23.5,-38.74,4.805798371588579,7377.3,Temuco,La Araucanía
11.87,46.3,11.7,13.7,7.559999999999995,11.699999999999989,-38.74,4.805798371588579,16297.0,Temuco,La Araucanía
9.38,49.6,11.3,17.4,10.86,11.300000000000011,-38.74,4.805798371588579,12205.8,Temuco,La Araucanía
6.77,30.5,348.4,17.2,-8.240000000000002,-11.600000000000023,-38.74,4.805798371588579,8899.0,Temuco,La Araucanía
3.09,35.9,49.6,15.4,-2.8400000000000034,49.599999999999994,-38.74,4.805798371588579,3816.1,Temuco,La Araucanía
12.76,46.1,341.6,17.8,7.359999999999999,-18.399999999999977,-38.74,4.805798371588579,16571.2,Temuco,La Araucanía
14.22,37.7,357.0,11.1,-1.0399999999999991,-3.0,-38.74,4.805798371588579,20385.3,Temuco,La Araucanía
10.66,34.8,16.0,11.2,-3.940000000000005,16.0,-38.74,4.805798371588579,15087.7,Temuco,La Araucanía
14.54,46.8,22.3,16.6,8.059999999999995,22.30000000000001,-38.74,4.805798371588579,19010.1,Temuco,La Araucanía
14.14,47.6,31.9,16.9,8.86,31.900000000000006,-38.74,4.805798371588579,18008.3,Temuco,La Araucanía
4.53,35.1,10.7,18.1,-3.6400000000000006,10.699999999999989,-38.74,4.805798371588579,5944.8,Temuco,La Araucanía
11.51,40.4,26.3,11.8,1.6599999999999966,26.30000000000001,-38.74,4.805798371588579,15936.1,Temuco,La Araucanía
6.54,29.1,343.4,15.2,-9.64,-16.600000000000023,-38.74,4.805798371588579,8732.9,Temuco,La Araucanía
8.34,31.6,23.0,16.6,-7.140000000000001,23.0,-38.74,4.805798371588579,10908.2,Temuco,La Araucanía
4.04,39.7,22.6,12.2,0.9600000000000009,22.599999999999994,-38.74,4.805798371588579,5609.6,Temuco,La Araucanía
14.67,39.0,37.8,15.2,0.259999999999998,37.80000000000001,-38.74,4.805798371588579,18997.7,Temuco,La Araucanía
11.44,31.0,318.3,16.4,-7.740000000000002,-41.69999999999999,-38.74,4.805798371588579,14291.0,Temuco,La Araucanía
5.47,33.0,337.3,12.1,-5.740000000000002,-22.700000000000045,-38.74,4.805798371588579,7564.2,Temuco,La Araucanía
6.83,30.2,20.6,13.8,-8.540000000000003,20.599999999999994,-38.74,4.805798371588579,9246.8,Temuco,La Araucanía
7.49,42.4,293.7,12.2,3.6599999999999966,-66.30000000000001,-38.74,4.805798371588579,8872.8,Temuco,La Araucanía
11.72,23.0,12.3,19.0,-15.740000000000002,12.300000000000011,-38.74,4.805798371588579,14649.7,Temuco,La Araucanía
14.03,30.6,26.5,12.4,-8.14,26.5,-38.74,4.805798371588579,19122.5,Temuco,La Araucanía
6.18,23.8,345.6,11.2,-14.940000000000001,-14.399999999999977,-38.74,4.805798371588579,8486.4,Temuco,La Araucanía
8.14,42.1,349.2,10.4,3.3599999999999994,-10.799999999999955,-38.74,4.805798371588579,11705.7,Temuco,La Araucanía
9.71,24.3,333.1,10.4,-14.440000000000001,-26.899999999999977,-38.74,4.805798371588579,13218.4,Temuco,La Araucanía
7.11,39.0,347.0,11.9,0.259999999999998,-13.0,-38.74,4.805798371588579,10044.2,Temuco,La Araucanía
8.55,51.9,347.7,16.1,13.159999999999997,-12.299999999999955,-38.74,4.805798371588579,11215.2,Temuco,La Araucanía
3.37,52.1,342.9,10.2,13.36,-17.100000000000023,-38.74,4.805798371588579,4704.5,Temuco,La Araucanía
4.18,24.3,341.6,12.9,-14.440000000000001,-18.399999999999977,-38.74,4.805798371588579,5616.8,Temuco,La Araucanía
7.21,41.1,353.2,10.6,2.3599999999999994,-6.7999999999999545,-38.74,4.805798371588579,10381.1,Temuco,La Araucanía
13.89,30.8,352.9,14.0,-7.940000000000001,-7.100000000000023,-38.74,4.805798371588579,19051.2,Temuco,La Araucanía
6.54,29.2,46.9,10.5,-9.540000000000003,46.900000000000006,-38.74,4.805798371588579,8549.1,Temuco,La Araucanía
5.25,37.8,350.1,16.1,-0.9400000000000048,-9.899999999999977,-38.74,4.805798371588579,7078.2,Temuco,La Araucanía
11.66,48.6,8.6,16.9,9.86,8.599999999999994,-38.74,4.805798371588579,15360.0,Temuco,La Araucanía
14.34,43.5,345.6,17.3,4.759999999999998,-14.399999999999977,-38.74,4.805798371588579,18911.7,Temuco,La Araucanía
7.97,33.0,345.3,12.2,-5.740000000000002,-14.700000000000045,-38.74,4.805798371588579,11133.9,Temuco,La Araucanía
2.11,44.4,317.4,18.7,5.659999999999997,-42.60000000000002,-38.74,4.805798371588579,2568.9,Temuco,La Araucanía
10.95,20.8,320.7,16.9,-17.94,-39.30000000000001,-38.74,4.805798371588579,13148.9,Temuco,La Araucanía
7.4,32.7,329.8,10.6,-6.039999999999999,-30.19999999999999,-38.74,4.805798371588579,10247.2,Temuco,La Araucanía
10.76,32.1,4.6,14.4,-6.640000000000001,4.599999999999994,-38.74,4.805798371588579,14745.9,Temuco,La Araucanía
5.61,39.4,26.9,17.7,0.6599999999999966,26.900000000000006,-38.74,4.805798371588579,7247.0,Temuco,La Araucanía
2.03,37.1,315.3,13.1,-1.6400000000000006,-44.69999999999999,-38.74,4.805798371588579,2633.1,Temuco,La Araucanía
6.48,37.6,346.3,13.8,-1.1400000000000006,-13.700000000000045,-38.74,4.805798371588579,8942.3,Temuco,La Araucanía
11.16,37.3,325.8,16.3,-1.4400000000000048,-34.19999999999999,-38.74,4.805798371588579,14405.4,Temuco,La Araucanía
7.11,38.9,353.4,10.6,0.1599999999999966,-6.600000000000023,-38.74,4.805798371588579,10244.4,Temuco,La Araucanía
4.85,43.1,26.9,19.7,4.359999999999999,26.900000000000006,-38.74,4.805798371588579,6095.5,Temuco,La Araucanía
8.03,39.9,348.8,11.7,1.1599999999999966,-11.200000000000045,-38.74,4.805798371588579,11380.6,Temuco,La Araucanía
11.78,36.5,358.8,10.3,-2.240000000000002,-1.2000000000000455,-38.74,4.805798371588579,17041.6,Temuco,La Araucanía
3.55,42.0,36.4,10.1,3.259999999999998,36.400000000000006,-38.74,4.805798371588579,4890.4,Temuco,La Araucanía
10.99,45.3,11.4,14.0,6.559999999999995,11.400000000000006,-38.74,4.805798371588579,15077.2,Temuco,La Araucanía
10.68,34.3,341.0,18.8,-4.440000000000005,-19.0,-38.74,4.805798371588579,13745.6,Temuco,La Araucanía
6.82,38.3,4.0,18.2,-0.44000000000000483,4.0,-38.74,4.805798371588579,8995.1,Temuco,La Araucanía
14.61,48.0,339.3,19.1,9.259999999999998,-20.700000000000045,-38.74,4.805798371588579,18514.8,Temuco,La Araucanía
13.63,29.9,10.5,15.3,-8.840000000000003,10.5,-38.74,4.805798371588579,18322.4,Temuco,La Araucanía
6.11,53.2,12.9,14.5,14.46,12.900000000000006,-38.74,4.805798371588579,8112.4,Temuco,La Araucanía
2.4,28.0,325.8,13.9,-10.740000000000002,-34.19999999999999,-38.74,4.805798371588579,3138.3,Temuco,La Araucanía
6.01,36.0,4.4,10.5,-2.740000000000002,4.400000000000006,-38.74,4.805798371588579,8662.8,Temuco,La Araucanía
4.66,31.1,357.1,19.1,-7.640000000000001,-2.8999999999999773,-38.74,4.805798371588579,6029.3,Temuco,La Araucanía
9.11,56.2,13.6,15.0,17.46,13.599999999999994,-38.74,4.805798371588579,11842.2,Temuco,La Araucanía
13.94,34.7,20.8,14.6,-4.039999999999999,20.80000000000001,-38.74,4.805798371588579,18862.0,Temuco,La Araucanía
13.31,34.7,11.9,15.2,-4.039999999999999,11.900000000000006,-38.74,4.805798371588579,18084.2,Temuco,La Araucanía
5.98,35.8,352.4,17.9,-2.940000000000005,-7.600000000000023,-38.74,4.805798371588579,7883.9,Temuco,La Araucanía
7.57,39.5,23.3,12.2,0.759999999999998,23.30000000000001,-38.74,4.805798371588579,10498.4,Temuco,La Araucanía
2.48,36.1,338.2,17.1,-2.6400000000000006,-21.799999999999955,-38.74,4.805798371588579,3247.3,Temuco,La Araucanía
9.07,37.7,327.0,17.1,-1.0399999999999991,-33.0,-38.74,4.805798371588579,11633.9,Temuco,La Araucanía
2.82,10.5,280.1,18.5,-28.240000000000002,-79.89999999999998,-38.74,4.805798371588579,2508.3,Temuco,La Araucanía
14.2,39.2,358.2,10.1,0.46000000000000085,-1.7999999999999545,-38.74,4.805798371588579,20599.7,Temuco,La Araucanía
13.27,38.9,339.5,11.7,0.1599999999999966,-20.5,-38.74,4.805798371588579,18602.0,Temuco,La Araucanía
4.78,47.0,9.9,14.7,8.259999999999998,9.900000000000006,-38.74,4.805798371588579,6490.3,Temuco,La Araucanía
11.09,49.2,310.7,18.5,10.46,-49.30000000000001,-38.74,4.805798371588579,13035.5,Temuco,La Araucanía
9.38,37.2,343.8,19.7,-1.5399999999999991,-16.200000000000045,-38.74,4.805798371588579,12040.5,Temuco,La Araucanía
12.42,45.3,11.8,15.9,6.559999999999995,11.800000000000011,-38.74,4.805798371588579,16642.8,Temuco,La Araucanía
8.18,29.9,334.3,12.1,-8.840000000000003,-25.700000000000045,-38.74,4.805798371588579,11178.1,Temuco,La Araucanía
4.49,44.9,10.2,11.8,6.159999999999997,10.199999999999989,-38.74,4.805798371588579,6328.6,Temuco,La Araucanía
10.32,34.2,346.1,16.4,-4.539999999999999,-13.899999999999977,-38.74,4.805798371588579,13771.6,Temuco,La Araucanía
3.04,29.3,359.2,12.1,-9.440000000000001,-0.7999999999999545,-38.74,4.805798371588579,4257.5,Temuco,La Araucanía
9.6,37.3,14.9,15.5,-1.4400000000000048,14.900000000000006,-38.74,4.805798371588579,12968.6,Temuco,La Araucanía
4.77,49.9,23.8,18.3,11.159999999999997,23.80000000000001,-38.74,4.805798371588579,6025.5,Temuco,La Araucanía
10.9,40.2,2.3,13.9,1.4600000000000009,2.3000000000000114,-38.74,4.805798371588579,15140.3,Temuco,La Araucanía
12.76,50.7,339.6,13.8,11.96,-20.399999999999977,-38.74,4.805798371588579,17096.7,Temuco,La Araucanía
3.42,32.8,348.5,10.4,-5.940000000000005,-11.5,-38.74,4.805798371588579,4900.2,Temuco,La Araucanía
7.2,47.1,15.9,12.5,8.36,15.900000000000006,-38.74,4.805798371588579,9959.4,Temuco,La Araucanía
11.54,33.5,334.5,17.0,-5.240000000000002,-25.5,-38.74,4.805798371588579,15007.4,Temuco,La Araucanía
4.13,40.5,355.5,13.6,1.759999999999998,-4.5,-38.74,4.805798371588579,5747.3,Temuco,La Araucanía
9.36,40.5,350.4,11.6,1.759999999999998,-9.600000000000023,-38.74,4.805798371588579,13306.2,Temuco,La Araucanía
10.73,44.0,357.4,11.1,5.259999999999998,-2.6000000000000227,-38.74,4.805798371588579,15334.1,Temuco,La Araucanía
6.61,40.7,334.8,11.0,1.9600000000000009,-25.200000000000045,-38.74,4.805798371588579,9265.4,Temuco,La Araucanía
12.82,32.8,313.7,16.6,-5.940000000000005,-46.30000000000001,-38.74,4.805798371588579,15773.9,Temuco,La Araucanía
8.64,45.8,13.0,16.1,7.059999999999995,13.0,-38.74,4.805798371588579,11527.3,Temuco,La Araucanía
10.15,52.6,24.1,15.2,13.86,24.099999999999994,-38.74,4.805798371588579,13189.7,Temuco,La Araucanía
3.83,34.1,315.2,15.0,-4.640000000000001,-44.80000000000001,-38.74,4.805798371588579,4841.6,Temuco,La Araucanía
2.3,24.1,9.2,11.5,-14.64,9.199999999999989,-38.74,4.805798371588579,3167.0,Temuco,La Araucanía
2.66,42.7,27.1,15.0,3.960000000000001,27.099999999999994,-38.74,4.805798371588579,3537.4,Temuco,La Araucanía
13.75,36.1,14.9,10.6,-2.6400000000000006,14.900000000000006,-38.74,4.805798371588579,19646.5,Temuco,La Araucanía
13.47,37.7,349.6,19.3,-1.0399999999999991,-10.399999999999977,-38.74,4.805798371588579,17478.0,Temuco,La Araucanía
12.5,43.2,336.4,10.6,4.460000000000001,-23.600000000000023,-38.74,4.805798371588579,17598.6,Temuco,La Araucanía
4.59,35.1,2.0,14.2,-3.6400000000000006,2.0,-38.74,4.805798371588579,6344.5,Temuco,La Araucanía
8.83,36.6,6.2,10.0,-2.1400000000000006,6.199999999999989,-38.74,4.805798371588579,12795.0,Temuco,La Araucanía
12.35,37.9,2.4,17.9,-0.8400000000000034,2.4000000000000057,-38.74,4.805798371588579,16361.3,Temuco,La Araucanía
10.77,50.5,355.5,11.7,11.759999999999998,-4.5,-38.74,4.805798371588579,15017.8,Temuco,La Araucanía
3.5,39.0,332.9,19.2,0.259999999999998,-27.100000000000023,-38.74,4.805798371588579,4435.7,Temuco,La Araucanía
13.64,28.9,10.6,10.4,-9.840000000000003,10.599999999999994,-38.74,4.805798371588579,19337.8,Temuco,La Araucanía
4.09,29.2,11.8,18.2,-9.540000000000003,11.800000000000011,-38.74,4.805798371588579,5292.9,Temuco,La Araucanía
4.23,39.9,5.0,16.6,1.1599999999999966,5.0,-38.74,4.805798371588579,5692.2,Temuco,La Araucanía
13.71,29.7,2.8,12.5,-9.040000000000003,2.8000000000000114,-38.74,4.805798371588579,19114.6,Temuco,La Araucanía
8.3,26.2,42.0,12.0,-12.540000000000003,42.0,-38.74,4.805798371588579,10739.0,Temuco,La Araucanía
6.85,43.8,344.4,13.6,5.059999999999995,-15.600000000000023,-38.74,4.805798371588579,9422.6,Temuco,La Araucanía
9.2,44.2,32.0,18.3,5.460000000000001,32.0,-38.74,4.805798371588579,11602.5,Temuco,La Araucanía
14.76,35.8,341.6,18.6,-2.940000000000005,-18.399999999999977,-38.74,4.805798371588579,19104.8,Temuco,La Araucanía
3.56,41.1,27.7,11.8,2.3599999999999994,27.69999999999999,-38.74,4.805798371588579,4910.4,Temuco,La Araucanía
11.84,40.2,30.8,13.5,1.4600000000000009,30.80000000000001,-38.74,4.805798371588579,15918.4,Temuco,La Araucanía
6.35,43.6,352.7,12.4,4.859999999999999,-7.2999999999999545,-38.74,4.805798371588579,8922.3,Temuco,La Araucanía
3.52,43.6,41.5,11.2,4.859999999999999,41.5,-38.74,4.805798371588579,4699.8,Temuco,La Araucanía
7.49,17.9,11.7,16.5,-20.840000000000003,11.699999999999989,-38.74,4.805798371588579,9378.8,Temuco,La Araucanía
9.13,36.8,338.1,13.5,-1.9400000000000048,-21.899999999999977,-38.74,4.805798371588579,12513.6,Temuco,La Araucanía
4.68,42.9,350.6,12.3,4.159999999999997,-9.399999999999977,-38.74,4.805798371588579,6582.9,Temuco,La Araucanía
7.27,35.5,28.3,18.7,-3.240000000000002,28.30000000000001,-38.74,4.805798371588579,9234.1,Temuco,La Araucanía
10.26,39.0,23.1,17.5,0.259999999999998,23.099999999999994,-38.74,4.805798371588579,13388.6,Temuco,La Araucanía
9.49,44.7,333.5,17.7,5.960000000000001,-26.5,-38.74,4.805798371588579,12199.3,Temuco,La Araucanía
11.4,39.4,356.5,10.4,0.6599999999999966,-3.5,-38.74,4.805798371588579,16474.9,Temuco,La Araucanía
12.87,50.8,5.1,19.2,12.059999999999995,5.099999999999994,-38.74,4.805798371588579,16405.6,Temuco,La Araucanía
7.32,47.8,347.3,15.7,9.059999999999995,-12.700000000000045,-38.74,4.805798371588579,9766.0,Temuco,La Araucanía
7.5,37.8,58.9,15.0,-0.9400000000000048,58.900000000000006,-38.74,4.805798371588579,8947.8,Temuco,La Araucanía
8.46,37.2,5.8,10.1,-1.5399999999999991,5.800000000000011,-38.74,4.805798371588579,12245.4,Temuco,La Araucanía
9.36,15.9,358.5,19.0,-22.840000000000003,-1.5,-38.74,4.805798371588579,11281.9,Temuco,La Araucanía
3.41,36.1,29.8,15.4,-2.6400000000000006,29.80000000000001,-38.74,4.805798371588579,4489.3,Temuco,La Araucanía
6.06,27.9,350.9,18.3,-10.840000000000003,-9.100000000000023,-38.74,4.805798371588579,7831.3,Temuco,La Araucanía
4.23,40.5,25.2,16.6,1.759999999999998,25.19999999999999,-38.74,4.805798371588579,5561.4,Temuco,La Araucanía
7.02,40.0,318.3,18.0,1.259999999999998,-41.69999999999999,-38.74,4.805798371588579,8676.4,Temuco,La Araucanía
14.65,44.3,348.7,16.9,5.559999999999995,-11.299999999999955,-38.74,4.805798371588579,19452.1,Temuco,La Araucanía
9.58,49.9,26.2,19.2,11.159999999999997,26.19999999999999,-38.74,4.805798371588579,11925.9,Temuco,La Araucanía
7.58,38.5,39.3,12.3,-0.240000000000002,39.30000000000001,-38.74,4.805798371588579,10110.3,Temuco,La Araucanía
9.36,57.0,340.7,12.0,18.259999999999998,-19.299999999999955,-38.74,4.805798371588579,12435.8,Temuco,La Araucanía
10.7,40.6,337.8,17.1,1.8599999999999994,-22.200000000000045,-38.74,4.805798371588579,14028.7,Temuco,La Araucanía
7.65,28.3,14.2,15.0,-10.440000000000001,14.199999999999989,-38.74,4.805798371588579,10241.7,Temuco,La Araucanía
7.82,34.2,344.4,16.0,-4.539999999999999,-15.600000000000023,-38.74,4.805798371588579,10469.8,Temuco,La Araucanía
11.12,35.8,353.3,17.1,-2.940000000000005,-6.7000000000000455,-38.74,4.805798371588579,14828.2,Temuco,La Araucanía
2.79,43.5,21.9,15.5,4.759999999999998,21.900000000000006,-38.74,4.805798371588579,3724.5,Temuco,La Araucanía
9.02,31.2,346.4,17.9,-7.540000000000003,-13.600000000000023,-38.74,4.805798371588579,11765.3,Temuco,La Araucanía
9.12,36.4,310.9,13.2,-2.3400000000000034,-49.10000000000002,-38.74,4.805798371588579,11601.5,Temuco,La Araucanía
11.84,37.5,327.5,18.6,-1.240000000000002,-32.5,-38.74,4.805798371588579,14923.1,Temuco,La Araucanía
14.77,35.2,0.2,11.1,-3.539999999999999,0.19999999999998863,-38.74,4.805798371588579,21155.8,Temuco,La Araucanía
12.34,45.2,313.4,16.3,6.460000000000001,-46.60000000000002,-38.74,4.805798371588579,15207.0,Temuco,La Araucanía
8.55,43.9,352.6,18.9,5.159999999999997,-7.399999999999977,-38.74,4.805798371588579,11118.4,Temuco,La Araucanía
4.2,48.1,325.2,12.5,9.36,-34.80000000000001,-38.74,4.805798371588579,5585.3,Temuco,La Araucanía
9.65,36.1,41.0,13.3,-2.6400000000000006,41.0,-38.74,4.805798371588579,12632.0,Temuco,La Araucanía
12.85,48.4,54.1,13.1,9.659999999999997,54.099999999999994,-38.74,4.805798371588579,15821.6,Temuco,La Araucanía
14.12,27.8,333.5,15.6,-10.940000000000001,-26.5,-38.74,4.805798371588579,18372.0,Temuco,La Araucanía
12.73,27.6,6.4,14.1,-11.14,6.400000000000006,-38.74,4.805798371588579,17278.5,Temuco,La Araucanía
4.46,29.0,336.0,11.1,-9.740000000000002,-24.0,-38.74,4.805798371588579,6164.4,Temuco,La Araucanía
11.26,38.8,352.3,18.9,0.05999999999999517,-7.7000000000000455,-38.74,4.805798371588579,14702.5,Temuco,La Araucanía
13.44,48.4,45.1,12.0,9.659999999999997,45.099999999999994,-38.74,4.805798371588579,17370.1,Temuco,La Araucanía
10.85,33.9,348.3,15.3,-4.840000000000003,-11.700000000000045,-38.74,4.805798371588579,14696.0,Temuco,La Araucanía
10.91,34.9,352.8,15.9,-3.8400000000000034,-7.2000000000000455,-38.74,4.805798371588579,14740.5,Temuco,La Araucanía
8.5,37.0,336.4,10.4,-1.740000000000002,-23.600000000000023,-38.74,4.805798371588579,12025.7,Temuco,La Araucanía
10.28,43.3,28.7,11.0,4.559999999999995,28.69999999999999,-38.74,4.805798371588579,14264.8,Temuco,La Araucanía
5.83,34.9,278.4,19.7,-3.8400000000000034,-81.60000000000002,-38.74,4.805798371588579,5701.8,Temuco,La Araucanía
3.15,34.5,348.9,16.6,-4.240000000000002,-11.100000000000023,-38.74,4.805798371588579,4211.0,Temuco,La Araucanía
12.76,28.0,358.9,10.3,-10.740000000000002,-1.1000000000000227,-38.74,4.805798371588579,18134.6,Temuco,La Araucanía
14.26,34.2,343.5,17.9,-4.539999999999999,-16.5,-38.74,4.805798371588579,18625.5,Temuco,La Araucanía
13.14,48.2,21.6,15.1,9.46,21.599999999999994,-38.74,4.805798371588579,17443.9,Temuco,La Araucanía
6.34,39.5,30.1,10.8,0.759999999999998,30.099999999999994,-38.74,4.805798371588579,8817.8,Temuco,La Araucanía
3.22,32.8,324.7,16.8,-5.940000000000005,-35.30000000000001,-38.74,4.805798371588579,4091.5,Temuco,La Araucanía
5.64,48.6,52.3,15.0,9.86,52.30000000000001,-38.74,4.805798371588579,6841.6,Temuco,La Araucanía
12.96,34.1,324.4,12.0,-4.640000000000001,-35.60000000000002,-38.74,4.805798371588579,17448.7,Temuco,La Araucanía
10.53,50.1,32.2,18.8,11.36,32.19999999999999,-38.74,4.805798371588579,12992.6,Temuco,La Araucanía
14.57,50.0,3.7,12.9,11.259999999999998,3.6999999999999886,-38.74,4.805798371588579,20065.6,Temuco,La Araucanía
6.45,39.2,347.4,12.8,0.46000000000000085,-12.600000000000023,-38.74,4.805798371588579,9021.8,Temuco,La Araucanía
9.17,26.8,349.8,12.7,-11.940000000000001,-10.200000000000045,-38.74,4.805798371588579,12579.1,Temuco,La Araucanía
12.27,57.1,359.2,17.7,18.36,-0.7999999999999545,-38.74,4.805798371588579,15472.6,Temuco,La Araucanía
5.04,41.8,5.2,17.1,3.059999999999995,5.199999999999989,-38.74,4.805798371588579,6730.2,Temuco,La Araucanía
14.53,36.1,337.0,19.0,-2.6400000000000006,-23.0,-38.74,4.805798371588579,18585.7,Temuco,La Araucanía
9.7,46.4,354.2,12.3,7.659999999999997,-5.7999999999999545,-38.74,4.805798371588579,13588.3,Temuco,La Araucanía
2.1,44.4,340.7,17.9,5.659999999999997,-19.299999999999955,-38.74,4.805798371588579,2734.0,Temuco,La Araucanía
2.33,49.2,329.6,15.7,10.46,-30.399999999999977,-38.74,4.805798371588579,3002.4,Temuco,La Araucanía
13.47,33.4,339.6,13.1,-5.340000000000003,-20.399999999999977,-38.74,4.805798371588579,18508.5,Temuco,La Araucanía
10.39,41.3,331.3,10.4,2.559999999999995,-28.69999999999999,-38.74,4.805798371588579,14541.3,Temuco,La Araucanía
11.92,29.3,349.5,18.2,-9.440000000000001,-10.5,-38.74,4.805798371588579,15453.7,Temuco,La Araucanía
12.19,44.1,10.8,12.4,5.359999999999999,10.800000000000011,-38.74,4.805798371588579,17079.4,Temuco,La Araucanía
7.47,38.6,3.0,16.3,-0.14000000000000057,3.0,-38.74,4.805798371588579,10076.9,Temuco,La Araucanía
12.38,41.0,49.4,15.5,2.259999999999998,49.400000000000006,-38.74,4.805798371588579,15329.5,Temuco,La Araucanía
14.19,37.6,304.7,10.0,-1.1400000000000006,-55.30000000000001,-38.74,4.805798371588579,18240.0,Temuco,La Araucanía
4.24,36.7,11.7,19.9,-2.039999999999999,11.699999999999989,-38.74,4.805798371588579,5442.4,Temuco,La Araucanía
11.93,31.8,0.2,18.1,-6.940000000000001,0.19999999999998863,-38.74,4.805798371588579,15645.5,Temuco,La Araucanía
6.0,45.1,20.4,14.9,6.359999999999999,20.400000000000006,-38.74,4.805798371588579,8064.0,Temuco,La Araucanía
6.18,50.7,17.9,16.8,11.96,17.900000000000006,-38.74,4.805798371588579,8017.1,Temuco,La Araucanía
7.37,34.3,355.9,14.8,-4.440000000000005,-4.100000000000023,-38.74,4.805798371588579,10092.5,Temuco,La Araucanía
13.23,43.2,4.3,17.4,4.460000000000001,4.300000000000011,-38.74,4.805798371588579,17554.8,Temuco,La Araucanía
2.29,42.2,341.4,11.3,3.460000000000001,-18.600000000000023,-38.74,4.805798371588579,3222.1,Temuco,La Araucanía
7.64,38.8,15.3,14.5,0.05999999999999517,15.300000000000011,-38.74,4.805798371588579,10451.0,Temuco,La Araucanía
10.84,26.5,313.0,13.4,-12.240000000000002,-47.0,-38.74,4.805798371588579,13584.9,Temuco,La Araucanía
3.44,28.3,19.4,14.6,-10.440000000000001,19.400000000000006,-38.74,4.805798371588579,4589.1,Temuco,La Araucanía
12.3,32.5,359.4,14.5,-6.240000000000002,-0.6000000000000227,-38.74,4.805798371588579,16865.0,Temuco,La Araucanía
14.24,21.6,347.8,11.4,-17.14,-12.200000000000045,-38.74,4.805798371588579,19345.2,Temuco,La Araucanía
3.18,50.0,354.2,19.8,11.259999999999998,-5.7999999999999545,-38.74,4.805798371588579,4034.9,Temuco,La Araucanía
3.99,41.7,356.0,10.2,2.960000000000001,-4.0,-38.74,4.805798371588579,5770.4,Temuco,La Araucanía
14.66,38.5,32.4,10.1,-0.240000000000002,32.400000000000006,-38.74,4.805798371588579,20422.5,Temuco,La Araucanía
4.57,21.2,80.8,13.7,-17.540000000000003,80.80000000000001,-38.74,4.805798371588579,4620.1,Temuco,La Araucanía
3.03,24.1,30.5,16.2,-14.64,30.5,-38.74,4.805798371588579,3820.1,Temuco,La Araucanía
14.38,38.7,345.9,11.8,-0.03999999999999915,-14.100000000000023,-38.74,4.805798371588579,20307.0,Temuco,La Araucanía
13.6,54.5,15.7,15.3,15.759999999999998,15.699999999999989,-38.74,4.805798371588579,17716.8,Temuco,La Araucanía
10.52,33.2,16.8,17.2,-5.539999999999999,16.80000000000001,-38.74,4.805798371588579,13837.9,Temuco,La Araucanía
9.17,45.7,336.9,10.9,6.960000000000001,-23.100000000000023,-38.74,4.805798371588579,12813.5,Temuco,La Araucanía
13.95,34.9,328.5,19.8,-3.8400000000000034,-31.5,-38.74,4.805798371588579,17324.1,Temuco,La Araucanía
10.52,39.2,358.4,13.4,0.46000000000000085,-1.6000000000000227,-38.74,4.805798371588579,14705.3,Temuco,La Araucanía
10.56,48.5,20.2,16.4,9.759999999999998,20.19999999999999,-38.74,4.805798371588579,13817.0,Temuco,La Araucanía
12.97,36.0,319.7,11.1,-2.740000000000002,-40.30000000000001,-38.74,4.805798371588579,17440.7,Temuco,La Araucanía
10.49,33.2,342.0,17.1,-5.539999999999999,-18.0,-38.74,4.805798371588579,13797.2,Temuco,La Araucanía
8.55,50.1,14.3,18.4,11.36,14.300000000000011,-38.74,4.805798371588579,10947.4,Temuco,La Araucanía
7.07,39.1,1.0,11.1,0.35999999999999943,1.0,-38.74,4.805798371588579,10140.5,Temuco,La Araucanía
8.54,47.5,35.4,11.3,8.759999999999998,35.400000000000006,-38.74,4.805798371588579,11514.6,Temuco,La Araucanía
8.79,33.3,324.7,12.8,-5.440000000000005,-35.30000000000001,-38.74,4.805798371588579,11733.0,Temuco,La Araucanía
6.69,50.0,58.8,10.1,11.259999999999998,58.80000000000001,-38.74,4.805798371588579,8290.6,Temuco,La Araucanía
7.83,40.9,321.6,19.9,2.1599999999999966,-38.39999999999998,-38.74,4.805798371588579,9547.3,Temuco,La Araucanía
12.42,42.2,309.3,16.0,3.460000000000001,-50.69999999999999,-38.74,4.805798371588579,15190.4,Temuco,La Araucanía
7.41,39.8,358.5,16.1,1.0599999999999952,-1.5,-38.74,4.805798371588579,10037.5,Temuco,La Araucanía
2.33,34.7,331.6,19.6,-4.039999999999999,-28.399999999999977,-38.74,4.805798371588579,2926.4,Temuco,La Araucanía
5.68,38.7,359.0,18.3,-0.03999999999999915,-1.0,-38.74,4.805798371588579,7484.2,Temuco,La Araucanía
5.01,35.2,358.2,18.1,-3.539999999999999,-1.7999999999999545,-38.74,4.805798371588579,6606.9,Temuco,La Araucanía
12.32,46.4,355.1,13.4,7.659999999999997,-4.899999999999977,-38.74,4.805798371588579,17040.6,Temuco,La Araucanía
7.84,37.1,338.9,13.3,-1.6400000000000006,-21.100000000000023,-38.74,4.805798371588579,10773.2,Temuco,La Araucanía
5.64,26.8,10.8,12.9,-11.940000000000001,10.800000000000011,-38.74,4.805798371588579,7723.1,Temuco,La Araucanía
12.54,25.3,352.1,13.5,-13.440000000000001,-7.899999999999977,-38.74,4.805798371588579,16986.9,Temuco,La Araucanía
2.25,24.9,27.6,13.7,-13.840000000000003,27.599999999999994,-38.74,4.805798371588579,2954.5,Temuco,La Araucanía
4.27,43.7,355.5,11.4,4.960000000000001,-4.5,-38.74,4.805798371588579,6069.9,Temuco,La Araucanía
12.75,29.5,335.9,13.6,-9.240000000000002,-24.100000000000023,-38.74,4.805798371588579,17166.1,Temuco,La Araucanía
9.16,41.1,317.8,14.5,2.3599999999999994,-42.19999999999999,-38.74,4.805798371588579,11781.5,Temuco,La Araucanía
12.06,39.8,355.7,13.1,1.0599999999999952,-4.2999999999999545,-38.74,4.805798371588579,16892.0,Temuco,La Araucanía
12.9,38.2,328.3,11.7,-0.5399999999999991,-31.69999999999999,-38.74,4.805798371588579,17681.8,Temuco,La Araucanía
14.25,42.2,326.3,13.7,3.460000000000001,-33.69999999999999,-38.74,4.805798371588579,18938.6,Temuco,La Araucanía
2.82,40.0,13.2,14.8,1.259999999999998,13.199999999999989,-38.74,4.805798371588579,3855.7,Temuco,La Araucanía
12.39,17.1,315.6,17.2,-21.64,-44.39999999999998,-38.74,4.805798371588579,14238.1,Temuco,La Araucanía
11.21,36.2,35.3,17.1,-2.539999999999999,35.30000000000001,-38.74,4.805798371588579,14276.3,Temuco,La Araucanía
4.69,42.1,4.0,12.0,3.3599999999999994,4.0,-38.74,4.805798371588579,6643.2,Temuco,La Araucanía
14.11,51.9,358.9,10.4,13.159999999999997,-1.1000000000000227,-38.74,4.805798371588579,19875.1,Temuco,La Araucanía
7.25,52.2,334.1,13.0,13.46,-25.899999999999977,-38.74,4.805798371588579,9646.9,Temuco,La Araucanía
13.54,27.8,19.1,11.6,-10.940000000000001,19.099999999999994,-38.74,4.805798371588579,18704.8,Temuco,La Araucanía
9.87,35.9,359.9,14.0,-2.8400000000000034,-0.10000000000002274,-38.74,4.805798371588579,13680.8,Temuco,La Araucanía
8.85,26.2,342.8,19.8,-12.540000000000003,-17.200000000000045,-38.74,4.805798371588579,11052.2,Temuco,La Araucanía
4.07,50.9,5.0,11.8,12.159999999999997,5.0,-38.74,4.805798371588579,5661.2,Temuco,La Araucanía
13.89,46.8,317.9,13.2,8.059999999999995,-42.10000000000002,-38.74,4.805798371588579,17972.6,Temuco,La Araucanía
9.24,41.5,319.1,17.3,2.759999999999998,-40.89999999999998,-38.74,4.805798371588579,11541.6,Temuco,La Araucanía
2.08,40.1,332.0,15.1,1.3599999999999994,-28.0,-38.74,4.805798371588579,2763.0,Temuco,La Araucanía
2.24,49.8,8.7,10.4,11.059999999999995,8.699999999999989,-38.74,4.805798371588579,3164.4,Temuco,La Araucanía
12.11,48.4,359.9,11.6,9.659999999999997,-0.10000000000002274,-38.74,4.805798371588579,17021.6,Temuco,La Araucanía
4.11,48.0,26.2,19.4,9.259999999999998,26.19999999999999,-38.74,4.805798371588579,5134.6,Temuco,La Araucanía
9.78,42.4,337.0,11.0,3.6599999999999966,-23.0,-38.74,4.805798371588579,13734.1,Temuco,La Araucanía
10.85,35.9,14.4,16.4,-2.8400000000000034,14.400000000000006,-38.74,4.805798371588579,14516.8,Temuco,La Araucanía
5.63,44.9,357.2,17.9,6.159999999999997,-2.7999999999999545,-38.74,4.805798371588579,7413.0,Temuco,La Araucanía
9.4,45.3,336.4,12.7,6.559999999999995,-23.600000000000023,-38.74,4.805798371588579,12885.3,Temuco,La Araucanía
5.12,37.2,9.6,17.3,-1.5399999999999991,9.599999999999994,-38.74,4.805798371588579,6813.8,Temuco,La Araucanía
14.3,35.9,358.3,11.7,-2.8400000000000034,-1.7000000000000455,-38.74,4.805798371588579,20349.6,Temuco,La Araucanía
13.18,47.8,344.3,12.8,9.059999999999995,-15.700000000000045,-38.74,4.805798371588579,18132.7,Temuco,La Araucanía
5.74,52.1,1.0,13.1,13.36,1.0,-38.74,4.805798371588579,7836.0,Temuco,La Araucanía
8.87,32.7,356.8,20.0,-6.039999999999999,-3.2000000000000455,-38.74,4.805798371588579,11392.9,Temuco,La Araucanía
8.51,36.6,356.2,12.1,-2.1400000000000006,-3.7999999999999545,-38.74,4.805798371588579,12045.4,Temuco,La Araucanía
14.48,41.5,349.7,11.3,2.759999999999998,-10.299999999999955,-38.74,4.805798371588579,20616.5,Temuco,La Araucanía
7.12,42.6,327.4,19.3,3.8599999999999994,-32.60000000000002,-38.74,4.805798371588579,8884.7,Temuco,La Araucanía
9.31,34.6,1.9,11.6,-4.140000000000001,1.9000000000000057,-38.74,4.805798371588579,13237.4,Temuco,La Araucanía
14.07,53.8,339.9,18.8,15.059999999999995,-20.100000000000023,-38.74,4.805798371588579,17533.0,Temuco,La Araucanía
4.12,42.1,334.5,16.5,3.3599999999999994,-25.5,-38.74,4.805798371588579,5399.4,Temuco,La Araucanía
9.16,43.0,354.0,15.8,4.259999999999998,-6.0,-38.74,4.805798371588579,12392.4,Temuco,La Araucanía
3.37,52.8,18.4,17.5,14.059999999999995,18.400000000000006,-38.74,4.805798371588579,4299.6,Temuco,La Araucanía
10.03,35.1,4.6,17.3,-3.6400000000000006,4.599999999999994,-38.74,4.805798371588579,13349.2,Temuco,La Araucanía
6.75,38.0,346.7,11.1,-0.740000000000002,-13.299999999999955,-38.74,4.805798371588579,9621.3,Temuco,La Araucanía
14.58,28.7,345.7,20.0,-10.040000000000003,-14.299999999999955,-38.74,4.805798371588579,18388.5,Temuco,La Araucanía
7.4,37.4,15.9,19.4,-1.3400000000000034,15.900000000000006,-38.74,4.805798371588579,9526.3,Temuco,La Araucanía
3.77,26.8,300.1,19.0,-11.940000000000001,-59.89999999999998,-38.74,4.805798371588579,4179.0,Temuco,La Araucanía
12.84,44.7,19.9,16.2,5.960000000000001,19.900000000000006,-38.74,4.805798371588579,17003.5,Temuco,La Araucanía
12.67,42.1,313.1,15.2,3.3599999999999994,-46.89999999999998,-38.74,4.805798371588579,15875.5,Temuco,La Araucanía
11.03,36.5,324.6,15.4,-2.240000000000002,-35.39999999999998,-38.74,4.805798371588579,14343.4,Temuco,La Araucanía
11.73,37.9,347.1,10.1,-0.8400000000000034,-12.899999999999977,-38.74,4.805798371588579,16903.0,Temuco,La Araucanía
5.44,44.8,54.3,15.0,6.059999999999995,54.30000000000001,-38.74,4.805798371588579,6604.5,Temuco,La Araucanía
10.35,29.7,41.9,16.2,-9.040000000000003,41.900000000000006,-38.74,4.805798371588579,12893.4,Temuco,La Araucanía
2.49,40.4,17.7,16.6,1.6599999999999966,17.69999999999999,-38.74,4.805798371588579,3315.7,Temuco,La Araucanía
4.56,44.3,8.9,13.3,5.559999999999995,8.900000000000006,-38.74,4.805798371588579,6327.1,Temuco,La Araucanía
14.12,24.5,313.4,14.7,-14.240000000000002,-46.60000000000002,-38.74,4.805798371588579,17298.2,Temuco,La Araucanía
11.61,44.2,3.9,16.4,5.460000000000001,3.9000000000000057,-38.74,4.805798371588579,15586.4,Temuco,La Araucanía
5.0,25.3,346.3,14.3,-13.440000000000001,-13.700000000000045,-38.74,4.805798371588579,6677.1,Temuco,La Araucanía
3.45,37.8,339.6,19.6,-0.9400000000000048,-20.399999999999977,-38.74,4.805798371588579,4400.2,Temuco,La Araucanía
14.34,29.4,3.9,17.1,-9.340000000000003,3.9000000000000057,-38.74,4.805798371588579,18922.3,Temuco,La Araucanía
3.46,50.2,348.2,10.0,11.46,-11.799999999999955,-38.74,4.805798371588579,4895.4,Temuco,La Araucanía
5.34,29.5,21.7,10.2,-9.240000000000002,21.69999999999999,-38.74,4.805798371588579,7499.3,Temuco,La Araucanía
4.37,25.5,311.6,16.9,-13.240000000000002,-48.39999999999998,-38.74,4.805798371588579,5208.0,Temuco,La Araucanía
2.1,39.8,1.9,14.1,1.0599999999999952,1.9000000000000057,-38.74,4.805798371588579,2904.6,Temuco,La Araucanía
6.08,35.4,338.0,18.4,-3.3400000000000034,-22.0,-38.74,4.805798371588579,7850.3,Temuco,La Araucanía
14.66,26.7,349.8,11.7,-12.040000000000003,-10.200000000000045,-38.74,4.805798371588579,20344.2,Temuco,La Araucanía
6.44,42.9,7.6,10.1,4.159999999999997,7.599999999999994,-38.74,4.805798371588579,9298.4,Temuco,La Araucanía
8.56,22.8,332.1,13.9,-15.940000000000001,-27.899999999999977,-38.74,4.805798371588579,11093.9,Temuco,La Araucanía
11.7,30.5,4.1,17.4,-8.240000000000002,4.099999999999994,-38.74,4.805798371588579,15423.6,Temuco,La Araucanía
9.16,34.1,354.7,19.7,-4.640000000000001,-5.2999999999999545,-38.74,4.805798371588579,11819.5,Temuco,La Araucanía
11.67,45.2,343.5,18.8,6.460000000000001,-16.5,-38.74,4.805798371588579,15024.8,Temuco,La Araucanía
10.6,49.1,348.2,14.8,10.36,-11.799999999999955,-38.74,4.805798371588579,14253.1,Temuco,La Araucanía
9.91,47.6,356.1,18.1,8.86,-3.8999999999999773,-38.74,4.805798371588579,12930.3,Temuco,La Araucanía
10.45,37.5,340.8,10.7,-1.240000000000002,-19.200000000000045,-38.74,4.805798371588579,14835.3,Temuco,La Araucanía
12.39,19.3,0.2,15.7,-19.44,0.19999999999998863,-38.74,4.805798371588579,15888.2,Temuco,La Araucanía
11.23,41.9,353.0,19.2,3.1599999999999966,-7.0,-38.74,4.805798371588579,14587.0,Temuco,La Araucanía
12.29,50.5,344.7,14.0,11.759999999999998,-15.299999999999955,-38.74,4.805798371588579,16557.9,Temuco,La Araucanía
3.89,48.6,39.7,19.6,9.86,39.69999999999999,-38.74,4.805798371588579,4678.7,Temuco,La Araucanía
10.81,42.4,10.4,12.2,3.6599999999999966,10.400000000000006,-38.74,4.805798371588579,15217.4,Temuco,La Araucanía
11.58,29.2,350.4,11.1,-9.540000000000003,-9.600000000000023,-38.74,4.805798371588579,16334.1,Temuco,La Araucanía
5.9,34.5,3.6,15.2,-4.240000000000002,3.5999999999999943,-38.74,4.805798371588579,8041.6,Temuco,La Araucanía
13.37,54.2,334.3,19.1,15.46,-25.700000000000045,-38.74,4.805798371588579,16404.1,Temuco,La Araucanía
5.96,27.4,349.1,13.1,-11.340000000000003,-10.899999999999977,-38.74,4.805798371588579,8156.9,Temuco,La Araucanía
5.17,29.6,352.0,18.0,-9.14,-8.0,-38.74,4.805798371588579,6735.6,Temuco,La Araucanía
13.27,46.3,328.8,11.7,7.559999999999995,-31.19999999999999,-38.74,4.805798371588579,18057.7,Temuco,La Araucanía
5.21,35.3,9.7,17.5,-3.440000000000005,9.699999999999989,-38.74,4.805798371588579,6903.1,Temuco,La Araucanía
7.4,29.3,347.4,15.6,-9.440000000000001,-12.600000000000023,-38.74,4.805798371588579,9885.3,Temuco,La Araucanía
6.78,51.0,351.1,11.8,12.259999999999998,-8.899999999999977,-38.74,4.805798371588579,9410.8,Temuco,La Araucanía
13.67,42.4,345.8,17.2,3.6599999999999966,-14.200000000000045,-38.74,4.805798371588579,18094.9,Temuco,La Araucanía
7.92,35.7,74.0,17.1,-3.039999999999999,74.0,-38.74,4.805798371588579,8443.7,Temuco,La Araucanía
11.03,29.6,343.4,15.2,-9.14,-16.600000000000023,-38.74,4.805798371588579,14745.9,Temuco,La Araucanía
12.32,55.1,308.3,12.3,16.36,-51.69999999999999,-38.74,4.805798371588579,15061.5,Temuco,La Araucanía
10.16,38.5,320.0,11.3,-0.240000000000002,-40.0,-38.74,4.805798371588579,13663.6,Temuco,La Araucanía
14.27,49.9,19.0,19.6,11.159999999999997,19.0,-38.74,4.805798371588579,17915.2,Temuco,La Araucanía
12.43,45.9,33.4,16.6,7.159999999999997,33.400000000000006,-38.74,4.805798371588579,15906.9,Temuco,La Araucanía
7.2,34.6,343.0,18.1,-4.140000000000001,-17.0,-38.74,4.805798371588579,9388.7,Temuco,La Araucanía
14.36,34.6,32.0,17.0,-4.140000000000001,32.0,-38.74,4.805798371588579,18446.8,Temuco,La Araucanía
8.82,50.3,18.5,18.3,11.559999999999995,18.5,-38.74,4.805798371588579,11241.5,Temuco,La Araucanía
2.29,50.4,355.3,11.6,11.659999999999997,-4.7000000000000455,-38.74,4.805798371588579,3199.6,Temuco,La Araucanía
5.38,23.7,353.5,15.0,-15.040000000000003,-6.5,-38.74,4.805798371588579,7117.7,Temuco,La Araucanía
10.08,43.1,4.5,16.7,4.359999999999999,4.5,-38.74,4.805798371588579,13505.2,Temuco,La Araucanía
4.04,37.8,21.9,11.0,-0.9400000000000048,21.900000000000006,-38.74,4.805798371588579,5690.4,Temuco,La Araucanía
9.59,30.5,9.9,11.5,-8.240000000000002,9.900000000000006,-38.74,4.805798371588579,13504.6,Temuco,La Araucanía
6.7,40.8,343.1,16.3,2.059999999999995,-16.899999999999977,-38.74,4.805798371588579,8940.5,Temuco,La Araucanía
8.95,27.9,355.6,18.7,-10.840000000000003,-4.399999999999977,-38.74,4.805798371588579,11521.9,Temuco,La Araucanía
2.02,35.0,49.5,16.6,-3.740000000000002,49.5,-38.74,4.805798371588579,2468.1,Temuco,La Araucanía
13.03,32.4,6.3,10.4,-6.340000000000003,6.300000000000011,-38.74,4.805798371588579,18699.0,Temuco,La Araucanía
6.71,34.7,21.7,19.7,-4.039999999999999,21.69999999999999,-38.74,4.805798371588579,8510.1,Temuco,La Araucanía
3.82,38.2,13.5,11.4,-0.5399999999999991,13.5,-38.74,4.805798371588579,5425.9,Temuco,La Araucanía
7.69,30.6,6.8,12.3,-8.14,6.800000000000011,-38.74,4.805798371588579,10753.9,Temuco,La Araucanía
8.32,51.3,2.7,19.7,12.559999999999995,2.6999999999999886,-38.74,4.805798371588579,10511.4,Temuco,La Araucanía
10.29,42.7,22.4,17.7,3.960000000000001,22.400000000000006,-38.74,4.805798371588579,13364.5,Temuco,La Araucanía
8.82,53.1,18.0,19.4,14.36,18.0,-38.74,4.805798371588579,10979.3,Temuco,La Araucanía
2.57,37.5,6.6,18.1,-1.240000000000002,6.599999999999994,-38.74,4.805798371588579,3385.4,Temuco,La Araucanía
13.33,34.3,342.7,16.5,-4.440000000000005,-17.299999999999955,-38.74,4.805798371588579,17697.1,Temuco,La Araucanía
7.93,52.8,9.6,12.8,14.059999999999995,9.599999999999994,-38.74,4.805798371588579,10784.8,Temuco,La Araucanía
3.0,34.1,358.3,13.3,-4.640000000000001,-1.7000000000000455,-38.74,4.805798371588579,4185.2,Temuco,La Araucanía
12.05,37.3,352.3,19.5,-1.4400000000000048,-7.7000000000000455,-38.74,4.805798371588579,15611.8,Temuco,La Araucanía
13.19,46.3,342.9,16.8,-6.859999999999999,-17.100000000000023,-53.16,3.930569797066486,14912.4,Punta Arenas,Magallanes
6.67,54.3,29.7,15.1,1.1400000000000006,29.69999999999999,-53.16,3.930569797066486,7572.5,Punta Arenas,Magallanes
6.85,43.4,51.3,12.3,-9.759999999999998,51.30000000000001,-53.16,3.930569797066486,7390.7,Punta Arenas,Magallanes
5.87,66.6,332.2,11.4,13.439999999999998,-27.799999999999955,-53.16,3.930569797066486,6793.7,Punta Arenas,Magallanes
6.24,53.5,18.0,14.9,0.3400000000000034,18.0,-53.16,3.930569797066486,7259.7,Punta Arenas,Magallanes
13.19,52.2,288.1,15.1,-0.9599999999999937,-71.89999999999998,-53.16,3.930569797066486,12536.3,Punta Arenas,Magallanes
2.14,65.9,16.7,17.7,12.740000000000009,16.69999999999999,-53.16,3.930569797066486,2347.2,Punta Arenas,Magallanes
7.67,53.0,313.2,17.1,-0.1599999999999966,-46.80000000000001,-53.16,3.930569797066486,8075.2,Punta Arenas,Magallanes
14.26,56.4,346.9,19.1,3.240000000000002,-13.100000000000023,-53.16,3.930569797066486,15827.0,Punta Arenas,Magallanes
9.05,47.2,327.2,19.7,-5.959999999999994,-32.80000000000001,-53.16,3.930569797066486,9596.9,Punta Arenas,Magallanes
7.86,42.2,354.6,17.3,-10.959999999999994,-5.399999999999977,-53.16,3.930569797066486,8818.5,Punta Arenas,Magallanes
6.06,48.3,21.0,10.8,-4.859999999999999,21.0,-53.16,3.930569797066486,7332.3,Punta Arenas,Magallanes
2.96,70.0,313.6,14.1,16.840000000000003,-46.39999999999998,-53.16,3.930569797066486,3097.5,Punta Arenas,Magallanes
4.92,58.2,351.0,16.1,5.040000000000006,-9.0,-53.16,3.930569797066486,5671.2,Punta Arenas,Magallanes
3.18,55.4,347.2,15.9,2.240000000000002,-12.799999999999955,-53.16,3.930569797066486,3670.1,Punta Arenas,Magallanes
3.65,45.3,39.5,11.8,-7.859999999999999,39.5,-53.16,3.930569797066486,4149.5,Punta Arenas,Magallanes
4.13,60.5,10.8,15.8,7.340000000000003,10.800000000000011,-53.16,3.930569797066486,4745.4,Punta Arenas,Magallanes
5.93,42.3,330.6,13.5,-10.86,-29.399999999999977,-53.16,3.930569797066486,6738.4,Punta Arenas,Magallanes
2.14,40.6,348.2,13.4,-12.559999999999995,-11.799999999999955,-53.16,3.930569797066486,2494.2,Punta Arenas,Magallanes
14.35,48.7,38.9,18.3,-4.459999999999994,38.900000000000006,-53.16,3.930569797066486,15245.4,Punta Arenas,Magallanes
3.61,68.8,17.9,14.2,15.64,17.900000000000006,-53.16,3.930569797066486,4076.1,Punta Arenas,Magallanes
6.98,68.3,337.0,15.3,15.14,-23.0,-53.16,3.930569797066486,7740.9,Punta Arenas,Magallanes
13.43,49.6,353.3,15.6,-3.559999999999995,-6.7000000000000455,-53.16,3.930569797066486,15626.5,Punta Arenas,Magallanes
3.39,47.8,354.1,15.6,-5.359999999999999,-5.899999999999977,-53.16,3.930569797066486,3929.8,Punta Arenas,Magallanes
8.29,40.0,346.6,12.1,-13.159999999999997,-13.399999999999977,-53.16,3.930569797066486,9745.4,Punta Arenas,Magallanes
12.98,53.8,317.2,16.0,0.6400000000000006,-42.80000000000001,-53.16,3.930569797066486,14052.0,Punta Arenas,Magallanes
9.24,54.5,343.1,13.3,1.3400000000000034,-16.899999999999977,-53.16,3.930569797066486,10956.6,Punta Arenas,Magallanes
4.73,59.5,34.7,16.6,6.340000000000003,34.69999999999999,-53.16,3.930569797066486,5186.3,Punta Arenas,Magallanes
11.56,60.4,350.5,11.5,7.240000000000002,-9.5,-53.16,3.930569797066486,14002.9,Punta Arenas,Magallanes
10.86,51.6,357.4,19.9,-1.5599999999999952,-2.6000000000000227,-53.16,3.930569797066486,12020.7,Punta Arenas,Magallanes
6.71,57.6,3.5,17.7,4.440000000000005,3.5,-53.16,3.930569797066486,7611.4,Punta Arenas,Magallanes
2.6,47.6,55.5,14.2,-5.559999999999995,55.5,-53.16,3.930569797066486,2722.2,Punta Arenas,Magallanes
2.1,57.5,0.2,13.0,4.340000000000003,0.19999999999998863,-53.16,3.930569797066486,2523.4,Punta Arenas,Magallanes
12.73,49.1,27.3,13.9,-4.059999999999995,27.30000000000001,-53.16,3.930569797066486,14704.0,Punta Arenas,Magallanes
6.18,56.8,345.0,17.2,3.6400000000000006,-15.0,-53.16,3.930569797066486,7005.5,Punta Arenas,Magallanes
3.79,56.2,353.5,16.6,3.0400000000000063,-6.5,-53.16,3.930569797066486,4364.4,Punta Arenas,Magallanes
8.74,53.7,0.3,17.0,0.5400000000000063,0.30000000000001137,-53.16,3.930569797066486,10036.5,Punta Arenas,Magallanes
13.97,59.5,340.6,18.9,6.340000000000003,-19.399999999999977,-53.16,3.930569797066486,15362.5,Punta Arenas,Magallanes
2.11,40.6,354.9,14.6,-12.559999999999995,-5.100000000000023,-53.16,3.930569797066486,2432.7,Punta Arenas,Magallanes
2.73,44.6,22.2,16.7,-8.559999999999995,22.19999999999999,-53.16,3.930569797066486,3053.9,Punta Arenas,Magallanes
7.42,51.0,340.0,14.4,-2.1599999999999966,-20.0,-53.16,3.930569797066486,8649.6,Punta Arenas,Magallanes
10.79,41.6,0.0,16.4,-11.559999999999995,0.0,-53.16,3.930569797066486,12229.7,Punta Arenas,Magallanes
8.19,49.9,17.7,14.7,-3.259999999999998,17.69999999999999,-53.16,3.930569797066486,9530.3,Punta Arenas,Magallanes
13.67,50.2,339.4,17.8,-2.9599999999999937,-20.600000000000023,-53.16,3.930569797066486,15281.5,Punta Arenas,Magallanes
2.57,63.6,27.4,10.1,10.440000000000005,27.400000000000006,-53.16,3.930569797066486,3059.8,Punta Arenas,Magallanes
6.42,54.3,1.8,12.2,1.1400000000000006,1.8000000000000114,-53.16,3.930569797066486,7803.5,Punta Arenas,Magallanes
6.57,61.4,355.9,13.0,8.240000000000002,-4.100000000000023,-53.16,3.930569797066486,7823.2,Punta Arenas,Magallanes
6.42,55.6,309.8,19.5,2.440000000000005,-50.19999999999999,-53.16,3.930569797066486,6475.7,Punta Arenas,Magallanes
8.34,48.9,350.7,15.1,-4.259999999999998,-9.299999999999955,-53.16,3.930569797066486,9741.5,Punta Arenas,Magallanes
12.28,54.2,9.3,13.6,1.0400000000000063,9.300000000000011,-53.16,3.930569797066486,14620.7,Punta Arenas,Magallanes
6.13,59.0,43.6,14.0,5.840000000000003,43.599999999999994,-53.16,3.930569797066486,6736.8,Punta Arenas,Magallanes
11.68,62.7,14.2,14.5,9.540000000000006,14.199999999999989,-53.16,3.930569797066486,13518.3,Punta Arenas,Magallanes
3.9,52.1,28.2,18.7,-1.0599999999999952,28.19999999999999,-53.16,3.930569797066486,4260.6,Punta Arenas,Magallanes
9.29,40.0,329.8,19.6,-13.159999999999997,-30.19999999999999,-53.16,3.930569797066486,9711.9,Punta Arenas,Magallanes
6.88,39.4,356.8,18.4,-13.759999999999998,-3.2000000000000455,-53.16,3.930569797066486,7535.3,Punta Arenas,Magallanes
9.01,50.5,30.5,18.4,-2.6599999999999966,30.5,-53.16,3.930569797066486,9802.6,Punta Arenas,Magallanes
3.4,34.5,337.8,12.0,-18.659999999999997,-22.200000000000045,-53.16,3.930569797066486,3849.6,Punta Arenas,Magallanes
14.4,67.5,24.1,12.7,14.340000000000003,24.099999999999994,-53.16,3.930569797066486,16476.8,Punta Arenas,Magallanes
13.78,57.9,18.3,16.0,4.740000000000002,18.30000000000001,-53.16,3.930569797066486,15766.4,Punta Arenas,Magallanes
12.74,48.1,6.9,16.6,-5.059999999999995,6.900000000000006,-53.16,3.930569797066486,14629.1,Punta Arenas,Magallanes
13.61,44.3,351.8,12.0,-8.86,-8.200000000000045,-53.16,3.930569797066486,16323.1,Punta Arenas,Magallanes
3.91,61.4,335.3,17.5,8.240000000000002,-24.700000000000045,-53.16,3.930569797066486,4314.5,Punta Arenas,Magallanes
8.55,44.3,44.4,12.0,-8.86,44.400000000000006,-53.16,3.930569797066486,9522.2,Punta Arenas,Magallanes
6.13,45.0,15.8,12.6,-8.159999999999997,15.800000000000011,-53.16,3.930569797066486,7270.2,Punta Arenas,Magallanes
13.54,47.0,8.5,13.1,-6.159999999999997,8.5,-53.16,3.930569797066486,16145.4,Punta Arenas,Magallanes
4.46,54.1,349.7,18.5,0.9400000000000048,-10.299999999999955,-53.16,3.930569797066486,5014.4,Punta Arenas,Magallanes
4.86,58.1,0.9,17.3,4.940000000000005,0.9000000000000057,-53.16,3.930569797066486,5538.4,Punta Arenas,Magallanes
10.93,62.7,4.1,15.3,9.540000000000006,4.099999999999994,-53.16,3.930569797066486,12621.1,Punta Arenas,Magallanes
3.16,61.5,10.0,18.2,8.340000000000003,10.0,-53.16,3.930569797066486,3520.8,Punta Arenas,Magallanes
11.52,53.2,18.4,18.1,0.04000000000000625,18.400000000000006,-53.16,3.930569797066486,12884.9,Punta Arenas,Magallanes
5.49,61.3,340.4,13.9,8.14,-19.600000000000023,-53.16,3.930569797066486,6375.7,Punta Arenas,Magallanes
10.59,47.8,323.3,17.8,-5.359999999999999,-36.69999999999999,-53.16,3.930569797066486,11384.6,Punta Arenas,Magallanes
13.35,38.6,2.1,12.1,-14.559999999999995,2.0999999999999943,-53.16,3.930569797066486,15719.7,Punta Arenas,Magallanes
9.92,47.8,316.3,15.0,-5.359999999999999,-43.69999999999999,-53.16,3.930569797066486,10784.3,Punta Arenas,Magallanes
4.76,46.7,351.9,11.2,-6.459999999999994,-8.100000000000023,-53.16,3.930569797066486,5804.7,Punta Arenas,Magallanes
2.64,48.1,347.3,14.3,-5.059999999999995,-12.700000000000045,-53.16,3.930569797066486,3099.5,Punta Arenas,Magallanes
2.58,45.5,12.3,15.2,-7.659999999999997,12.300000000000011,-53.16,3.930569797066486,2983.0,Punta Arenas,Magallanes
3.15,49.5,49.6,10.8,-3.6599999999999966,49.599999999999994,-53.16,3.930569797066486,3527.9,Punta Arenas,Magallanes
9.54,58.1,311.4,14.6,4.940000000000005,-48.60000000000002,-53.16,3.930569797066486,10230.3,Punta Arenas,Magallanes
6.53,66.9,56.9,16.5,13.740000000000009,56.900000000000006,-53.16,3.930569797066486,6441.6,Punta Arenas,Magallanes
5.16,39.4,354.2,16.1,-13.759999999999998,-5.7999999999999545,-53.16,3.930569797066486,5807.8,Punta Arenas,Magallanes
4.85,42.9,8.7,10.5,-10.259999999999998,8.699999999999989,-53.16,3.930569797066486,5891.1,Punta Arenas,Magallanes
14.33,46.8,324.6,11.0,-6.359999999999999,-35.39999999999998,-53.16,3.930569797066486,16722.3,Punta Arenas,Magallanes
3.54,59.3,24.9,13.5,6.140000000000001,24.900000000000006,-53.16,3.930569797066486,4118.6,Punta Arenas,Magallanes
5.96,51.5,1.0,18.4,-1.6599999999999966,1.0,-53.16,3.930569797066486,6727.5,Punta Arenas,Magallanes
8.13,47.4,358.5,18.7,-5.759999999999998,-1.5,-53.16,3.930569797066486,9098.2,Punta Arenas,Magallanes
2.01,58.9,311.6,13.1,5.740000000000002,-48.39999999999998,-53.16,3.930569797066486,2188.9,Punta Arenas,Magallanes
13.97,60.8,1.8,17.2,7.640000000000001,1.8000000000000114,-53.16,3.930569797066486,15866.7,Punta Arenas,Magallanes
3.29,53.0,21.1,15.8,-0.1599999999999966,21.099999999999994,-53.16,3.930569797066486,3767.4,Punta Arenas,Magallanes
10.87,46.6,354.1,19.8,-6.559999999999995,-5.899999999999977,-53.16,3.930569797066486,11966.5,Punta Arenas,Magallanes
10.18,55.3,29.4,10.9,2.1400000000000006,29.400000000000006,-53.16,3.930569797066486,12121.2,Punta Arenas,Magallanes
12.52,51.3,28.3,15.5,-1.8599999999999994,28.30000000000001,-53.16,3.930569797066486,14188.3,Punta Arenas,Magallanes
10.47,51.2,344.0,15.9,-1.9599999999999937,-16.0,-53.16,3.930569797066486,12052.9,Punta Arenas,Magallanes
12.0,49.1,39.9,13.1,-4.059999999999995,39.900000000000006,-53.16,3.930569797066486,13536.3,Punta Arenas,Magallanes
7.48,60.6,1.1,10.5,7.440000000000005,1.0999999999999943,-53.16,3.930569797066486,9184.8,Punta Arenas,Magallanes
8.35,55.2,1.2,10.5,2.0400000000000063,1.1999999999999886,-53.16,3.930569797066486,10335.9,Punta Arenas,Magallanes
11.12,61.4,2.5,14.5,8.240000000000002,2.5,-53.16,3.930569797066486,13012.5,Punta Arenas,Magallanes
9.39,63.9,1.7,16.9,10.740000000000002,1.6999999999999886,-53.16,3.930569797066486,10605.5,Punta Arenas,Magallanes
8.65,56.8,294.2,17.0,3.6400000000000006,-65.80000000000001,-53.16,3.930569797066486,8326.4,Punta Arenas,Magallanes
4.67,49.1,355.4,11.8,-4.059999999999995,-4.600000000000023,-53.16,3.930569797066486,5682.9,Punta Arenas,Magallanes
5.36,61.5,325.9,18.6,8.340000000000003,-34.10000000000002,-53.16,3.930569797066486,5707.9,Punta Arenas,Magallanes
6.66,56.9,40.7,13.8,3.740000000000002,40.69999999999999,-53.16,3.930569797066486,7436.6,Punta Arenas,Magallanes
2.12,70.0,39.7,19.6,16.840000000000003,39.69999999999999,-53.16,3.930569797066486,2123.2,Punta Arenas,Magallanes
7.43,55.6,21.3,11.2,2.440000000000005,21.30000000000001,-53.16,3.930569797066486,8961.0,Punta Arenas,Magallanes
2.04,58.7,354.0,18.4,5.540000000000006,-6.0,-53.16,3.930569797066486,2286.0,Punta Arenas,Magallanes
9.35,55.5,334.8,19.1,2.3400000000000034,-25.200000000000045,-53.16,3.930569797066486,10203.5,Punta Arenas,Magallanes
11.15,52.4,343.6,18.2,-0.759999999999998,-16.399999999999977,-53.16,3.930569797066486,12488.8,Punta Arenas,Magallanes
9.31,51.1,48.6,18.1,-2.059999999999995,48.599999999999994,-53.16,3.930569797066486,9610.6,Punta Arenas,Magallanes
11.02,55.5,342.7,13.6,2.3400000000000034,-17.299999999999955,-53.16,3.930569797066486,13007.5,Punta Arenas,Magallanes
2.0,57.3,301.1,17.1,4.140000000000001,-58.89999999999998,-53.16,3.930569797066486,1992.0,Punta Arenas,Magallanes
2.77,62.4,25.8,15.8,9.240000000000002,25.80000000000001,-53.16,3.930569797066486,3108.8,Punta Arenas,Magallanes
11.08,55.6,37.5,14.2,2.440000000000005,37.5,-53.16,3.930569797066486,12438.4,Punta Arenas,Magallanes
12.44,49.5,41.5,19.9,-3.6599999999999966,41.5,-53.16,3.930569797066486,12860.8,Punta Arenas,Magallanes
11.33,50.5,26.0,12.9,-2.6599999999999966,26.0,-53.16,3.930569797066486,13292.5,Punta Arenas,Magallanes
10.62,42.6,30.0,14.1,-10.559999999999995,30.0,-53.16,3.930569797066486,11979.7,Punta Arenas,Magallanes
11.2,66.4,1.3,19.0,13.240000000000009,1.3000000000000114,-53.16,3.930569797066486,12208.0,Punta Arenas,Magallanes
11.61,48.8,308.1,12.9,-4.359999999999999,-51.89999999999998,-53.16,3.930569797066486,12552.6,Punta Arenas,Magallanes
11.42,60.9,0.7,11.5,7.740000000000002,0.6999999999999886,-53.16,3.930569797066486,13849.9,Punta Arenas,Magallanes
11.59,55.4,15.5,13.1,2.240000000000002,15.5,-53.16,3.930569797066486,13803.7,Punta Arenas,Magallanes
2.96,55.6,356.6,17.6,2.440000000000005,-3.3999999999999773,-53.16,3.930569797066486,3373.4,Punta Arenas,Magallanes
2.82,52.2,355.5,18.6,-0.9599999999999937,-4.5,-53.16,3.930569797066486,3176.4,Punta Arenas,Magallanes
6.69,46.9,335.9,11.1,-6.259999999999998,-24.100000000000023,-53.16,3.930569797066486,8001.3,Punta Arenas,Magallanes
8.86,45.4,335.0,16.2,-7.759999999999998,-25.0,-53.16,3.930569797066486,9934.8,Punta Arenas,Magallanes
11.91,67.0,46.0,15.7,13.840000000000003,46.0,-53.16,3.930569797066486,12428.6,Punta Arenas,Magallanes
6.35,54.1,46.9,16.7,0.9400000000000048,46.900000000000006,-53.16,3.930569797066486,6717.5,Punta Arenas,Magallanes
5.58,62.2,359.9,16.7,9.040000000000006,-0.10000000000002274,-53.16,3.930569797066486,6348.0,Punta Arenas,Magallanes
12.16,64.2,7.0,19.6,11.040000000000006,7.0,-53.16,3.930569797066486,13251.2,Punta Arenas,Magallanes
5.24,49.9,335.5,13.5,-3.259999999999998,-24.5,-53.16,3.930569797066486,6123.1,Punta Arenas,Magallanes
12.67,56.5,16.1,13.0,3.3400000000000034,16.099999999999994,-53.16,3.930569797066486,15078.8,Punta Arenas,Magallanes
4.3,53.5,44.0,15.8,0.3400000000000034,44.0,-53.16,3.930569797066486,4647.6,Punta Arenas,Magallanes
6.67,43.9,321.8,14.3,-9.259999999999998,-38.19999999999999,-53.16,3.930569797066486,7380.5,Punta Arenas,Magallanes
7.21,51.7,11.6,14.7,-1.4599999999999937,11.599999999999994,-53.16,3.930569797066486,8465.0,Punta Arenas,Magallanes
5.89,57.9,13.5,10.7,4.740000000000002,13.5,-53.16,3.930569797066486,7208.8,Punta Arenas,Magallanes
2.04,49.2,13.2,11.5,-3.9599999999999937,13.199999999999989,-53.16,3.930569797066486,2480.6,Punta Arenas,Magallanes
5.06,50.6,41.1,19.4,-2.559999999999995,41.099999999999994,-53.16,3.930569797066486,5284.2,Punta Arenas,Magallanes
6.39,51.8,50.9,10.7,-1.3599999999999994,50.900000000000006,-53.16,3.930569797066486,7128.7,Punta Arenas,Magallanes
6.08,70.0,354.2,15.9,16.840000000000003,-5.7999999999999545,-53.16,3.930569797066486,6760.1,Punta Arenas,Magallanes
12.21,38.5,16.8,17.5,-14.659999999999997,16.80000000000001,-53.16,3.930569797066486,13334.5,Punta Arenas,Magallanes
2.62,57.2,2.1,10.1,4.040000000000006,2.0999999999999943,-53.16,3.930569797066486,3244.9,Punta Arenas,Magallanes
7.06,51.1,344.2,12.2,-2.059999999999995,-15.799999999999955,-53.16,3.930569797066486,8483.8,Punta Arenas,Magallanes
2.49,48.0,6.8,13.8,-5.159999999999997,6.800000000000011,-53.16,3.930569797066486,2951.4,Punta Arenas,Magallanes
14.1,50.9,16.8,15.1,-2.259999999999998,16.80000000000001,-53.16,3.930569797066486,16379.6,Punta Arenas,Magallanes
12.27,58.5,5.4,13.4,5.340000000000003,5.400000000000006,-53.16,3.930569797066486,14624.2,Punta Arenas,Magallanes
14.77,59.0,338.0,16.5,5.840000000000003,-22.0,-53.16,3.930569797066486,16665.9,Punta Arenas,Magallanes
13.83,54.6,348.4,12.3,1.4400000000000048,-11.600000000000023,-53.16,3.930569797066486,16701.7,Punta Arenas,Magallanes
6.11,61.9,348.6,10.3,8.740000000000002,-11.399999999999977,-53.16,3.930569797066486,7457.2,Punta Arenas,Magallanes
10.99,63.3,338.9,10.0,10.14,-21.100000000000023,-53.16,3.930569797066486,13244.2,Punta Arenas,Magallanes
5.99,59.7,7.8,13.5,6.540000000000006,7.800000000000011,-53.16,3.930569797066486,7104.7,Punta Arenas,Magallanes
13.55,48.8,10.5,13.6,-4.359999999999999,10.5,-53.16,3.930569797066486,16079.0,Punta Arenas,Magallanes
7.34,57.1,24.5,19.5,3.940000000000005,24.5,-53.16,3.930569797066486,7972.5,Punta Arenas,Magallanes
6.89,57.2,338.6,10.4,4.040000000000006,-21.399999999999977,-53.16,3.930569797066486,8364.5,Punta Arenas,Magallanes
13.88,46.6,345.6,15.3,-6.559999999999995,-14.399999999999977,-53.16,3.930569797066486,16038.0,Punta Arenas,Magallanes
12.88,40.6,38.9,15.8,-12.559999999999995,38.900000000000006,-53.16,3.930569797066486,13814.8,Punta Arenas,Magallanes
14.56,37.0,355.9,17.0,-16.159999999999997,-4.100000000000023,-53.16,3.930569797066486,16055.0,Punta Arenas,Magallanes
2.86,53.7,0.8,16.4,0.5400000000000063,0.8000000000000114,-53.16,3.930569797066486,3313.9,Punta Arenas,Magallanes
5.16,55.5,355.6,10.1,2.3400000000000034,-4.399999999999977,-53.16,3.930569797066486,6414.5,Punta Arenas,Magallanes
5.91,43.7,28.3,16.3,-9.459999999999994,28.30000000000001,-53.16,3.930569797066486,6546.7,Punta Arenas,Magallanes
7.52,61.5,29.3,13.2,8.340000000000003,29.30000000000001,-53.16,3.930569797066486,8639.5,Punta Arenas,Magallanes
8.15,54.4,27.8,17.7,1.240000000000002,27.80000000000001,-53.16,3.930569797066486,9004.8,Punta Arenas,Magallanes
5.79,64.0,0.7,11.9,10.840000000000003,0.6999999999999886,-53.16,3.930569797066486,6933.9,Punta Arenas,Magallanes
12.28,56.1,338.2,17.2,2.940000000000005,-21.799999999999955,-53.16,3.930569797066486,13799.2,Punta Arenas,Magallanes
4.9,44.6,48.1,16.3,-8.559999999999995,48.099999999999994,-53.16,3.930569797066486,5129.7,Punta Arenas,Magallanes
11.05,56.8,21.4,16.5,3.6400000000000006,21.400000000000006,-53.16,3.930569797066486,12521.9,Punta Arenas,Magallanes
13.07,58.5,348.6,11.8,5.340000000000003,-11.399999999999977,-53.16,3.930569797066486,15814.2,Punta Arenas,Magallanes
9.85,48.8,35.6,16.7,-4.359999999999999,35.599999999999994,-53.16,3.930569797066486,10778.0,Punta Arenas,Magallanes
6.6,41.6,346.6,17.4,-11.559999999999995,-13.399999999999977,-53.16,3.930569797066486,7348.2,Punta Arenas,Magallanes
4.44,54.0,35.3,14.9,0.8400000000000034,35.30000000000001,-53.16,3.930569797066486,4985.6,Punta Arenas,Magallanes
3.75,45.2,37.0,13.4,-7.959999999999994,37.0,-53.16,3.930569797066486,4216.5,Punta Arenas,Magallanes
11.67,62.1,337.0,11.7,8.940000000000005,-23.0,-53.16,3.930569797066486,13811.8,Punta Arenas,Magallanes
8.1,49.9,14.5,12.9,-3.259999999999998,14.5,-53.16,3.930569797066486,9667.1,Punta Arenas,Magallanes
2.6,67.0,19.6,17.6,13.840000000000003,19.599999999999994,-53.16,3.930569797066486,2838.3,Punta Arenas,Magallanes
14.79,36.2,65.4,14.1,-16.959999999999994,65.4,-53.16,3.930569797066486,14151.2,Punta Arenas,Magallanes
10.73,54.2,341.4,17.0,1.0400000000000063,-18.600000000000023,-53.16,3.930569797066486,12153.0,Punta Arenas,Magallanes
12.97,64.6,35.8,17.4,11.439999999999998,35.80000000000001,-53.16,3.930569797066486,13831.1,Punta Arenas,Magallanes
7.7,46.0,0.4,16.7,-7.159999999999997,0.4000000000000057,-53.16,3.930569797066486,8798.7,Punta Arenas,Magallanes
14.42,51.9,329.0,16.7,-1.259999999999998,-31.0,-53.16,3.930569797066486,16006.0,Punta Arenas,Magallanes
4.59,49.9,357.0,16.1,-3.259999999999998,-3.0,-53.16,3.930569797066486,5322.6,Punta Arenas,Magallanes
4.41,47.7,0.1,15.2,-5.459999999999994,0.09999999999999432,-53.16,3.930569797066486,5148.5,Punta Arenas,Magallanes
13.57,55.1,333.5,12.0,1.9400000000000048,-26.5,-53.16,3.930569797066486,16085.4,Punta Arenas,Magallanes
13.59,42.8,7.8,18.4,-10.36,7.800000000000011,-53.16,3.930569797066486,15057.4,Punta Arenas,Magallanes
8.49,52.3,23.9,19.6,-0.8599999999999994,23.900000000000006,-53.16,3.930569797066486,9231.2,Punta Arenas,Magallanes
3.64,57.3,6.0,14.7,4.140000000000001,6.0,-53.16,3.930569797066486,4275.7,Punta Arenas,Magallanes
5.97,51.4,346.5,19.3,-1.759999999999998,-13.5,-53.16,3.930569797066486,6612.2,Punta Arenas,Magallanes
11.8,45.2,356.3,20.0,-7.959999999999994,-3.7000000000000455,-53.16,3.930569797066486,12936.5,Punta Arenas,Magallanes
13.0,61.4,359.9,14.9,8.240000000000002,-0.10000000000002274,-53.16,3.930569797066486,15155.0,Punta Arenas,Magallanes
6.52,59.0,5.4,17.2,5.840000000000003,5.400000000000006,-53.16,3.930569797066486,7418.8,Punta Arenas,Magallanes
2.8,44.8,27.7,16.4,-8.36,27.69999999999999,-53.16,3.930569797066486,3105.7,Punta Arenas,Magallanes
10.65,42.8,6.8,12.4,-10.36,6.800000000000011,-53.16,3.930569797066486,12686.6,Punta Arenas,Magallanes
11.61,45.5,324.9,10.5,-7.659999999999997,-35.10000000000002,-53.16,3.930569797066486,13598.3,Punta Arenas,Magallanes
7.51,57.5,345.9,14.5,4.340000000000003,-14.100000000000023,-53.16,3.930569797066486,8792.1,Punta Arenas,Magallanes
9.58,55.4,4.2,17.9,2.240000000000002,4.199999999999989,-53.16,3.930569797066486,10872.5,Punta Arenas,Magallanes
14.84,59.5,28.1,13.3,6.340000000000003,28.099999999999994,-53.16,3.930569797066486,17171.2,Punta Arenas,Magallanes
5.18,50.6,32.4,17.8,-2.559999999999995,32.400000000000006,-53.16,3.930569797066486,5654.0,Punta Arenas,Magallanes
9.45,45.8,44.4,16.5,-7.359999999999999,44.400000000000006,-53.16,3.930569797066486,10019.5,Punta Arenas,Magallanes
9.94,60.5,3.3,17.0,7.340000000000003,3.3000000000000114,-53.16,3.930569797066486,11327.0,Punta Arenas,Magallanes
9.14,48.7,19.1,12.9,-4.459999999999994,19.099999999999994,-53.16,3.930569797066486,10834.8,Punta Arenas,Magallanes
13.3,54.7,323.6,14.7,1.5400000000000063,-36.39999999999998,-53.16,3.930569797066486,14908.5,Punta Arenas,Magallanes
9.87,40.8,10.7,11.8,-12.36,10.699999999999989,-53.16,3.930569797066486,11705.5,Punta Arenas,Magallanes
8.6,48.6,333.1,12.5,-4.559999999999995,-26.899999999999977,-53.16,3.930569797066486,10102.7,Punta Arenas,Magallanes
3.6,61.2,358.4,10.9,8.040000000000006,-1.6000000000000227,-53.16,3.930569797066486,4393.3,Punta Arenas,Magallanes
11.14,47.4,75.7,11.3,-5.759999999999998,75.69999999999999,-53.16,3.930569797066486,10745.0,Punta Arenas,Magallanes
3.72,59.7,7.6,12.1,6.540000000000006,7.599999999999994,-53.16,3.930569797066486,4482.3,Punta Arenas,Magallanes
2.35,34.5,338.4,15.8,-18.659999999999997,-21.600000000000023,-53.16,3.930569797066486,2543.4,Punta Arenas,Magallanes
8.35,48.7,10.2,14.4,-4.459999999999994,10.199999999999989,-53.16,3.930569797066486,9821.2,Punta Arenas,Magallanes
9.44,51.8,347.1,12.7,-1.3599999999999994,-12.899999999999977,-53.16,3.930569797066486,11334.3,Punta Arenas,Magallanes
14.99,67.1,336.0,18.6,13.939999999999998,-24.0,-53.16,3.930569797066486,16024.1,Punta Arenas,Magallanes
11.26,43.8,52.6,15.3,-9.36,52.599999999999994,-53.16,3.930569797066486,11682.1,Punta Arenas,Magallanes
13.03,58.5,26.7,19.2,5.340000000000003,26.69999999999999,-53.16,3.930569797066486,14110.2,Punta Arenas,Magallanes
6.5,61.6,8.6,16.3,8.440000000000005,8.599999999999994,-53.16,3.930569797066486,7424.6,Punta Arenas,Magallanes
8.62,47.4,350.2,10.2,-5.759999999999998,-9.799999999999955,-53.16,3.930569797066486,10618.2,Punta Arenas,Magallanes
14.67,50.2,352.2,19.1,-2.9599999999999937,-7.7999999999999545,-53.16,3.930569797066486,16350.7,Punta Arenas,Magallanes
7.43,54.3,38.6,18.6,1.1400000000000006,38.599999999999994,-53.16,3.930569797066486,7896.4,Punta Arenas,Magallanes
12.49,41.3,7.7,16.4,-11.86,7.699999999999989,-53.16,3.930569797066486,14122.7,Punta Arenas,Magallanes
8.84,49.5,282.9,15.3,-3.6599999999999966,-77.10000000000002,-53.16,3.930569797066486,8081.8,Punta Arenas,Magallanes
4.91,63.4,60.5,14.5,10.240000000000002,60.5,-53.16,3.930569797066486,4938.0,Punta Arenas,Magallanes
9.55,57.3,4.6,14.8,4.140000000000001,4.599999999999994,-53.16,3.930569797066486,11212.1,Punta Arenas,Magallanes
4.83,51.9,8.6,17.7,-1.259999999999998,8.599999999999994,-53.16,3.930569797066486,5489.9,Punta Arenas,Magallanes
2.04,54.1,27.2,15.1,0.9400000000000048,27.19999999999999,-53.16,3.930569797066486,2327.7,Punta Arenas,Magallanes
5.07,57.8,11.6,11.8,4.640000000000001,11.599999999999994,-53.16,3.930569797066486,6134.5,Punta Arenas,Magallanes
4.51,59.3,18.7,10.6,6.140000000000001,18.69999999999999,-53.16,3.930569797066486,5475.6,Punta Arenas,Magallanes
6.82,48.7,349.4,11.3,-4.459999999999994,-10.600000000000023,-53.16,3.930569797066486,8316.1,Punta Arenas,Magallanes
13.55,65.4,329.3,12.5,12.240000000000009,-30.69999999999999,-53.16,3.930569797066486,15457.1,Punta Arenas,Magallanes
7.04,63.7,7.0,13.7,10.540000000000006,7.0,-53.16,3.930569797066486,8254.8,Punta Arenas,Magallanes
12.99,58.6,35.8,18.9,5.440000000000005,35.80000000000001,-53.16,3.930569797066486,13803.9,Punta Arenas,Magallanes
9.22,46.4,343.8,12.4,-6.759999999999998,-16.200000000000045,-53.16,3.930569797066486,10993.1,Punta Arenas,Magallanes
2.1,45.0,341.8,13.2,-8.159999999999997,-18.200000000000045,-53.16,3.930569797066486,2464.3,Punta Arenas,Magallanes
4.45,50.5,30.5,12.2,-2.6599999999999966,30.5,-53.16,3.930569797066486,5212.9,Punta Arenas,Magallanes
14.11,53.6,348.6,15.5,0.44000000000000483,-11.399999999999977,-53.16,3.930569797066486,16420.5,Punta Arenas,Magallanes
9.85,39.0,349.7,16.2,-14.159999999999997,-10.299999999999955,-53.16,3.930569797066486,11039.9,Punta Arenas,Magallanes
14.08,57.1,350.7,15.3,3.940000000000005,-9.299999999999955,-53.16,3.930569797066486,16409.4,Punta Arenas,Magallanes
6.03,63.5,358.4,19.5,10.340000000000003,-1.6000000000000227,-53.16,3.930569797066486,6608.4,Punta Arenas,Magallanes
11.32,57.8,320.7,20.0,4.640000000000001,-39.30000000000001,-53.16,3.930569797066486,11764.0,Punta Arenas,Magallanes
12.04,47.8,346.5,18.4,-5.359999999999999,-13.5,-53.16,3.930569797066486,13441.2,Punta Arenas,Magallanes
14.68,46.8,5.8,18.1,-6.359999999999999,5.800000000000011,-53.16,3.930569797066486,16528.1,Punta Arenas,Magallanes
2.24,55.6,5.6,13.7,2.440000000000005,5.599999999999994,-53.16,3.930569797066486,2666.3,Punta Arenas,Magallanes
14.38,51.9,28.9,15.8,-1.259999999999998,28.900000000000006,-53.16,3.930569797066486,16218.6,Punta Arenas,Magallanes
7.09,56.7,46.0,13.5,3.5400000000000063,46.0,-53.16,3.930569797066486,7796.8,Punta Arenas,Magallanes
12.89,58.0,37.8,17.8,4.840000000000003,37.80000000000001,-53.16,3.930569797066486,13818.9,Punta Arenas,Magallanes
9.08,61.9,22.9,11.7,8.740000000000002,22.900000000000006,-53.16,3.930569797066486,10747.6,Punta Arenas,Magallanes
9.34,44.1,356.3,12.2,-9.059999999999995,-3.7000000000000455,-53.16,3.930569797066486,11205.1,Punta Arenas,Magallanes
6.67,54.9,344.4,10.4,1.740000000000002,-15.600000000000023,-53.16,3.930569797066486,8193.3,Punta Arenas,Magallanes
12.77,50.3,0.4,16.1,-2.8599999999999994,0.4000000000000057,-53.16,3.930569797066486,14808.7,Punta Arenas,Magallanes
5.43,52.4,14.6,16.9,-0.759999999999998,14.599999999999994,-53.16,3.930569797066486,6196.2,Punta Arenas,Magallanes
8.4,60.1,20.5,10.0,6.940000000000005,20.5,-53.16,3.930569797066486,10213.9,Punta Arenas,Magallanes
9.28,60.9,15.6,15.1,7.740000000000002,15.599999999999994,-53.16,3.930569797066486,10703.9,Punta Arenas,Magallanes
11.65,64.3,357.0,13.8,11.14,-3.0,-53.16,3.930569797066486,13635.7,Punta Arenas,Magallanes
8.13,56.6,19.7,17.9,3.440000000000005,19.69999999999999,-53.16,3.930569797066486,9083.3,Punta Arenas,Magallanes
10.84,52.3,31.5,10.4,-0.8599999999999994,31.5,-53.16,3.930569797066486,12939.3,Punta Arenas,Magallanes
8.31,51.1,22.0,10.5,-2.059999999999995,22.0,-53.16,3.930569797066486,10096.5,Punta Arenas,Magallanes
10.57,39.3,359.2,16.2,-13.86,-0.7999999999999545,-53.16,3.930569797066486,11900.0,Punta Arenas,Magallanes
10.76,63.9,339.2,15.9,10.740000000000002,-20.799999999999955,-53.16,3.930569797066486,12102.6,Punta Arenas,Magallanes
11.22,50.6,338.6,18.3,-2.559999999999995,-21.399999999999977,-53.16,3.930569797066486,12452.2,Punta Arenas,Magallanes
12.7,57.2,343.0,15.9,4.040000000000006,-17.0,-53.16,3.930569797066486,14579.8,Punta Arenas,Magallanes
9.03,58.6,6.4,19.5,5.440000000000005,6.400000000000006,-53.16,3.930569797066486,9998.1,Punta Arenas,Magallanes
4.51,43.2,13.0,13.1,-9.959999999999994,13.0,-53.16,3.930569797066486,5307.6,Punta Arenas,Magallanes
10.84,45.8,324.6,14.0,-7.359999999999999,-35.39999999999998,-53.16,3.930569797066486,12186.4,Punta Arenas,Magallanes
3.0,65.5,347.4,19.8,12.340000000000003,-12.600000000000023,-53.16,3.930569797066486,3236.0,Punta Arenas,Magallanes
4.85,55.5,6.1,11.1,2.3400000000000034,6.099999999999994,-53.16,3.930569797066486,5950.3,Punta Arenas,Magallanes
12.3,48.5,337.5,18.0,-4.659999999999997,-22.5,-53.16,3.930569797066486,13648.5,Punta Arenas,Magallanes
7.66,52.1,10.8,10.1,-1.0599999999999952,10.800000000000011,-53.16,3.930569797066486,9478.3,Punta Arenas,Magallanes
8.47,61.8,352.3,14.9,8.64,-7.7000000000000455,-53.16,3.930569797066486,9846.9,Punta Arenas,Magallanes
14.84,60.6,341.9,11.5,7.440000000000005,-18.100000000000023,-53.16,3.930569797066486,17783.9,Punta Arenas,Magallanes
5.06,41.4,1.3,16.0,-11.759999999999998,1.3000000000000114,-53.16,3.930569797066486,5756.1,Punta Arenas,Magallanes
2.25,66.2,9.8,18.0,13.040000000000006,9.800000000000011,-53.16,3.930569797066486,2483.0,Punta Arenas,Magallanes
3.45,60.9,338.8,10.3,7.740000000000002,-21.200000000000045,-53.16,3.930569797066486,4166.9,Punta Arenas,Magallanes
5.18,51.9,353.9,11.6,-1.259999999999998,-6.100000000000023,-53.16,3.930569797066486,6321.7,Punta Arenas,Magallanes
11.44,43.6,11.7,13.4,-9.559999999999995,11.699999999999989,-53.16,3.930569797066486,13441.9,Punta Arenas,Magallanes
12.09,61.6,340.9,12.6,8.440000000000005,-19.100000000000023,-53.16,3.930569797066486,14266.2,Punta Arenas,Magallanes
9.35,57.0,318.6,13.8,3.8400000000000034,-41.39999999999998,-53.16,3.930569797066486,10405.9,Punta Arenas,Magallanes
5.32,41.5,321.6,19.5,-11.659999999999997,-38.39999999999998,-53.16,3.930569797066486,5475.0,Punta Arenas,Magallanes
8.78,51.3,349.5,11.0,-1.8599999999999994,-10.5,-53.16,3.930569797066486,10764.3,Punta Arenas,Magallanes
2.19,70.0,327.0,14.2,16.840000000000003,-33.0,-53.16,3.930569797066486,2390.3,Punta Arenas,Magallanes
10.86,53.3,351.3,14.6,0.14000000000000057,-8.700000000000045,-53.16,3.930569797066486,12805.2,Punta Arenas,Magallanes
9.99,47.2,41.6,12.8,-5.959999999999994,41.599999999999994,-53.16,3.930569797066486,11202.5,Punta Arenas,Magallanes
2.28,45.1,325.5,12.8,-8.059999999999995,-34.5,-53.16,3.930569797066486,2605.9,Punta Arenas,Magallanes
12.62,67.3,352.9,17.1,14.14,-7.100000000000023,-53.16,3.930569797066486,14002.8,Punta Arenas,Magallanes
11.92,59.9,53.3,16.2,6.740000000000002,53.30000000000001,-53.16,3.930569797066486,12275.1,Punta Arenas,Magallanes
6.01,64.4,10.2,18.1,11.240000000000009,10.199999999999989,-53.16,3.930569797066486,6648.0,Punta Arenas,Magallanes
10.26,55.1,350.8,14.1,1.9400000000000048,-9.200000000000045,-53.16,3.930569797066486,12156.1,Punta Arenas,Magallanes
9.82,63.2,356.1,16.1,10.040000000000006,-3.8999999999999773,-53.16,3.930569797066486,11223.8,Punta Arenas,Magallanes
3.86,46.4,10.7,18.9,-6.759999999999998,10.699999999999989,-53.16,3.930569797066486,4282.3,Punta Arenas,Magallanes
4.51,54.5,42.4,18.5,1.3400000000000034,42.400000000000006,-53.16,3.930569797066486,4742.7,Punta Arenas,Magallanes
10.88,55.5,346.7,19.2,2.3400000000000034,-13.299999999999955,-53.16,3.930569797066486,12075.5,Punta Arenas,Magallanes
14.14,64.2,341.1,12.7,11.040000000000006,-18.899999999999977,-53.16,3.930569797066486,16533.5,Punta Arenas,Magallanes
9.49,55.7,325.5,19.9,2.5400000000000063,-34.5,-53.16,3.930569797066486,10044.1,Punta Arenas,Magallanes
9.38,48.2,2.6,18.2,-4.959999999999994,2.5999999999999943,-53.16,3.930569797066486,10580.8,Punta Arenas,Magallanes
10.41,53.7,324.9,17.9,0.5400000000000063,-35.10000000000002,-53.16,3.930569797066486,11264.4,Punta Arenas,Magallanes
7.73,39.7,348.4,16.7,-13.459999999999994,-11.600000000000023,-53.16,3.930569797066486,8622.7,Punta Arenas,Magallanes
2.7,34.6,337.3,19.8,-18.559999999999995,-22.700000000000045,-53.16,3.930569797066486,2788.1,Punta Arenas,Magallanes
7.15,59.8,26.9,14.4,6.640000000000001,26.900000000000006,-53.16,3.930569797066486,8186.1,Punta Arenas,Magallanes
13.7,50.2,347.3,17.4,-2.9599999999999937,-12.700000000000045,-53.16,3.930569797066486,15542.5,Punta Arenas,Magallanes
12.46,51.1,9.9,17.0,-2.059999999999995,9.900000000000006,-53.16,3.930569797066486,14254.6,Punta Arenas,Magallanes
14.06,59.8,319.9,17.3,6.640000000000001,-40.10000000000002,-53.16,3.930569797066486,15005.7,Punta Arenas,Magallanes
3.99,64.3,3.3,17.5,11.14,3.3000000000000114,-53.16,3.930569797066486,4462.5,Punta Arenas,Magallanes
8.58,57.4,329.9,11.9,4.240000000000002,-30.100000000000023,-53.16,3.930569797066486,10069.7,Punta Arenas,Magallanes
9.6,68.6,349.4,13.5,15.439999999999998,-10.600000000000023,-53.16,3.930569797066486,11032.2,Punta Arenas,Magallanes
4.73,57.2,55.3,13.9,4.040000000000006,55.30000000000001,-53.16,3.930569797066486,4977.8,Punta Arenas,Magallanes
4.61,55.6,23.3,17.5,2.440000000000005,23.30000000000001,-53.16,3.930569797066486,5154.0,Punta Arenas,Magallanes
12.17,55.1,356.8,17.2,1.9400000000000048,-3.2000000000000455,-53.16,3.930569797066486,13932.9,Punta Arenas,Magallanes
10.73,42.9,80.0,18.3,-10.259999999999998,80.0,-53.16,3.930569797066486,9144.9,Punta Arenas,Magallanes
10.41,60.8,337.1,17.9,7.640000000000001,-22.899999999999977,-53.16,3.930569797066486,11494.4,Punta Arenas,Magallanes
5.47,33.6,29.1,16.0,-19.559999999999995,29.099999999999994,-53.16,3.930569797066486,5802.2,Punta Arenas,Magallanes
8.59,48.5,321.7,11.4,-4.659999999999997,-38.30000000000001,-53.16,3.930569797066486,9912.7,Punta Arenas,Magallanes
2.3,53.3,353.9,16.4,0.14000000000000057,-6.100000000000023,-53.16,3.930569797066486,2658.3,Punta Arenas,Magallanes
3.69,46.8,326.3,18.9,-6.359999999999999,-33.69999999999999,-53.16,3.930569797066486,3940.0,Punta Arenas,Magallanes
8.74,49.5,6.4,16.4,-3.6599999999999966,6.400000000000006,-53.16,3.930569797066486,10067.8,Punta Arenas,Magallanes
6.03,67.9,1.4,19.0,14.740000000000009,1.4000000000000057,-53.16,3.930569797066486,6535.5,Punta Arenas,Magallanes
14.55,62.0,352.3,20.0,8.840000000000003,-7.7000000000000455,-53.16,3.930569797066486,15886.3,Punta Arenas,Magallanes
8.13,47.7,27.3,13.6,-5.459999999999994,27.30000000000001,-53.16,3.930569797066486,9402.3,Punta Arenas,Magallanes
3.09,49.4,345.8,17.2,-3.759999999999998,-14.200000000000045,-53.16,3.930569797066486,3500.3,Punta Arenas,Magallanes
2.23,42.9,8.2,15.4,-10.259999999999998,8.199999999999989,-53.16,3.930569797066486,2565.0,Punta Arenas,Magallanes
11.43,58.8,20.5,14.5,5.640000000000001,20.5,-53.16,3.930569797066486,13233.1,Punta Arenas,Magallanes
4.23,51.2,322.9,12.4,-1.9599999999999937,-37.10000000000002,-53.16,3.930569797066486,4858.1,Punta Arenas,Magallanes
4.44,37.4,341.3,12.5,-15.759999999999998,-18.700000000000045,-53.16,3.930569797066486,5110.0,Punta Arenas,Magallanes
7.51,54.0,1.3,11.8,0.8400000000000034,1.3000000000000114,-53.16,3.930569797066486,9158.6,Punta Arenas,Magallanes
5.43,56.7,15.8,16.3,3.5400000000000063,15.800000000000011,-53.16,3.930569797066486,6220.2,Punta Arenas,Magallanes
10.02,60.9,35.5,11.4,7.740000000000002,35.5,-53.16,3.930569797066486,11585.5,Punta Arenas,Magallanes
8.31,52.6,354.6,14.3,-0.5599999999999952,-5.399999999999977,-53.16,3.930569797066486,9846.5,Punta Arenas,Magallanes
3.45,50.2,352.1,15.2,-2.9599999999999937,-7.899999999999977,-53.16,3.930569797066486,4030.4,Punta Arenas,Magallanes
12.2,69.1,338.2,14.4,15.939999999999998,-21.799999999999955,-53.16,3.930569797066486,13652.5,Punta Arenas,Magallanes
7.54,53.2,8.2,18.5,0.04000000000000625,8.199999999999989,-53.16,3.930569797066486,8472.0,Punta Arenas,Magallanes
9.94,58.9,352.6,14.4,5.740000000000002,-7.399999999999977,-53.16,3.930569797066486,11686.8,Punta Arenas,Magallanes
2.05,48.8,353.1,10.8,-4.359999999999999,-6.899999999999977,-53.16,3.930569797066486,2519.4,Punta Arenas,Magallanes
10.14,58.7,357.7,19.9,5.540000000000006,-2.2999999999999545,-53.16,3.930569797066486,11185.3,Punta Arenas,Magallanes
5.68,41.5,13.8,18.4,-11.659999999999997,13.800000000000011,-53.16,3.930569797066486,6229.2,Punta Arenas,Magallanes
8.43,49.5,345.9,16.6,-3.6599999999999966,-14.100000000000023,-53.16,3.930569797066486,9631.6,Punta Arenas,Magallanes
5.87,43.5,340.7,17.6,-9.659999999999997,-19.299999999999955,-53.16,3.930569797066486,6508.1,Punta Arenas,Magallanes
14.95,48.3,10.8,11.3,-4.859999999999999,10.800000000000011,-53.16,3.930569797066486,18208.8,Punta Arenas,Magallanes
5.0,63.2,284.4,17.7,10.040000000000006,-75.60000000000002,-53.16,3.930569797066486,4432.7,Punta Arenas,Magallanes
13.87,48.3,344.9,12.1,-4.859999999999999,-15.100000000000023,-53.16,3.930569797066486,16664.4,Punta Arenas,Magallanes
13.93,58.9,331.2,14.9,5.740000000000002,-28.80000000000001,-53.16,3.930569797066486,15815.3,Punta Arenas,Magallanes
7.47,65.3,30.1,11.8,12.14,30.099999999999994,-53.16,3.930569797066486,8613.4,Punta Arenas,Magallanes
5.95,52.9,349.0,17.5,-0.259999999999998,-11.0,-53.16,3.930569797066486,6760.4,Punta Arenas,Magallanes
6.95,61.1,346.0,12.5,7.940000000000005,-14.0,-53.16,3.930569797066486,8279.9,Punta Arenas,Magallanes
14.86,57.4,358.8,12.5,4.240000000000002,-1.2000000000000455,-53.16,3.930569797066486,17937.3,Punta Arenas,Magallanes
10.04,54.1,345.1,11.1,0.9400000000000048,-14.899999999999977,-53.16,3.930569797066486,12251.7,Punta Arenas,Magallanes
9.08,59.2,349.9,17.2,6.040000000000006,-10.100000000000023,-53.16,3.930569797066486,10308.3,Punta Arenas,Magallanes
2.47,67.9,2.4,13.0,14.740000000000009,2.4000000000000057,-53.16,3.930569797066486,2873.2,Punta Arenas,Magallanes
13.02,48.1,349.4,15.2,-5.059999999999995,-10.600000000000023,-53.16,3.930569797066486,15158.7,Punta Arenas,Magallanes
3.09,45.5,349.3,13.3,-7.659999999999997,-10.700000000000045,-53.16,3.930569797066486,3656.3,Punta Arenas,Magallanes
2.61,45.0,334.7,17.7,-8.159999999999997,-25.299999999999955,-53.16,3.930569797066486,2870.3,Punta Arenas,Magallanes
5.57,61.1,331.2,12.3,7.940000000000005,-28.80000000000001,-53.16,3.930569797066486,6489.9,Punta Arenas,Magallanes
8.19,62.2,1.5,19.4,9.040000000000006,1.5,-53.16,3.930569797066486,9014.2,Punta Arenas,Magallanes
13.64,48.9,7.7,13.2,-4.259999999999998,7.699999999999989,-53.16,3.930569797066486,16296.7,Punta Arenas,Magallanes
12.27,36.1,324.3,11.0,-17.059999999999995,-35.69999999999999,-53.16,3.930569797066486,13743.9,Punta Arenas,Magallanes
4.57,47.8,19.0,12.4,-5.359999999999999,19.0,-53.16,3.930569797066486,5438.4,Punta Arenas,Magallanes
6.84,57.5,19.1,10.7,4.340000000000003,19.099999999999994,-53.16,3.930569797066486,8303.5,Punta Arenas,Magallanes
12.14,52.6,24.4,14.7,-0.5599999999999952,24.400000000000006,-53.16,3.930569797066486,14012.0,Punta Arenas,Magallanes
8.85,54.6,7.5,12.5,1.4400000000000048,7.5,-53.16,3.930569797066486,10691.7,Punta Arenas,Magallanes
4.27,49.0,15.9,18.9,-4.159999999999997,15.900000000000006,-53.16,3.930569797066486,4733.6,Punta Arenas,Magallanes
7.15,61.3,54.6,15.2,8.14,54.599999999999994,-53.16,3.930569797066486,7381.3,Punta Arenas,Magallanes
10.14,55.9,352.5,12.3,2.740000000000002,-7.5,-53.16,3.930569797066486,12256.8,Punta Arenas,Magallanes
14.65,57.9,333.9,14.5,4.740000000000002,-26.100000000000023,-53.16,3.930569797066486,16827.0,Punta Arenas,Magallanes
10.6,54.4,321.6,12.0,1.240000000000002,-38.39999999999998,-53.16,3.930569797066486,12198.4,Punta Arenas,Magallanes
2.21,57.4,43.9,11.8,4.240000000000002,43.900000000000006,-53.16,3.930569797066486,2496.1,Punta Arenas,Magallanes
11.17,56.8,44.2,13.0,3.6400000000000006,44.19999999999999,-53.16,3.930569797066486,12426.7,Punta Arenas,Magallanes
5.26,45.7,336.9,11.1,-7.459999999999994,-23.100000000000023,-53.16,3.930569797066486,6289.1,Punta Arenas,Magallanes
13.21,56.1,341.8,11.9,2.940000000000005,-18.200000000000045,-53.16,3.930569797066486,15880.7,Punta Arenas,Magallanes
6.99,59.5,351.9,19.4,6.340000000000003,-8.100000000000023,-53.16,3.930569797066486,7731.7,Punta Arenas,Magallanes
4.59,62.4,30.6,16.7,9.240000000000002,30.599999999999994,-53.16,3.930569797066486,5044.4,Punta Arenas,Magallanes
8.08,56.5,327.8,19.2,3.3400000000000034,-32.19999999999999,-53.16,3.930569797066486,8668.0,Punta Arenas,Magallanes
5.32,45.4,310.8,12.6,-7.759999999999998,-49.19999999999999,-53.16,3.930569797066486,5797.3,Punta Arenas,Magallanes
5.07,46.7,54.2,18.6,-6.459999999999994,54.19999999999999,-53.16,3.930569797066486,5049.1,Punta Arenas,Magallanes
9.45,49.7,7.8,13.6,-3.4599999999999937,7.800000000000011,-53.16,3.930569797066486,11251.2,Punta Arenas,Magallanes
11.98,54.7,11.4,11.4,1.5400000000000063,11.400000000000006,-53.16,3.930569797066486,14598.2,Punta Arenas,Magallanes
12.85,52.2,354.9,18.0,-0.9599999999999937,-5.100000000000023,-53.16,3.930569797066486,14560.8,Punta Arenas,Magallanes
7.17,44.2,11.6,10.6,-8.959999999999994,11.599999999999994,-53.16,3.930569797066486,8715.8,Punta Arenas,Magallanes
2.87,44.1,322.1,14.0,-9.059999999999995,-37.89999999999998,-53.16,3.930569797066486,3187.1,Punta Arenas,Magallanes
8.29,36.4,339.0,18.2,-16.759999999999998,-21.0,-53.16,3.930569797066486,8835.5,Punta Arenas,Magallanes
7.64,28.2,2.6,16.2,-24.959999999999997,2.5999999999999943,-53.16,3.930569797066486,8031.9,Punta Arenas,Magallanes
4.56,52.1,303.2,15.2,-1.0599999999999952,-56.80000000000001,-53.16,3.930569797066486,4708.6,Punta Arenas,Magallanes
13.65,70.0,352.4,13.5,16.840000000000003,-7.600000000000023,-53.16,3.930569797066486,15597.3,Punta Arenas,Magallanes
14.66,67.5,350.9,10.8,14.340000000000003,-9.100000000000023,-53.16,3.930569797066486,17487.9,Punta Arenas,Magallanes
2.67,45.3,352.4,19.9,-7.859999999999999,-7.600000000000023,-53.16,3.930569797066486,2928.1,Punta Arenas,Magallanes
12.34,54.4,346.2,11.7,1.240000000000002,-13.799999999999955,-53.16,3.930569797066486,14963.5,Punta Arenas,Magallanes
10.39,41.4,335.1,12.6,-11.759999999999998,-24.899999999999977,-53.16,3.930569797066486,12026.3,Punta Arenas,Magallanes
5.4,42.7,314.4,12.4,-10.459999999999994,-45.60000000000002,-53.16,3.930569797066486,5935.8,Punta Arenas,Magallanes
10.26,43.6,3.6,19.1,-9.559999999999995,3.5999999999999943,-53.16,3.930569797066486,11319.6,Punta Arenas,Magallanes
3.67,51.4,352.5,17.6,-1.759999999999998,-7.5,-53.16,3.930569797066486,4174.4,Punta Arenas,Magallanes
2.9,51.7,325.6,14.6,-1.4599999999999937,-34.39999999999998,-53.16,3.930569797066486,3276.5,Punta Arenas,Magallanes
14.92,55.2,1.6,19.6,2.0400000000000063,1.5999999999999943,-53.16,3.930569797066486,16591.8,Punta Arenas,Magallanes
10.27,58.5,352.6,10.5,5.340000000000003,-7.399999999999977,-53.16,3.930569797066486,12638.1,Punta Arenas,Magallanes
5.29,50.5,348.5,18.9,-2.6599999999999966,-11.5,-53.16,3.930569797066486,5899.6,Punta Arenas,Magallanes
7.85,53.4,306.1,10.6,0.240000000000002,-53.89999999999998,-53.16,3.930569797066486,8655.7,Punta Arenas,Magallanes
14.35,44.4,17.1,13.9,-8.759999999999998,17.099999999999994,-53.16,3.930569797066486,16710.1,Punta Arenas,Magallanes
7.7,42.4,329.2,10.5,-10.759999999999998,-30.80000000000001,-53.16,3.930569797066486,9031.8,Punta Arenas,Magallanes
13.71,41.2,1.6,20.0,-11.959999999999994,1.5999999999999943,-53.16,3.930569797066486,14842.0,Punta Arenas,Magallanes
13.29,58.4,339.8,19.1,5.240000000000002,-20.200000000000045,-53.16,3.930569797066486,14584.1,Punta Arenas,Magallanes
6.47,50.5,350.3,15.8,-2.6599999999999966,-9.700000000000045,-53.16,3.930569797066486,7503.4,Punta Arenas,Magallanes
11.05,38.2,28.8,12.2,-14.959999999999994,28.80000000000001,-53.16,3.930569797066486,12563.0,Punta Arenas,Magallanes
10.59,52.7,13.3,12.8,-0.45999999999999375,13.300000000000011,-53.16,3.930569797066486,12692.6,Punta Arenas,Magallanes
12.03,43.2,28.3,14.5,-9.959999999999994,28.30000000000001,-53.16,3.930569797066486,13589.4,Punta Arenas,Magallanes
6.76,66.4,8.3,13.2,13.240000000000009,8.300000000000011,-53.16,3.930569797066486,7875.9,Punta Arenas,Magallanes
2.68,48.5,9.9,10.2,-4.659999999999997,9.900000000000006,-53.16,3.930569797066486,3305.4,Punta Arenas,Magallanes
4.22,58.6,315.5,16.6,5.440000000000005,-44.5,-53.16,3.930569797066486,4492.5,Punta Arenas,Magallanes
10.02,61.9,352.1,16.1,8.740000000000002,-7.899999999999977,-53.16,3.930569797066486,11461.2,Punta Arenas,Magallanes
12.08,45.5,354.4,19.0,-7.659999999999997,-5.600000000000023,-53.16,3.930569797066486,13392.5,Punta Arenas,Magallanes
11.83,53.8,30.6,14.8,0.6400000000000006,30.599999999999994,-53.16,3.930569797066486,13455.9,Punta Arenas,Magallanes
9.59,57.6,347.3,13.4,4.440000000000005,-12.700000000000045,-53.16,3.930569797066486,11379.4,Punta Arenas,Magallanes
3.1,54.1,6.6,15.1,0.9400000000000048,6.599999999999994,-53.16,3.930569797066486,3636.9,Punta Arenas,Magallanes
2.22,56.0,5.6,11.9,2.8400000000000034,5.599999999999994,-53.16,3.930569797066486,2704.0,Punta Arenas,Magallanes
12.17,42.5,28.9,16.3,-10.659999999999997,28.900000000000006,-53.16,3.930569797066486,13418.6,Punta Arenas,Magallanes
9.14,57.6,356.7,17.7,4.440000000000005,-3.2999999999999545,-53.16,3.930569797066486,10375.7,Punta Arenas,Magallanes
12.18,49.3,20.7,11.5,-3.8599999999999994,20.69999999999999,-53.16,3.930569797066486,14628.4,Punta Arenas,Magallanes
4.12,56.0,317.4,13.2,2.8400000000000034,-42.60000000000002,-53.16,3.930569797066486,4601.4,Punta Arenas,Magallanes
7.3,60.5,319.6,18.7,7.340000000000003,-40.39999999999998,-53.16,3.930569797066486,7643.6,Punta Arenas,Magallanes
13.95,58.5,302.9,15.1,5.340000000000003,-57.10000000000002,-53.16,3.930569797066486,14341.1,Punta Arenas,Magallanes
4.23,55.9,19.6,15.3,2.740000000000002,19.599999999999994,-53.16,3.930569797066486,4879.2,Punta Arenas,Magallanes
2.8,58.3,16.8,17.2,5.140000000000001,16.80000000000001,-53.16,3.930569797066486,3159.7,Punta Arenas,Magallanes
10.5,58.7,22.4,15.8,5.540000000000006,22.400000000000006,-53.16,3.930569797066486,11942.6,Punta Arenas,Magallanes
9.73,65.1,343.1,10.7,11.939999999999998,-16.899999999999977,-53.16,3.930569797066486,11633.5,Punta Arenas,Magallanes
14.38,52.9,345.9,18.0,-0.259999999999998,-14.100000000000023,-53.16,3.930569797066486,16181.8,Punta Arenas,Magallanes
13.78,54.5,357.0,19.2,1.3400000000000034,-3.0,-53.16,3.930569797066486,15397.1,Punta Arenas,Magallanes
11.74,60.6,36.1,10.5,7.440000000000005,36.099999999999994,-53.16,3.930569797066486,13705.7,Punta Arenas,Magallanes
2.25,49.2,42.3,11.2,-3.9599999999999937,42.30000000000001,-53.16,3.930569797066486,2570.7,Punta Arenas,Magallanes
8.25,42.5,19.8,17.0,-10.659999999999997,19.80000000000001,-53.16,3.930569797066486,9164.3,Punta Arenas,Magallanes
13.65,57.1,8.3,16.0,3.940000000000005,8.300000000000011,-53.16,3.930569797066486,15778.4,Punta Arenas,Magallanes
7.64,51.5,33.4,13.8,-1.6599999999999966,33.400000000000006,-53.16,3.930569797066486,8720.1,Punta Arenas,Magallanes
14.51,43.5,353.6,15.4,-9.659999999999997,-6.399999999999977,-53.16,3.930569797066486,16718.7,Punta Arenas,Magallanes
10.48,57.2,350.2,17.0,4.040000000000006,-9.799999999999955,-53.16,3.930569797066486,11961.5,Punta Arenas,Magallanes
3.42,64.6,356.8,15.0,11.439999999999998,-3.2000000000000455,-53.16,3.930569797066486,3942.4,Punta Arenas,Magallanes
8.62,40.1,335.5,11.4,-13.059999999999995,-24.5,-53.16,3.930569797066486,10062.5,Punta Arenas,Magallanes
11.04,61.3,355.6,10.9,8.14,-4.399999999999977,-53.16,3.930569797066486,13468.0,Punta Arenas,Magallanes
2.85,32.9,332.1,14.4,-20.259999999999998,-27.899999999999977,-53.16,3.930569797066486,3072.8,Punta Arenas,Magallanes
6.48,50.0,25.6,19.2,-3.1599999999999966,25.599999999999994,-53.16,3.930569797066486,7051.8,Punta Arenas,Magallanes
11.32,67.9,13.6,15.6,14.740000000000009,13.599999999999994,-53.16,3.930569797066486,12702.4,Punta Arenas,Magallanes
4.04,50.5,35.7,13.6,-2.6599999999999966,35.69999999999999,-53.16,3.930569797066486,4595.5,Punta Arenas,Magallanes
6.53,53.9,319.3,19.1,0.740000000000002,-40.69999999999999,-53.16,3.930569797066486,6852.1,Punta Arenas,Magallanes
10.97,59.3,47.5,13.9,6.140000000000001,47.5,-53.16,3.930569797066486,11894.1,Punta Arenas,Magallanes
12.08,39.4,320.7,15.1,-13.759999999999998,-39.30000000000001,-53.16,3.930569797066486,12986.5,Punta Arenas,Magallanes
8.74,53.7,330.0,11.2,0.5400000000000063,-30.0,-53.16,3.930569797066486,10379.1,Punta Arenas,Magallanes
14.44,53.7,344.5,17.4,0.5400000000000063,-15.5,-53.16,3.930569797066486,16357.3,Punta Arenas,Magallanes
14.03,68.1,32.7,17.0,14.939999999999998,32.69999999999999,-53.16,3.930569797066486,14941.5,Punta Arenas,Magallanes
8.15,43.3,5.6,17.9,-9.86,5.599999999999994,-53.16,3.930569797066486,9111.1,Punta Arenas,Magallanes
4.08,50.1,353.9,13.3,-3.059999999999995,-6.100000000000023,-53.16,3.930569797066486,4888.1,Punta Arenas,Magallanes
12.05,45.7,340.2,14.4,-7.459999999999994,-19.799999999999955,-53.16,3.930569797066486,13946.8,Punta Arenas,Magallanes
5.16,44.9,325.6,11.7,-8.259999999999998,-34.39999999999998,-53.16,3.930569797066486,5962.3,Punta Arenas,Magallanes
12.96,62.2,28.3,19.6,9.040000000000006,28.30000000000001,-53.16,3.930569797066486,13796.7,Punta Arenas,Magallanes
9.63,53.4,20.0,10.9,0.240000000000002,20.0,-53.16,3.930569797066486,11702.1,Punta Arenas,Magallanes
7.12,48.7,33.8,16.5,-4.459999999999994,33.80000000000001,-53.16,3.930569797066486,7852.1,Punta Arenas,Magallanes
9.23,49.0,9.9,17.1,-4.159999999999997,9.900000000000006,-53.16,3.930569797066486,10530.4,Punta Arenas,Magallanes
8.93,48.7,293.9,11.6,-4.459999999999994,-66.10000000000002,-53.16,3.930569797066486,9129.2,Punta Arenas,Magallanes
14.02,49.4,328.9,13.7,-3.759999999999998,-31.100000000000023,-53.16,3.930569797066486,16104.5,Punta Arenas,Magallanes
4.79,43.0,11.6,10.4,-10.159999999999997,11.599999999999994,-53.16,3.930569797066486,5810.6,Punta Arenas,Magallanes
14.07,51.1,350.8,15.6,-2.059999999999995,-9.200000000000045,-53.16,3.930569797066486,16370.4,Punta Arenas,Magallanes
2.41,50.3,346.0,19.9,-2.8599999999999994,-14.0,-53.16,3.930569797066486,2643.7,Punta Arenas,Magallanes
12.0,47.1,332.4,14.3,-6.059999999999995,-27.600000000000023,-53.16,3.930569797066486,13743.1,Punta Arenas,Magallanes
13.96,54.4,23.7,19.9,1.240000000000002,23.69999999999999,-53.16,3.930569797066486,15135.7,Punta Arenas,Magallanes
7.12,55.1,11.4,11.3,1.9400000000000048,11.400000000000006,-53.16,3.930569797066486,8698.0,Punta Arenas,Magallanes
2.95,48.7,12.5,13.9,-4.459999999999994,12.5,-53.16,3.930569797066486,3482.1,Punta Arenas,Magallanes
12.46,52.0,344.2,19.0,-1.1599999999999966,-15.799999999999955,-53.16,3.930569797066486,13827.3,Punta Arenas,Magallanes
12.96,70.0,4.4,18.8,16.840000000000003,4.400000000000006,-53.16,3.930569797066486,13930.2,Punta Arenas,Magallanes
6.37,70.0,326.6,13.2,16.840000000000003,-33.39999999999998,-53.16,3.930569797066486,7012.0,Punta Arenas,Magallanes
8.74,44.7,356.8,16.8,-8.459999999999994,-3.2000000000000455,-53.16,3.930569797066486,9953.2,Punta Arenas,Magallanes
12.52,45.8,296.8,18.9,-7.359999999999999,-63.19999999999999,-53.16,3.930569797066486,11878.5,Punta Arenas,Magallanes
4.5,44.7,320.8,17.7,-8.459999999999994,-39.19999999999999,-53.16,3.930569797066486,4773.3,Punta Arenas,Magallanes
10.18,61.6,351.9,16.3,8.440000000000005,-8.100000000000023,-53.16,3.930569797066486,11632.1,Punta Arenas,Magallanes
7.6,50.0,59.4,11.5,-3.1599999999999966,59.400000000000006,-53.16,3.930569797066486,8068.7,Punta Arenas,Magallanes
4.27,55.1,315.0,10.7,1.9400000000000048,-45.0,-53.16,3.930569797066486,4867.2,Punta Arenas,Magallanes
12.81,69.1,328.9,16.1,15.939999999999998,-31.100000000000023,-53.16,3.930569797066486,13766.0,Punta Arenas,Magallanes
6.22,53.1,5.4,15.0,-0.05999999999999517,5.400000000000006,-53.16,3.930569797066486,7308.6,Punta Arenas,Magallanes
14.15,58.8,44.2,12.4,5.640000000000001,44.19999999999999,-53.16,3.930569797066486,15813.9,Punta Arenas,Magallanes
9.4,57.3,5.1,12.9,4.140000000000001,5.099999999999994,-53.16,3.930569797066486,11280.5,Punta Arenas,Magallanes
8.69,48.5,17.6,13.9,-4.659999999999997,17.599999999999994,-53.16,3.930569797066486,10193.8,Punta Arenas,Magallanes
7.5,61.6,351.6,15.0,8.440000000000005,-8.399999999999977,-53.16,3.930569797066486,8709.7,Punta Arenas,Magallanes
7.21,46.4,347.2,13.9,-6.759999999999998,-12.799999999999955,-53.16,3.930569797066486,8475.2,Punta Arenas,Magallanes
12.63,63.9,2.1,13.9,10.740000000000002,2.0999999999999943,-53.16,3.930569797066486,14791.7,Punta Arenas,Magallanes
10.81,48.5,343.5,11.2,-4.659999999999997,-16.5,-53.16,3.930569797066486,13105.6,Punta Arenas,Magallanes
12.06,49.3,18.1,18.7,-3.8599999999999994,18.099999999999994,-53.16,3.930569797066486,13373.8,Punta Arenas,Magallanes
7.47,44.5,319.8,16.1,-8.659999999999997,-40.19999999999999,-53.16,3.930569797066486,8056.9,Punta Arenas,Magallanes
5.4,45.8,22.2,11.5,-7.359999999999999,22.19999999999999,-53.16,3.930569797066486,6436.1,Punta Arenas,Magallanes
3.13,49.7,1.0,14.2,-3.4599999999999937,1.0,-53.16,3.930569797066486,3706.9,Punta Arenas,Magallanes
12.1,33.7,354.6,14.2,-19.459999999999994,-5.399999999999977,-53.16,3.930569797066486,13532.7,Punta Arenas,Magallanes
7.4,51.3,318.9,16.0,-1.8599999999999994,-41.10000000000002,-53.16,3.930569797066486,8048.5,Punta Arenas,Magallanes
8.62,49.1,335.5,16.1,-4.059999999999995,-24.5,-53.16,3.930569797066486,9756.6,Punta Arenas,Magallanes
8.1,59.5,30.0,16.5,6.340000000000003,30.0,-53.16,3.930569797066486,8992.8,Punta Arenas,Magallanes
7.6,56.5,354.8,17.0,3.3400000000000034,-5.2000000000000455,-53.16,3.930569797066486,8712.3,Punta Arenas,Magallanes
10.89,47.5,7.0,11.0,-5.659999999999997,7.0,-53.16,3.930569797066486,13317.6,Punta Arenas,Magallanes
9.91,49.5,338.0,13.0,-3.6599999999999966,-22.0,-53.16,3.930569797066486,11685.2,Punta Arenas,Magallanes
14.64,51.3,359.3,10.2,-1.8599999999999994,-0.7000000000000455,-53.16,3.930569797066486,18183.3,Punta Arenas,Magallanes
3.81,65.0,325.7,14.5,11.840000000000003,-34.30000000000001,-53.16,3.930569797066486,4207.9,Punta Arenas,Magallanes
9.46,46.6,2.5,14.3,-6.559999999999995,2.5,-53.16,3.930569797066486,11137.8,Punta Arenas,Magallanes
2.82,47.4,9.3,17.3,-5.759999999999998,9.300000000000011,-53.16,3.930569797066486,3201.1,Punta Arenas,Magallanes
12.5,44.1,8.0,11.7,-9.059999999999995,8.0,-53.16,3.930569797066486,15055.8,Punta Arenas,Magallanes
10.01,41.3,337.4,16.3,-11.86,-22.600000000000023,-53.16,3.930569797066486,11127.0,Punta Arenas,Magallanes
7.57,55.6,351.4,13.1,2.440000000000005,-8.600000000000023,-53.16,3.930569797066486,9071.5,Punta Arenas,Magallanes
12.43,54.8,13.4,13.8,1.6400000000000006,13.400000000000006,-53.16,3.930569797066486,14714.8,Punta Arenas,Magallanes
7.92,63.4,354.7,17.2,10.240000000000002,-5.2999999999999545,-53.16,3.930569797066486,8915.0,Punta Arenas,Magallanes
4.96,61.5,352.8,10.7,8.340000000000003,-7.2000000000000455,-53.16,3.930569797066486,6053.0,Punta Arenas,Magallanes
8.14,70.0,47.6,13.4,16.840000000000003,47.599999999999994,-53.16,3.930569797066486,8542.7,Punta Arenas,Magallanes
2.92,52.6,336.2,13.9,-0.5599999999999952,-23.799999999999955,-53.16,3.930569797066486,3404.6,Punta Arenas,Magallanes
13.67,51.1,27.0,17.2,-2.059999999999995,27.0,-53.16,3.930569797066486,15229.8,Punta Arenas,Magallanes
11.5,42.8,331.1,12.0,-10.36,-28.899999999999977,-53.16,3.930569797066486,13343.0,Punta Arenas,Magallanes
11.88,58.7,16.4,19.5,5.540000000000006,16.400000000000006,-53.16,3.930569797066486,13045.7,Punta Arenas,Magallanes
13.37,54.1,17.7,20.0,0.9400000000000048,17.69999999999999,-53.16,3.930569797066486,14625.0,Punta Arenas,Magallanes
12.29,58.4,347.2,18.2,5.240000000000002,-12.799999999999955,-53.16,3.930569797066486,13770.5,Punta Arenas,Magallanes
7.61,44.0,329.6,13.0,-9.159999999999997,-30.399999999999977,-53.16,3.930569797066486,8733.7,Punta Arenas,Magallanes
3.54,56.0,310.7,16.6,2.8400000000000034,-49.30000000000001,-53.16,3.930569797066486,3709.9,Punta Arenas,Magallanes
6.85,54.8,344.6,10.8,1.6400000000000006,-15.399999999999977,-53.16,3.930569797066486,8377.3,Punta Arenas,Magallanes
14.14,54.3,13.2,18.7,1.1400000000000006,13.199999999999989,-53.16,3.930569797066486,15801.0,Punta Arenas,Magallanes
